ID_ACCIDENTE,ANYO,MES,DIA_SEMANA,HORA,COD_PROVINCIA,COD_MUNICIPIO,ZONA,ZONA_AGRUPADA,CARRETERA,KM,SENTIDO_1F,TITULARIDAD_VIA,TIPO_VIA,TIPO_ACCIDENTE,TOTAL_MU24H,TOTAL_HG24H,TOTAL_HL24H,TOTAL_VICTIMAS_24H,TOTAL_MU30DF,TOTAL_HG30DF,TOTAL_HL30DF,TOTAL_VICTIMAS_30DF,TOTAL_VEHICULOS,TOT_PEAT_MU24H,TOT_BICI_MU24H,TOT_CICLO_MU24H,TOT_MOTO_MU24H,TOT_TUR_MU24H,TOT_FURG_MU24H,TOT_CAM_MENOS3500_MU24H,TOT_CAM_MAS3500_MU24H,TOT_BUS_MU24H,TOT_OTRO_MU24H,TOT_SINESPECIF_MU24H,TOT_PEAT_MU30DF,TOT_BICI_MU30DF,TOT_CICLO_MU30DF,TOT_MOTO_MU30DF,TOT_TUR_MU30DF,TOT_FURG_MU30DF,TOT_CAM_MENOS3500_MU30DF,TOT_CAM_MAS3500_MU30DF,TOT_BUS_MU30DF,TOT_VMP_MU30DF,TOT_OTRO_MU30DF,TOT_SINESPECIF_MU30DF,NUDO,CONDICION_FIRME,CONDICION_ILUMINACION,CONDICION_METEO,CONDICION_NIEBLA,ACERA,TRAZADO_PLANTA,ZONA_KM,HAY_NIEBLA,TRAMO_HORA,gravedad_accidente,tramo_horario,zona_riesgo
732,2024,10,1,12,1,1059,3,2,No inventariada,0.0,4,4,14,2.0,0,0,1,1,0,0,1,1,2,0,0,0,0,0,0,0,0,0,0,0,0,0,0,0,0,0,0,0,0,0,0,0,2.0,3,1,4,0.0,998,998,,0,Mañana,Baja,Tarde,Bajo Riesgo
733,2024,10,3,15,1,1059,3,2,No inventariada,0.0,4,4,14,4.0,0,0,3,3,0,0,3,3,3,0,0,0,0,0,0,0,0,0,0,0,0,0,0,0,0,0,0,0,0,0,0,0,2.0,3,1,2,0.0,998,998,,0,Tarde,Media,Tarde,Bajo Riesgo
734,2024,10,7,20,1,1059,3,2,No inventariada,0.0,4,4,14,15.0,0,0,2,2,0,0,2,2,1,0,0,0,0,0,0,0,0,0,0,0,0,0,0,0,0,0,0,0,0,0,0,0,2.0,1,4,2,0.0,998,998,,0,Noche,Baja,Noche,Bajo Riesgo
735,2024,10,1,7,1,1059,3,2,No inventariada,0.0,4,4,14,16.0,0,0,2,2,0,0,2,2,2,0,0,0,0,0,0,0,0,0,0,0,0,0,0,0,0,0,0,0,0,0,0,0,1.0,1,4,2,0.0,998,998,,0,Mañana,Baja,Mañana,Bajo Riesgo
736,2024,10,4,17,1,1059,3,2,No inventariada,0.0,4,4,14,10.0,0,0,1,1,0,0,1,1,1,0,0,0,0,0,0,0,0,0,0,0,0,0,0,0,0,0,0,0,0,0,0,0,2.0,3,1,4,0.0,998,998,,0,Tarde,Baja,Tarde,Bajo Riesgo
737,2024,10,1,12,1,1059,3,2,No inventariada,0.0,4,4,14,1.0,0,0,1,1,0,0,1,1,1,0,0,0,0,0,0,0,0,0,0,0,0,0,0,0,0,0,0,0,0,0,0,0,2.0,3,1,3,0.0,998,998,,0,Mañana,Baja,Tarde,Bajo Riesgo
738,2024,12,1,12,1,1059,3,2,No inventariada,0.0,4,4,14,3.0,0,0,1,1,0,0,1,1,2,0,0,0,0,0,0,0,0,0,0,0,0,0,0,0,0,0,0,0,0,0,0,0,2.0,9,1,7,0.0,998,998,,0,Mañana,Baja,Tarde,Bajo Riesgo
739,2024,12,2,13,1,1059,3,2,No inventariada,0.0,4,4,14,7.0,0,0,1,1,0,0,1,1,1,0,0,0,0,0,0,0,0,0,0,0,0,0,0,0,0,0,0,0,0,0,0,0,2.0,1,1,1,0.0,4,998,,0,Tarde,Baja,Tarde,Bajo Riesgo
740,2024,10,2,18,1,1059,3,2,No inventariada,0.0,4,4,14,7.0,0,1,0,1,0,1,0,1,1,0,0,0,0,0,0,0,0,0,0,0,0,0,0,0,0,0,0,0,0,0,0,0,2.0,1,1,1,0.0,4,998,,0,Tarde,Baja,Noche,Bajo Riesgo
741,2024,10,2,14,1,1059,3,2,No inventariada,0.0,4,4,9,10.0,0,0,1,1,0,0,1,1,1,0,0,0,0,0,0,0,0,0,0,0,0,0,0,0,0,0,0,0,0,0,0,0,2.0,1,1,1,0.0,998,998,,0,Tarde,Baja,Tarde,Bajo Riesgo
742,2024,10,3,14,1,1059,3,2,No inventariada,0.0,4,4,14,2.0,0,0,1,1,0,0,1,1,2,0,0,0,0,0,0,0,0,0,0,0,0,0,0,0,0,0,0,0,0,0,0,0,2.0,1,1,1,0.0,998,998,,0,Tarde,Baja,Tarde,Bajo Riesgo
743,2024,12,4,2,1,1059,3,2,No inventariada,0.0,4,4,14,11.0,0,0,1,1,0,0,1,1,1,0,0,0,0,0,0,0,0,0,0,0,0,0,0,0,0,0,0,0,0,0,0,0,2.0,1,5,1,0.0,998,998,,0,Madrugada,Baja,Madrugada,Bajo Riesgo
744,2024,10,4,15,1,1059,3,2,No inventariada,0.0,4,4,14,16.0,0,0,1,1,0,0,1,1,2,0,0,0,0,0,0,0,0,0,0,0,0,0,0,0,0,0,0,0,0,0,0,0,2.0,3,1,3,0.0,998,998,,0,Tarde,Baja,Tarde,Bajo Riesgo
745,2024,10,4,10,1,1059,3,2,No inventariada,0.0,4,4,12,2.0,0,0,1,1,0,0,1,1,2,0,0,0,0,0,0,0,0,0,0,0,0,0,0,0,0,0,0,0,0,0,0,0,2.0,1,1,2,0.0,998,998,,0,Mañana,Baja,Mañana,Bajo Riesgo
746,2024,12,4,7,1,1059,3,2,No inventariada,0.0,4,4,9,7.0,0,0,1,1,0,0,1,1,1,0,0,0,0,0,0,0,0,0,0,0,0,0,0,0,0,0,0,0,0,0,0,0,2.0,9,1,1,0.0,4,998,,0,Mañana,Baja,Mañana,Bajo Riesgo
747,2024,10,4,13,1,1059,3,2,No inventariada,0.0,4,4,14,2.0,0,0,1,1,0,0,1,1,2,0,0,0,0,0,0,0,0,0,0,0,0,0,0,0,0,0,0,0,0,0,0,0,1.0,1,1,1,0.0,998,998,,0,Tarde,Baja,Tarde,Bajo Riesgo
748,2024,10,5,19,1,1059,3,2,No inventariada,0.0,4,4,9,10.0,0,0,1,1,0,0,1,1,1,0,0,0,0,0,0,0,0,0,0,0,0,0,0,0,0,0,0,0,0,0,0,0,2.0,1,4,1,0.0,998,998,,0,Noche,Baja,Noche,Bajo Riesgo
749,2024,10,5,20,1,1059,3,2,No inventariada,0.0,4,4,14,2.0,0,0,1,1,0,0,1,1,2,0,0,0,0,0,0,0,0,0,0,0,0,0,0,0,0,0,0,0,0,0,0,0,2.0,1,4,2,0.0,998,998,,0,Noche,Baja,Noche,Bajo Riesgo
750,2024,10,6,20,1,1059,3,2,No inventariada,0.0,4,4,14,2.0,0,0,1,1,0,0,1,1,2,0,0,0,0,0,0,0,0,0,0,0,0,0,0,0,0,0,0,0,0,0,0,0,1.0,1,4,2,0.0,998,998,,0,Noche,Baja,Noche,Bajo Riesgo
751,2024,10,7,8,1,1059,3,2,No inventariada,0.0,4,4,9,10.0,0,0,1,1,0,0,1,1,1,0,0,0,0,0,0,0,0,0,0,0,0,0,0,0,0,0,0,0,0,0,0,0,2.0,1,4,2,0.0,998,998,,0,Mañana,Baja,Mañana,Bajo Riesgo
752,2024,10,7,19,1,1059,3,2,No inventariada,0.0,4,4,9,7.0,0,1,0,1,0,1,0,1,1,0,0,0,0,0,0,0,0,0,0,0,0,0,0,0,0,0,0,0,0,0,0,0,2.0,3,4,4,0.0,4,998,,0,Noche,Baja,Noche,Bajo Riesgo
753,2024,10,1,23,1,1059,3,2,No inventariada,0.0,4,4,9,10.0,0,0,1,1,0,0,1,1,1,0,0,0,0,0,0,0,0,0,0,0,0,0,0,0,0,0,0,0,0,0,0,0,2.0,9,4,2,0.0,998,998,,0,Noche,Baja,Noche,Bajo Riesgo
754,2024,10,1,4,1,1059,3,2,No inventariada,0.0,4,4,14,10.0,0,0,1,1,0,0,1,1,1,0,0,0,0,0,0,0,0,0,0,0,0,0,0,0,0,0,0,0,0,0,0,0,2.0,1,4,2,0.0,998,998,,0,Madrugada,Baja,Madrugada,Bajo Riesgo
755,2024,12,4,21,1,1059,3,2,No inventariada,0.0,4,4,14,2.0,0,0,1,1,0,0,1,1,2,0,0,0,0,0,0,0,0,0,0,0,0,0,0,0,0,0,0,0,0,0,0,0,1.0,1,4,1,0.0,998,998,,0,Noche,Baja,Noche,Bajo Riesgo
756,2024,11,1,17,1,1059,3,2,No inventariada,0.0,4,4,14,3.0,0,0,2,2,0,0,2,2,2,0,0,0,0,0,0,0,0,0,0,0,0,0,0,0,0,0,0,0,0,0,0,0,1.0,1,1,2,0.0,998,998,,0,Tarde,Baja,Tarde,Bajo Riesgo
757,2024,11,3,15,1,1059,3,2,No inventariada,0.0,4,4,14,10.0,0,0,3,3,0,0,3,3,1,0,0,0,0,0,0,0,0,0,0,0,0,0,0,0,0,0,0,0,0,0,0,0,2.0,1,1,2,0.0,998,998,,0,Tarde,Media,Tarde,Bajo Riesgo
758,2024,12,5,15,1,1059,3,2,No inventariada,0.0,4,4,14,10.0,0,0,1,1,0,0,1,1,1,0,0,0,0,0,0,0,0,0,0,0,0,0,0,0,0,0,0,0,0,0,0,0,2.0,9,1,7,0.0,998,998,,0,Tarde,Baja,Tarde,Bajo Riesgo
759,2024,12,5,7,1,1059,3,2,No inventariada,0.0,1,4,9,2.0,0,0,1,1,0,0,1,1,2,0,0,0,0,0,0,0,0,0,0,0,0,0,0,0,0,0,0,0,0,0,0,0,2.0,9,3,1,0.0,998,998,,0,Mañana,Baja,Mañana,Bajo Riesgo
760,2024,11,1,14,1,1059,3,2,No inventariada,0.0,4,4,14,4.0,0,0,2,2,0,0,2,2,2,0,0,0,0,0,0,0,0,0,0,0,0,0,0,0,0,0,0,0,0,0,0,0,2.0,1,1,2,0.0,998,998,,0,Tarde,Baja,Tarde,Bajo Riesgo
761,2024,11,7,23,1,1059,3,2,No inventariada,0.0,4,4,14,4.0,0,0,2,2,0,0,2,2,2,0,0,0,0,0,0,0,0,0,0,0,0,0,0,0,0,0,0,0,0,0,0,0,2.0,1,4,2,0.0,998,998,,0,Noche,Baja,Noche,Bajo Riesgo
762,2024,11,1,15,1,1059,3,2,No inventariada,0.0,4,4,14,4.0,0,0,2,2,0,0,2,2,2,0,0,0,0,0,0,0,0,0,0,0,0,0,0,0,0,0,0,0,0,0,0,0,2.0,1,1,1,0.0,998,998,,0,Tarde,Baja,Tarde,Bajo Riesgo
763,2024,11,2,17,1,1059,3,2,No inventariada,0.0,4,4,14,2.0,0,0,2,2,0,0,2,2,3,0,0,0,0,0,0,0,0,0,0,0,0,0,0,0,0,0,0,0,0,0,0,0,1.0,1,1,2,0.0,998,998,,0,Tarde,Baja,Tarde,Bajo Riesgo
764,2024,12,5,16,1,1059,3,2,No inventariada,0.0,4,4,14,7.0,0,1,0,1,0,1,0,1,1,0,0,0,0,0,0,0,0,0,0,0,0,0,0,0,0,0,0,0,0,0,0,0,1.0,1,1,1,0.0,4,998,,0,Tarde,Baja,Tarde,Bajo Riesgo
765,2024,12,5,18,1,1059,3,2,No inventariada,0.0,1,4,9,2.0,0,0,1,1,0,0,1,1,2,0,0,0,0,0,0,0,0,0,0,0,0,0,0,0,0,0,0,0,0,0,0,0,2.0,9,1,1,0.0,998,998,,0,Tarde,Baja,Noche,Bajo Riesgo
766,2024,12,2,7,1,1059,3,2,No inventariada,0.0,1,4,14,2.0,0,0,2,2,0,0,2,2,2,0,0,0,0,0,0,0,0,0,0,0,0,0,0,0,0,0,0,0,0,0,0,0,1.0,1,4,2,0.0,998,998,,0,Mañana,Baja,Mañana,Bajo Riesgo
767,2024,12,7,16,1,1059,3,2,No inventariada,0.0,4,4,14,2.0,0,0,1,1,0,0,1,1,2,0,0,0,0,0,0,0,0,0,0,0,0,0,0,0,0,0,0,0,0,0,0,0,1.0,3,1,4,0.0,998,998,,0,Tarde,Baja,Tarde,Bajo Riesgo
768,2024,12,4,20,1,0,1,1,A-2602,57.0,2,3,6,2.0,0,0,3,3,0,0,3,3,2,0,0,0,0,0,0,0,0,0,0,0,0,0,0,0,0,0,0,0,0,0,0,0,2.0,1,6,2,0.0,998,2,Media,0,Noche,Media,Noche,Bajo Riesgo
769,2024,12,5,15,1,0,1,1,A-124,73.0,1,3,6,5.0,1,2,2,5,1,2,2,5,3,0,0,0,0,1,0,0,0,0,0,0,0,0,0,0,1,0,0,0,0,0,0,0,2.0,3,1,3,0.0,998,4,Media,0,Tarde,Alta,Tarde,Bajo Riesgo
770,2024,11,3,8,1,1059,3,2,No inventariada,0.0,4,4,14,2.0,0,0,10,10,0,0,10,10,2,0,0,0,0,0,0,0,0,0,0,0,0,0,0,0,0,0,0,0,0,0,0,0,1.0,1,4,2,0.0,998,998,,0,Mañana,Media,Mañana,Bajo Riesgo
771,2024,10,2,5,1,1059,3,2,No inventariada,0.0,4,4,12,2.0,0,0,1,1,0,0,1,1,2,0,0,0,0,0,0,0,0,0,0,0,0,0,0,0,0,0,0,0,0,0,0,0,2.0,1,4,2,0.0,998,998,,0,Madrugada,Baja,Madrugada,Bajo Riesgo
772,2024,10,2,15,1,1059,3,2,No inventariada,0.0,4,4,14,2.0,0,0,1,1,0,0,1,1,2,0,0,0,0,0,0,0,0,0,0,0,0,0,0,0,0,0,0,0,0,0,0,0,2.0,1,1,2,0.0,998,998,,0,Tarde,Baja,Tarde,Bajo Riesgo
773,2024,10,3,7,1,1059,3,2,No inventariada,0.0,4,4,14,2.0,0,0,1,1,0,0,1,1,2,0,0,0,0,0,0,0,0,0,0,0,0,0,0,0,0,0,0,0,0,0,0,0,1.0,1,4,2,0.0,998,998,,0,Mañana,Baja,Mañana,Bajo Riesgo
774,2024,10,3,12,1,1059,3,2,No inventariada,0.0,4,4,14,11.0,0,0,1,1,0,0,1,1,1,0,0,0,0,0,0,0,0,0,0,0,0,0,0,0,0,0,0,0,0,0,0,0,2.0,1,1,7,0.0,998,998,,0,Mañana,Baja,Tarde,Bajo Riesgo
775,2024,10,3,14,1,1059,3,2,No inventariada,0.0,4,4,14,4.0,0,0,1,1,0,0,1,1,2,0,0,0,0,0,0,0,0,0,0,0,0,0,0,0,0,0,0,0,0,0,0,0,2.0,1,1,7,0.0,998,998,,0,Tarde,Baja,Tarde,Bajo Riesgo
776,2024,10,4,16,1,1059,3,2,No inventariada,0.0,4,4,14,2.0,0,0,1,1,0,0,1,1,2,0,0,0,0,0,0,0,0,0,0,0,0,0,0,0,0,0,0,0,0,0,0,0,2.0,1,1,2,0.0,998,998,,0,Tarde,Baja,Tarde,Bajo Riesgo
777,2024,10,5,10,1,1059,3,2,No inventariada,0.0,4,4,14,7.0,0,1,0,1,0,1,0,1,1,0,0,0,0,0,0,0,0,0,0,0,0,0,0,0,0,0,0,0,0,0,0,0,2.0,1,1,1,0.0,4,998,,0,Mañana,Baja,Mañana,Bajo Riesgo
778,2024,10,5,17,1,1059,3,2,No inventariada,0.0,4,4,14,7.0,0,0,1,1,0,0,1,1,1,0,0,0,0,0,0,0,0,0,0,0,0,0,0,0,0,0,0,0,0,0,0,0,2.0,1,1,2,0.0,4,998,,0,Tarde,Baja,Tarde,Bajo Riesgo
779,2024,10,5,16,1,1059,3,2,No inventariada,0.0,4,4,12,2.0,0,0,1,1,0,0,1,1,2,0,0,0,0,0,0,0,0,0,0,0,0,0,0,0,0,0,0,0,0,0,0,0,1.0,1,1,2,0.0,998,998,,0,Tarde,Baja,Tarde,Bajo Riesgo
780,2024,10,6,19,1,1059,3,2,No inventariada,0.0,4,4,9,10.0,0,0,1,1,0,0,1,1,1,0,0,0,0,0,0,0,0,0,0,0,0,0,0,0,0,0,0,0,0,0,0,0,2.0,1,4,2,0.0,998,998,,0,Noche,Baja,Noche,Bajo Riesgo
781,2024,10,6,20,1,1059,3,2,No inventariada,0.0,4,4,14,10.0,0,0,1,1,0,0,1,1,1,0,0,0,0,0,0,0,0,0,0,0,0,0,0,0,0,0,0,0,0,0,0,0,2.0,1,1,2,0.0,998,998,,0,Noche,Baja,Noche,Bajo Riesgo
782,2024,12,7,18,1,1059,3,2,No inventariada,0.0,4,4,14,7.0,0,0,1,1,0,0,1,1,1,0,0,0,0,0,0,0,0,0,0,0,0,0,0,0,0,0,0,0,0,0,0,0,2.0,3,4,4,0.0,4,998,,0,Tarde,Baja,Noche,Bajo Riesgo
783,2024,10,2,15,1,1059,3,2,No inventariada,0.0,4,4,14,2.0,0,0,1,1,0,0,1,1,2,0,0,0,0,0,0,0,0,0,0,0,0,0,0,0,0,0,0,0,0,0,0,0,1.0,1,1,2,0.0,998,998,,0,Tarde,Baja,Tarde,Bajo Riesgo
784,2024,10,4,21,1,1059,3,2,No inventariada,0.0,4,4,14,12.0,0,0,1,1,0,0,1,1,2,0,0,0,0,0,0,0,0,0,0,0,0,0,0,0,0,0,0,0,0,0,0,0,2.0,3,4,4,0.0,998,998,,0,Noche,Baja,Noche,Bajo Riesgo
785,2024,10,4,8,1,1059,3,2,No inventariada,0.0,4,4,14,7.0,0,0,1,1,0,0,1,1,1,0,0,0,0,0,0,0,0,0,0,0,0,0,0,0,0,0,0,0,0,0,0,0,2.0,3,4,3,0.0,4,998,,0,Mañana,Baja,Mañana,Bajo Riesgo
786,2024,10,5,15,1,1059,3,2,No inventariada,0.0,4,4,14,4.0,0,0,1,1,0,0,1,1,2,0,0,0,0,0,0,0,0,0,0,0,0,0,0,0,0,0,0,0,0,0,0,0,2.0,1,1,2,0.0,998,998,,0,Tarde,Baja,Tarde,Bajo Riesgo
787,2024,10,1,16,1,1059,3,2,No inventariada,0.0,4,4,9,2.0,0,0,1,1,0,0,1,1,2,0,0,0,0,0,0,0,0,0,0,0,0,0,0,0,0,0,0,0,0,0,0,0,1.0,3,1,2,0.0,998,998,,0,Tarde,Baja,Tarde,Bajo Riesgo
788,2024,10,1,12,1,1059,3,2,No inventariada,0.0,4,4,12,10.0,0,1,0,1,0,1,0,1,1,0,0,0,0,0,0,0,0,0,0,0,0,0,0,0,0,0,0,0,0,0,0,0,2.0,1,1,2,0.0,998,998,,0,Mañana,Baja,Tarde,Bajo Riesgo
789,2024,12,2,10,1,1059,3,2,No inventariada,0.0,4,4,9,10.0,0,0,1,1,0,0,1,1,1,0,0,0,0,0,0,0,0,0,0,0,0,0,0,0,0,0,0,0,0,0,0,0,1.0,3,1,1,0.0,998,998,,0,Mañana,Baja,Mañana,Bajo Riesgo
790,2024,10,4,5,1,1059,3,2,No inventariada,0.0,4,4,14,2.0,0,0,1,1,0,0,1,1,2,0,0,0,0,0,0,0,0,0,0,0,0,0,0,0,0,0,0,0,0,0,0,0,1.0,1,4,2,0.0,998,998,,0,Madrugada,Baja,Madrugada,Bajo Riesgo
791,2024,12,2,12,1,1059,3,2,No inventariada,0.0,4,4,14,7.0,0,0,1,1,0,0,1,1,1,0,0,0,0,0,0,0,0,0,0,0,0,0,0,0,0,0,0,0,0,0,0,0,2.0,3,1,3,0.0,4,998,,0,Mañana,Baja,Tarde,Bajo Riesgo
792,2024,10,4,13,1,1059,3,2,No inventariada,0.0,4,4,9,10.0,0,0,1,1,0,0,1,1,1,0,0,0,0,0,0,0,0,0,0,0,0,0,0,0,0,0,0,0,0,0,0,0,2.0,1,1,1,0.0,998,998,,0,Tarde,Baja,Tarde,Bajo Riesgo
793,2024,10,5,8,1,1059,3,2,No inventariada,0.0,4,4,9,10.0,0,0,1,1,0,0,1,1,1,0,0,0,0,0,0,0,0,0,0,0,0,0,0,0,0,0,0,0,0,0,0,0,2.0,3,4,2,0.0,998,998,,0,Mañana,Baja,Mañana,Bajo Riesgo
794,2024,10,5,8,1,1059,3,2,No inventariada,0.0,1,4,14,7.0,0,0,1,1,0,0,1,1,1,0,0,0,0,0,0,0,0,0,0,0,0,0,0,0,0,0,0,0,0,0,0,0,2.0,3,4,4,0.0,4,998,,0,Mañana,Baja,Mañana,Bajo Riesgo
795,2024,10,6,16,1,1059,3,2,No inventariada,0.0,4,4,14,10.0,0,0,1,1,0,0,1,1,1,0,0,0,0,0,0,0,0,0,0,0,0,0,0,0,0,0,0,0,0,0,0,0,2.0,1,1,2,0.0,998,998,,0,Tarde,Baja,Tarde,Bajo Riesgo
796,2024,10,6,21,1,1059,3,2,No inventariada,0.0,4,4,14,4.0,0,0,1,1,0,0,1,1,2,0,0,0,0,0,0,0,0,0,0,0,0,0,0,0,0,0,0,0,0,0,0,0,2.0,3,4,3,0.0,998,998,,0,Noche,Baja,Noche,Bajo Riesgo
797,2024,10,1,16,1,1059,3,2,No inventariada,0.0,4,4,14,2.0,0,0,1,1,0,0,1,1,2,0,0,0,0,0,0,0,0,0,0,0,0,0,0,0,0,0,0,0,0,0,0,0,2.0,1,1,1,0.0,998,998,,0,Tarde,Baja,Tarde,Bajo Riesgo
798,2024,12,3,16,1,1059,3,2,No inventariada,0.0,4,4,9,2.0,0,0,1,1,0,0,1,1,2,0,0,0,0,0,0,0,0,0,0,0,0,0,0,0,0,0,0,0,0,0,0,0,1.0,9,2,1,0.0,998,998,,0,Tarde,Baja,Tarde,Bajo Riesgo
799,2024,10,2,7,1,1059,3,2,No inventariada,0.0,4,4,14,2.0,0,0,1,1,0,0,1,1,2,0,0,0,0,0,0,0,0,0,0,0,0,0,0,0,0,0,0,0,0,0,0,0,1.0,3,1,7,1.0,998,998,,1,Mañana,Baja,Mañana,Bajo Riesgo
800,2024,10,3,7,1,1059,3,2,N-622,0.0,4,4,14,4.0,0,0,1,1,0,0,1,1,2,0,0,0,0,0,0,0,0,0,0,0,0,0,0,0,0,0,0,0,0,0,0,0,2.0,3,1,3,0.0,998,998,,0,Mañana,Baja,Mañana,Bajo Riesgo
801,2024,11,5,22,1,1059,3,2,No inventariada,0.0,4,4,14,3.0,0,0,1,1,0,0,1,1,2,0,0,0,0,0,0,0,0,0,0,0,0,0,0,0,0,0,0,0,0,0,0,0,2.0,1,4,2,0.0,998,998,,0,Noche,Baja,Noche,Bajo Riesgo
802,2024,11,6,21,1,1059,3,2,No inventariada,0.0,4,4,14,16.0,0,0,2,2,0,0,2,2,1,0,0,0,0,0,0,0,0,0,0,0,0,0,0,0,0,0,0,0,0,0,0,0,2.0,1,4,2,0.0,4,998,,0,Noche,Baja,Noche,Bajo Riesgo
803,2024,11,1,5,1,1059,3,2,No inventariada,0.0,4,4,14,2.0,0,0,1,1,0,0,1,1,2,0,0,0,0,0,0,0,0,0,0,0,0,0,0,0,0,0,0,0,0,0,0,0,1.0,1,4,2,0.0,998,998,,0,Madrugada,Baja,Madrugada,Bajo Riesgo
804,2024,12,3,20,1,1059,3,2,No inventariada,0.0,3,4,14,2.0,0,0,6,6,0,0,6,6,2,0,0,0,0,0,0,0,0,0,0,0,0,0,0,0,0,0,0,0,0,0,0,0,1.0,1,4,1,0.0,998,998,,0,Noche,Media,Noche,Bajo Riesgo
805,2024,11,1,19,1,1059,3,2,No inventariada,0.0,4,4,11,2.0,0,0,1,1,0,0,1,1,2,0,0,0,0,0,0,0,0,0,0,0,0,0,0,0,0,0,0,0,0,0,0,0,2.0,1,4,1,0.0,998,998,,0,Noche,Baja,Noche,Bajo Riesgo
806,2024,11,1,21,1,1059,3,2,No inventariada,0.0,4,4,14,2.0,0,0,1,1,0,0,1,1,2,0,0,0,0,0,0,0,0,0,0,0,0,0,0,0,0,0,0,0,0,0,0,0,2.0,1,4,2,0.0,998,998,,0,Noche,Baja,Noche,Bajo Riesgo
807,2024,11,2,10,1,1059,3,2,No inventariada,0.0,4,4,14,12.0,0,0,1,1,0,0,1,1,2,0,0,0,0,0,0,0,0,0,0,0,0,0,0,0,0,0,0,0,0,0,0,0,2.0,1,1,1,0.0,998,998,,0,Mañana,Baja,Mañana,Bajo Riesgo
808,2024,11,2,17,1,1059,3,2,No inventariada,0.0,4,4,14,4.0,0,1,0,1,0,1,0,1,2,0,0,0,0,0,0,0,0,0,0,0,0,0,0,0,0,0,0,0,0,0,0,0,2.0,1,1,1,0.0,998,998,,0,Tarde,Baja,Tarde,Bajo Riesgo
809,2024,11,3,10,1,1059,3,2,No inventariada,0.0,1,4,14,10.0,0,0,1,1,0,0,1,1,1,0,0,0,0,0,0,0,0,0,0,0,0,0,0,0,0,0,0,0,0,0,0,0,2.0,3,1,1,0.0,998,998,,0,Mañana,Baja,Mañana,Bajo Riesgo
810,2024,11,5,15,1,1059,3,2,No inventariada,0.0,1,4,14,10.0,0,0,1,1,0,0,1,1,1,0,0,0,0,0,0,0,0,0,0,0,0,0,0,0,0,0,0,0,0,0,0,0,2.0,1,1,2,0.0,998,998,,0,Tarde,Baja,Tarde,Bajo Riesgo
811,2024,11,5,19,1,1059,3,2,No inventariada,0.0,4,4,14,2.0,0,0,1,1,0,0,1,1,2,0,0,0,0,0,0,0,0,0,0,0,0,0,0,0,0,0,0,0,0,0,0,0,1.0,1,4,2,0.0,998,998,,0,Noche,Baja,Noche,Bajo Riesgo
812,2024,11,1,14,1,1059,3,2,No inventariada,0.0,4,4,9,4.0,0,0,1,1,0,0,1,1,2,0,0,0,0,0,0,0,0,0,0,0,0,0,0,0,0,0,0,0,0,0,0,0,2.0,1,1,2,0.0,998,998,,0,Tarde,Baja,Tarde,Bajo Riesgo
813,2024,11,1,10,1,1059,3,2,No inventariada,0.0,4,4,14,4.0,0,0,1,1,0,0,1,1,2,0,0,0,0,0,0,0,0,0,0,0,0,0,0,0,0,0,0,0,0,0,0,0,2.0,1,1,1,0.0,998,998,,0,Mañana,Baja,Mañana,Bajo Riesgo
814,2024,11,5,19,1,1059,3,2,No inventariada,0.0,4,4,14,10.0,0,0,1,1,0,0,1,1,1,0,0,0,0,0,0,0,0,0,0,0,0,0,0,0,0,0,0,0,0,0,0,0,2.0,1,4,2,0.0,998,998,,0,Noche,Baja,Noche,Bajo Riesgo
815,2024,11,6,12,1,1059,3,2,No inventariada,0.0,4,4,9,10.0,0,1,0,1,0,1,0,1,1,0,0,0,0,0,0,0,0,0,0,0,0,0,0,0,0,0,0,0,0,0,0,0,2.0,1,1,1,0.0,998,998,,0,Mañana,Baja,Tarde,Bajo Riesgo
816,2024,11,6,19,1,1059,3,2,No inventariada,0.0,4,4,14,7.0,0,0,1,1,0,0,1,1,1,0,0,0,0,0,0,0,0,0,0,0,0,0,0,0,0,0,0,0,0,0,0,0,2.0,1,4,2,0.0,4,998,,0,Noche,Baja,Noche,Bajo Riesgo
817,2024,11,1,21,1,1059,3,2,No inventariada,0.0,4,4,9,10.0,0,0,1,1,0,0,1,1,1,0,0,0,0,0,0,0,0,0,0,0,0,0,0,0,0,0,0,0,0,0,0,0,2.0,1,4,2,0.0,998,998,,0,Noche,Baja,Noche,Bajo Riesgo
818,2024,11,7,5,1,1059,3,2,No inventariada,0.0,4,4,14,2.0,0,0,1,1,0,0,1,1,2,0,0,0,0,0,0,0,0,0,0,0,0,0,0,0,0,0,0,0,0,0,0,0,1.0,1,4,2,0.0,998,998,,0,Madrugada,Baja,Madrugada,Bajo Riesgo
819,2024,11,7,20,1,1059,3,2,No inventariada,0.0,4,4,14,2.0,0,0,1,1,0,0,1,1,2,0,0,0,0,0,0,0,0,0,0,0,0,0,0,0,0,0,0,0,0,0,0,0,2.0,3,4,3,0.0,998,998,,0,Noche,Baja,Noche,Bajo Riesgo
820,2024,12,6,8,1,1059,3,2,No inventariada,0.0,4,4,12,1.0,0,0,1,1,0,0,1,1,2,0,0,0,0,0,0,0,0,0,0,0,0,0,0,0,0,0,0,0,0,0,0,0,2.0,1,1,1,0.0,998,998,,0,Mañana,Baja,Mañana,Bajo Riesgo