ID_ACCIDENTE,ANYO,MES,DIA_SEMANA,HORA,COD_PROVINCIA,COD_MUNICIPIO,ZONA,ZONA_AGRUPADA,CARRETERA,KM,SENTIDO_1F,TITULARIDAD_VIA,TIPO_VIA,TIPO_ACCIDENTE,TOTAL_MU24H,TOTAL_HG24H,TOTAL_HL24H,TOTAL_VICTIMAS_24H,TOTAL_MU30DF,TOTAL_HG30DF,TOTAL_HL30DF,TOTAL_VICTIMAS_30DF,TOTAL_VEHICULOS,TOT_PEAT_MU24H,TOT_BICI_MU24H,TOT_CICLO_MU24H,TOT_MOTO_MU24H,TOT_TUR_MU24H,TOT_FURG_MU24H,TOT_CAM_MENOS3500_MU24H,TOT_CAM_MAS3500_MU24H,TOT_BUS_MU24H,TOT_OTRO_MU24H,TOT_SINESPECIF_MU24H,TOT_PEAT_MU30DF,TOT_BICI_MU30DF,TOT_CICLO_MU30DF,TOT_MOTO_MU30DF,TOT_TUR_MU30DF,TOT_FURG_MU30DF,TOT_CAM_MENOS3500_MU30DF,TOT_CAM_MAS3500_MU30DF,TOT_BUS_MU30DF,TOT_VMP_MU30DF,TOT_OTRO_MU30DF,TOT_SINESPECIF_MU30DF,NUDO,CONDICION_FIRME,CONDICION_ILUMINACION,CONDICION_METEO,CONDICION_NIEBLA,ACERA,TRAZADO_PLANTA,ZONA_KM,HAY_NIEBLA,TRAMO_HORA,gravedad_accidente,tramo_horario,zona_riesgo
6598,2024,11,5,14,4,4902,1,1,AL-3307,12.6,1,3,6,2.0,0,0,1,1,0,0,1,1,2,0,0,0,0,0,0,0,0,0,0,0,0,0,0,0,0,0,0,0,0,0,0,0,1.0,1,1,1,0.0,998,1,Baja,0,Tarde,Baja,Tarde,Bajo Riesgo
6599,2024,11,1,13,4,4902,1,1,AL-3303,3.95,1,3,6,2.0,0,0,2,2,0,0,2,2,2,0,0,0,0,0,0,0,0,0,0,0,0,0,0,0,0,0,0,0,0,0,0,0,2.0,1,1,1,0.0,998,1,Baja,0,Tarde,Baja,Tarde,Bajo Riesgo
6600,2024,11,3,19,4,4902,1,1,CEJ-18,0.3,1,4,10,2.0,0,0,1,1,0,0,1,1,2,0,0,0,0,0,0,0,0,0,0,0,0,0,0,0,0,0,0,0,0,0,0,0,2.0,1,4,1,0.0,998,2,Baja,0,Noche,Baja,Noche,Bajo Riesgo
6601,2024,11,3,14,4,4079,1,1,AL-3300,2.45,2,3,6,2.0,0,0,2,2,0,0,2,2,2,0,0,0,0,0,0,0,0,0,0,0,0,0,0,0,0,0,0,0,0,0,0,0,1.0,1,1,1,0.0,998,1,Baja,0,Tarde,Baja,Tarde,Bajo Riesgo
6602,2024,11,5,7,4,4902,1,1,A-7,820.0,1,1,3,2.0,0,0,1,1,0,0,1,1,2,0,0,0,0,0,0,0,0,0,0,0,0,0,0,0,0,0,0,0,0,0,0,0,1.0,1,3,1,0.0,998,2,Muy Alta,0,Mañana,Baja,Mañana,Bajo Riesgo
6603,2024,12,3,7,4,4902,1,1,AL-4300,0.534,1,3,6,2.0,0,0,1,1,0,0,1,1,2,0,0,0,0,0,0,0,0,0,0,0,0,0,0,0,0,0,0,0,0,0,0,0,1.0,1,6,1,0.0,998,1,Baja,0,Mañana,Baja,Mañana,Bajo Riesgo
6604,2024,12,5,14,4,4902,1,1,A-7,826.752,1,1,3,4.0,0,0,3,3,0,0,3,3,2,0,0,0,0,0,0,0,0,0,0,0,0,0,0,0,0,0,0,0,0,0,0,0,2.0,1,1,1,0.0,998,1,Muy Alta,0,Tarde,Media,Tarde,Bajo Riesgo
6605,2024,12,6,23,4,4902,1,1,N-340a,401.5,1,1,6,7.0,1,0,0,1,1,0,0,1,1,1,0,0,0,0,0,0,0,0,0,0,1,0,0,0,0,0,0,0,0,0,0,0,2.0,1,6,1,0.0,1,2,Muy Alta,0,Noche,Alta,Noche,Bajo Riesgo
6606,2024,12,2,14,4,4902,1,1,CEJ-20,2.5,1,4,10,2.0,0,0,1,1,0,0,1,1,2,0,0,0,0,0,0,0,0,0,0,0,0,0,0,0,0,0,0,0,0,0,0,0,1.0,1,1,1,0.0,998,3,Baja,0,Tarde,Baja,Tarde,Bajo Riesgo
6607,2024,12,6,21,4,4902,1,1,CEJ-8,0.9,1,4,10,4.0,0,0,4,4,0,0,4,4,2,0,0,0,0,0,0,0,0,0,0,0,0,0,0,0,0,0,0,0,0,0,0,0,1.0,1,6,1,0.0,998,1,Baja,0,Noche,Media,Noche,Bajo Riesgo
6608,2024,12,5,14,4,4902,1,1,A-7,814.0,1,1,8,2.0,0,0,2,2,0,0,2,2,2,0,0,0,0,0,0,0,0,0,0,0,0,0,0,0,0,0,0,0,0,0,0,0,1.0,1,1,1,0.0,998,2,Muy Alta,0,Tarde,Baja,Tarde,Bajo Riesgo
6609,2024,12,2,15,4,4902,1,1,AL-3303,1.362,1,3,6,18.0,0,0,1,1,0,0,1,1,1,0,0,0,0,0,0,0,0,0,0,0,0,0,0,0,0,0,0,0,0,0,0,0,2.0,3,1,3,0.0,998,1,Baja,0,Tarde,Baja,Tarde,Bajo Riesgo
6610,2024,1,5,11,4,4903,1,1,A-7,809.05,1,1,3,6.0,0,0,1,1,0,0,1,1,1,0,0,0,0,0,0,0,0,0,0,0,0,0,0,0,0,0,0,0,0,0,0,0,2.0,1,1,1,0.0,998,1,Muy Alta,0,Mañana,Baja,Mañana,Bajo Riesgo
6611,2024,1,5,10,4,4903,1,1,A-7,809.05,1,1,3,12.0,0,0,1,1,0,0,1,1,2,0,0,0,0,0,0,0,0,0,0,0,0,0,0,0,0,0,0,0,0,0,0,0,2.0,1,1,1,0.0,998,1,Muy Alta,0,Mañana,Baja,Mañana,Bajo Riesgo
6612,2024,2,3,19,4,4903,1,1,A-7,808.89,2,1,7,7.0,0,0,1,1,0,0,1,1,1,0,0,0,0,0,0,0,0,0,0,0,0,0,0,0,0,0,0,0,0,0,0,0,2.0,1,6,1,0.0,1,1,Muy Alta,0,Noche,Baja,Noche,Bajo Riesgo
6613,2024,2,1,8,4,4903,1,1,N-340a,419.9,3,1,6,2.0,0,0,1,1,0,0,1,1,2,0,0,0,0,0,0,0,0,0,0,0,0,0,0,0,0,0,0,0,0,0,0,0,1.0,1,1,1,0.0,998,1,Muy Alta,0,Mañana,Baja,Mañana,Bajo Riesgo
6614,2024,2,7,14,4,4903,1,1,AL-3302,1.294,3,3,6,1.0,0,0,4,4,0,0,4,4,2,0,0,0,0,0,0,0,0,0,0,0,0,0,0,0,0,0,0,0,0,0,0,0,2.0,1,1,1,0.0,998,1,Baja,0,Tarde,Media,Tarde,Bajo Riesgo
6615,2024,2,5,21,4,4903,1,1,AL-3307,7.066,1,3,6,2.0,0,0,1,1,0,0,1,1,2,0,0,0,0,0,0,0,0,0,0,0,0,0,0,0,0,0,0,0,0,0,0,0,1.0,1,4,1,0.0,998,1,Baja,0,Noche,Baja,Noche,Bajo Riesgo
6616,2024,3,5,14,4,4903,1,1,A-7,810.784,1,1,7,18.0,0,0,1,1,0,0,1,1,1,0,0,0,0,0,0,0,0,0,0,0,0,0,0,0,0,0,0,0,0,0,0,0,2.0,1,1,1,0.0,998,1,Muy Alta,0,Tarde,Baja,Tarde,Bajo Riesgo
6617,2024,4,6,17,4,4903,1,1,AL-3302,2.5,1,3,6,4.0,0,0,1,1,0,0,1,1,2,0,0,0,0,0,0,0,0,0,0,0,0,0,0,0,0,0,0,0,0,0,0,0,2.0,1,1,1,0.0,998,1,Baja,0,Tarde,Baja,Tarde,Bajo Riesgo
6618,2024,4,5,7,4,4903,1,1,CEJ-0,0.3,1,4,10,2.0,0,0,1,1,0,0,1,1,2,0,0,0,0,0,0,0,0,0,0,0,0,0,0,0,0,0,0,0,0,0,0,0,1.0,1,1,1,0.0,998,1,Baja,0,Mañana,Baja,Mañana,Bajo Riesgo
6619,2024,5,5,7,4,4903,1,1,A-7,810.233,3,1,7,2.0,0,0,2,2,0,0,2,2,3,0,0,0,0,0,0,0,0,0,0,0,0,0,0,0,0,0,0,0,0,0,0,0,1.0,1,1,1,0.0,998,1,Muy Alta,0,Mañana,Baja,Mañana,Bajo Riesgo
6620,2024,1,7,19,4,4903,2,2,A-1050,9.4,1,2,6,4.0,0,0,2,2,0,0,2,2,2,0,0,0,0,0,0,0,0,0,0,0,0,0,0,0,0,0,0,0,0,0,0,0,1.0,1,4,1,0.0,998,1,Baja,0,Noche,Baja,Noche,Bajo Riesgo
6621,2024,4,3,12,4,4903,2,2,A-1050,9.0,1,2,6,7.0,0,0,1,1,0,0,1,1,1,0,0,0,0,0,0,0,0,0,0,0,0,0,0,0,0,0,0,0,0,0,0,0,2.0,1,1,1,0.0,4,1,Baja,0,Mañana,Baja,Tarde,Bajo Riesgo
6622,2024,5,6,13,4,4903,3,2,No inventariada,13.6,4,4,11,2.0,0,0,1,1,0,0,1,1,2,0,0,0,0,0,0,0,0,0,0,0,0,0,0,0,0,0,0,0,0,0,0,0,1.0,1,1,1,0.0,998,998,Baja,0,Tarde,Baja,Tarde,Bajo Riesgo
6623,2024,5,6,7,4,4102,1,1,CEJ-13,0.2,2,4,10,4.0,0,0,1,1,0,0,1,1,2,0,0,0,0,0,0,0,0,0,0,0,0,0,0,0,0,0,0,0,0,0,0,0,2.0,1,2,1,0.0,998,1,Baja,0,Mañana,Baja,Mañana,Bajo Riesgo
6624,2024,5,6,13,4,4903,1,1,CEJ-0,11.0,3,4,10,2.0,0,0,4,4,0,0,4,4,2,0,0,0,0,0,0,0,0,0,0,0,0,0,0,0,0,0,0,0,0,0,0,0,1.0,1,1,1,0.0,998,1,Baja,0,Tarde,Media,Tarde,Bajo Riesgo
6625,2024,5,3,14,4,4903,1,1,A-7,810.526,2,1,3,4.0,0,1,0,1,0,1,0,1,2,0,0,0,0,0,0,0,0,0,0,0,0,0,0,0,0,0,0,0,0,0,0,0,2.0,1,1,1,0.0,998,1,Muy Alta,0,Tarde,Baja,Tarde,Bajo Riesgo
6626,2024,6,2,14,4,4903,1,1,A-1050,8.0,1,2,6,2.0,0,0,1,1,0,0,1,1,2,0,0,0,0,0,0,0,0,0,0,0,0,0,0,0,0,0,0,0,0,0,0,0,1.0,1,1,1,0.0,998,1,Baja,0,Tarde,Baja,Tarde,Bajo Riesgo
6627,2024,6,4,13,4,4903,1,1,AL-3302,2.0,1,3,6,10.0,0,0,2,2,0,0,2,2,1,0,0,0,0,0,0,0,0,0,0,0,0,0,0,0,0,0,0,0,0,0,0,0,2.0,1,1,1,0.0,998,1,Baja,0,Tarde,Baja,Tarde,Bajo Riesgo
6628,2024,6,4,14,4,4903,1,1,AL-3307,7.8,2,3,6,4.0,0,0,1,1,0,0,1,1,1,0,0,0,0,0,0,0,0,0,0,0,0,0,0,0,0,0,0,0,0,0,0,0,2.0,1,1,1,0.0,998,1,Baja,0,Tarde,Baja,Tarde,Bajo Riesgo
6629,2024,6,6,12,4,4903,1,1,CEJ-13,5.3,2,4,10,2.0,0,0,1,1,0,0,1,1,2,0,0,0,0,0,0,0,0,0,0,0,0,0,0,0,0,0,0,0,0,0,0,0,1.0,1,1,1,0.0,998,1,Baja,0,Mañana,Baja,Tarde,Bajo Riesgo
6630,2024,6,5,20,4,4903,3,2,No inventariada,13.6,4,4,9,7.0,0,0,1,1,0,0,1,1,1,0,0,0,0,0,0,0,0,0,0,0,0,0,0,0,0,0,0,0,0,0,0,0,2.0,1,2,1,0.0,4,998,Baja,0,Noche,Baja,Noche,Bajo Riesgo
6631,2024,7,5,10,4,4903,1,1,CEJ-11,0.5,2,4,10,2.0,0,0,1,1,0,0,1,1,2,0,0,0,0,0,0,0,0,0,0,0,0,0,0,0,0,0,0,0,0,0,0,0,1.0,1,6,1,0.0,998,1,Baja,0,Mañana,Baja,Mañana,Bajo Riesgo
6632,2024,8,3,12,4,4903,1,1,CEJ-11,11.5,1,4,10,3.0,0,0,1,1,0,0,1,1,2,0,0,0,0,0,0,0,0,0,0,0,0,0,0,0,0,0,0,0,0,0,0,0,1.0,1,1,1,0.0,998,1,Baja,0,Mañana,Baja,Tarde,Bajo Riesgo
6633,2024,8,4,23,4,4903,2,2,A-1050,9.275,1,2,6,2.0,0,0,1,1,0,0,1,1,2,0,0,0,0,0,0,0,0,0,0,0,0,0,0,0,0,0,0,0,0,0,0,0,1.0,1,4,1,0.0,998,1,Baja,0,Noche,Baja,Noche,Bajo Riesgo
6634,2024,8,3,7,4,4903,1,1,CEJ-0,0.6,1,4,10,3.0,0,0,1,1,0,0,1,1,2,0,0,0,0,0,0,0,0,0,0,0,0,0,0,0,0,0,0,0,0,0,0,0,1.0,1,2,1,0.0,998,1,Baja,0,Mañana,Baja,Mañana,Bajo Riesgo
6635,2024,8,2,6,4,4903,1,1,A-1050,7.533,1,2,6,7.0,0,1,0,1,0,1,0,1,1,0,0,0,0,0,0,0,0,0,0,0,0,0,0,0,0,0,0,0,0,0,0,0,2.0,1,2,1,0.0,1,1,Baja,0,Madrugada,Baja,Mañana,Bajo Riesgo
6636,2024,4,2,13,4,4903,3,2,No inventariada,13.6,4,2,9,4.0,0,0,1,1,0,0,1,1,2,0,0,0,0,0,0,0,0,0,0,0,0,0,0,0,0,0,0,0,0,0,0,0,2.0,1,1,1,0.0,998,998,Baja,0,Tarde,Baja,Tarde,Bajo Riesgo
6637,2024,4,3,9,4,4903,3,2,No inventariada,13.6,4,4,9,7.0,0,0,1,1,0,0,1,1,1,0,0,0,0,0,0,0,0,0,0,0,0,0,0,0,0,0,0,0,0,0,0,0,1.0,1,1,1,0.0,4,998,Baja,0,Mañana,Baja,Mañana,Bajo Riesgo
6638,2024,4,3,20,4,4903,3,2,No inventariada,13.6,4,2,9,2.0,0,0,1,1,0,0,1,1,2,0,0,0,0,0,0,0,0,0,0,0,0,0,0,0,0,0,0,0,0,0,0,0,1.0,1,3,1,0.0,998,998,Baja,0,Noche,Baja,Noche,Bajo Riesgo
6639,2024,4,6,17,4,4903,3,2,No inventariada,13.6,4,2,9,4.0,0,0,1,1,0,0,1,1,2,0,0,0,0,0,0,0,0,0,0,0,0,0,0,0,0,0,0,0,0,0,0,0,1.0,1,1,1,0.0,998,998,Baja,0,Tarde,Baja,Tarde,Bajo Riesgo
6640,2024,6,6,15,4,4903,3,2,No inventariada,13.6,4,2,9,2.0,0,0,1,1,0,0,1,1,2,0,0,0,0,0,0,0,0,0,0,0,0,0,0,0,0,0,0,0,0,0,0,0,2.0,1,1,1,0.0,998,998,Baja,0,Tarde,Baja,Tarde,Bajo Riesgo
6641,2024,6,4,20,4,4903,3,2,No inventariada,13.6,4,4,14,4.0,0,0,1,1,0,0,1,1,2,0,0,0,0,0,0,0,0,0,0,0,0,0,0,0,0,0,0,0,0,0,0,0,2.0,1,1,1,0.0,998,998,Baja,0,Noche,Baja,Noche,Bajo Riesgo
6642,2024,9,3,13,4,4903,1,1,A-7,809.0,2,1,3,4.0,0,0,1,1,0,0,1,1,2,0,0,0,0,0,0,0,0,0,0,0,0,0,0,0,0,0,0,0,0,0,0,0,2.0,1,1,1,0.0,998,1,Muy Alta,0,Tarde,Baja,Tarde,Bajo Riesgo
6643,2024,9,3,17,4,4903,1,1,A-1050,7.743,2,2,6,2.0,0,0,1,1,0,0,1,1,2,0,0,0,0,0,0,0,0,0,0,0,0,0,0,0,0,0,0,0,0,0,0,0,2.0,1,1,1,0.0,998,1,Baja,0,Tarde,Baja,Tarde,Bajo Riesgo
6644,2024,7,2,8,4,4903,3,2,No inventariada,13.6,4,4,9,7.0,0,0,1,1,0,0,1,1,1,0,0,0,0,0,0,0,0,0,0,0,0,0,0,0,0,0,0,0,0,0,0,0,1.0,1,1,1,0.0,4,998,Baja,0,Mañana,Baja,Mañana,Bajo Riesgo
6645,2024,8,1,7,4,4903,3,2,No inventariada,13.6,4,2,9,7.0,0,0,1,1,0,0,1,1,1,0,0,0,0,0,0,0,0,0,0,0,0,0,0,0,0,0,0,0,0,0,0,0,2.0,1,1,1,0.0,4,998,Baja,0,Mañana,Baja,Mañana,Bajo Riesgo
6646,2024,6,1,12,4,4903,3,2,No inventariada,13.6,4,4,9,2.0,0,0,1,1,0,0,1,1,2,0,0,0,0,0,0,0,0,0,0,0,0,0,0,0,0,0,0,0,0,0,0,0,1.0,1,1,1,0.0,998,998,Baja,0,Mañana,Baja,Tarde,Bajo Riesgo
6647,2024,8,3,19,4,4903,3,2,No inventariada,13.6,4,2,9,4.0,0,0,1,1,0,0,1,1,2,0,0,0,0,0,0,0,0,0,0,0,0,0,0,0,0,0,0,0,0,0,0,0,2.0,1,1,1,0.0,998,998,Baja,0,Noche,Baja,Noche,Bajo Riesgo
6648,2024,10,3,19,4,4903,1,1,AL-3302,2.74,1,3,6,2.0,0,0,1,1,0,0,1,1,2,0,0,0,0,0,0,0,0,0,0,0,0,0,0,0,0,0,0,0,0,0,0,0,1.0,1,1,1,0.0,998,1,Baja,0,Noche,Baja,Noche,Bajo Riesgo
6649,2024,10,7,17,4,4903,1,1,CEJ-11,0.3,1,4,10,20.0,0,0,3,3,0,0,3,3,2,0,0,0,0,0,0,0,0,0,0,0,0,0,0,0,0,0,0,0,0,0,0,0,1.0,1,1,1,0.0,998,1,Baja,0,Tarde,Media,Tarde,Bajo Riesgo
6650,2024,10,2,14,4,4903,1,1,N-340a,419.84,2,1,6,3.0,0,0,1,1,0,0,1,1,2,0,0,0,0,0,0,0,0,0,0,0,0,0,0,0,0,0,0,0,0,0,0,0,1.0,1,1,1,0.0,998,1,Muy Alta,0,Tarde,Baja,Tarde,Bajo Riesgo
6651,2024,10,2,14,4,4903,1,1,CEJ-0,1.0,1,4,10,12.0,0,0,1,1,0,0,1,1,2,0,0,0,0,0,0,0,0,0,0,0,0,0,0,0,0,0,0,0,0,0,0,0,2.0,3,1,2,0.0,998,1,Baja,0,Tarde,Baja,Tarde,Bajo Riesgo
6652,2024,10,3,16,4,4903,1,1,CEJ-0,0.3,1,4,10,1.0,0,0,1,1,0,0,1,1,2,0,0,0,0,0,0,0,0,0,0,0,0,0,0,0,0,0,0,0,0,0,0,0,1.0,1,1,1,0.0,998,1,Baja,0,Tarde,Baja,Tarde,Bajo Riesgo
6653,2024,9,4,12,4,4903,3,2,No inventariada,13.6,4,2,9,2.0,0,0,1,1,0,0,1,1,2,0,0,0,0,0,0,0,0,0,0,0,0,0,0,0,0,0,0,0,0,0,0,0,1.0,1,1,1,0.0,998,998,Baja,0,Mañana,Baja,Tarde,Bajo Riesgo
6654,2024,11,1,0,4,4102,1,1,A-7,807.5,1,1,3,14.0,0,0,5,5,0,0,5,5,1,0,0,0,0,0,0,0,0,0,0,0,0,0,0,0,0,0,0,0,0,0,0,0,2.0,1,6,1,0.0,998,1,Muy Alta,0,,Media,Madrugada,Bajo Riesgo
6655,2024,12,2,6,4,4903,1,1,A-1050,7.727,2,2,6,2.0,0,0,1,1,0,0,1,1,2,0,0,0,0,0,0,0,0,0,0,0,0,0,0,0,0,0,0,0,0,0,0,0,2.0,1,6,1,0.0,998,1,Baja,0,Madrugada,Baja,Mañana,Bajo Riesgo
6656,2024,12,6,13,4,4903,1,1,AL-3302,3.6,1,3,6,4.0,0,0,1,1,0,0,1,1,2,0,0,0,0,0,0,0,0,0,0,0,0,0,0,0,0,0,0,0,0,0,0,0,2.0,1,1,1,0.0,998,1,Baja,0,Tarde,Baja,Tarde,Bajo Riesgo
6657,2024,12,7,5,4,4903,1,1,A-7,809.013,2,1,7,4.0,0,0,1,1,0,0,1,1,2,0,0,0,0,0,0,0,0,0,0,0,0,0,0,0,0,0,0,0,0,0,0,0,1.0,1,6,1,0.0,998,1,Muy Alta,0,Madrugada,Baja,Madrugada,Bajo Riesgo
6658,2024,12,3,1,4,4903,1,1,N-340a,419.0,2,5,6,18.0,0,0,1,1,0,0,1,1,1,0,0,0,0,0,0,0,0,0,0,0,0,0,0,0,0,0,0,0,0,0,0,0,2.0,1,6,1,0.0,998,1,Muy Alta,0,Madrugada,Baja,Madrugada,Bajo Riesgo
6659,2024,12,5,12,4,4903,1,1,A-7,810.226,2,1,3,5.0,0,0,4,4,0,0,4,4,3,0,0,0,0,0,0,0,0,0,0,0,0,0,0,0,0,0,0,0,0,0,0,0,2.0,1,1,1,0.0,998,1,Muy Alta,0,Mañana,Media,Tarde,Bajo Riesgo
6660,2024,1,4,8,4,0,1,1,N-340a,397.06,1,1,6,1.0,0,2,0,2,0,2,0,2,2,0,0,0,0,0,0,0,0,0,0,0,0,0,0,0,0,0,0,0,0,0,0,0,2.0,1,1,1,0.0,998,2,Muy Alta,0,Mañana,Baja,Mañana,Bajo Riesgo
6661,2024,1,2,22,4,0,1,1,A-7,833.35,1,1,3,6.0,0,0,2,2,0,0,2,2,2,0,0,0,0,0,0,0,0,0,0,0,0,0,0,0,0,0,0,0,0,0,0,0,2.0,1,6,1,0.0,998,1,Muy Alta,0,Noche,Baja,Noche,Bajo Riesgo
6662,2024,1,3,2,4,0,1,1,A-7,832.6,2,1,3,14.0,1,0,0,1,1,0,0,1,1,0,0,0,0,0,0,0,1,0,0,0,0,0,0,0,0,0,0,1,0,0,0,0,2.0,1,6,7,0.0,998,1,Muy Alta,0,Madrugada,Alta,Madrugada,Bajo Riesgo
6663,2024,9,5,21,4,0,1,1,N-340a,399.1,1,1,6,2.0,0,0,1,1,0,0,1,1,2,0,0,0,0,0,0,0,0,0,0,0,0,0,0,0,0,0,0,0,0,0,0,0,1.0,1,4,1,0.0,998,1,Muy Alta,0,Noche,Baja,Noche,Bajo Riesgo
6664,2024,5,7,11,5,0,2,2,CL-501,19.1,2,2,6,4.0,0,0,1,1,0,0,1,1,2,0,0,0,0,0,0,0,0,0,0,0,0,0,0,0,0,0,0,0,0,0,0,0,2.0,1,1,1,0.0,998,1,Baja,0,Mañana,Baja,Mañana,Bajo Riesgo
6665,2024,6,6,17,5,0,3,2,No inventariada,13.6,4,4,14,6.0,0,0,1,1,0,0,1,1,1,0,0,0,0,0,0,0,0,0,0,0,0,0,0,0,0,0,0,0,0,0,0,0,2.0,1,1,1,0.0,998,998,Baja,0,Tarde,Baja,Tarde,Bajo Riesgo
6666,2024,10,4,12,5,0,1,1,CL-501,17.512,1,2,6,8.0,0,0,2,2,0,0,2,2,1,0,0,0,0,0,0,0,0,0,0,0,0,0,0,0,0,0,0,0,0,0,0,0,2.0,1,1,2,0.0,998,1,Baja,0,Mañana,Baja,Tarde,Bajo Riesgo
6667,2024,1,3,11,5,5014,1,1,AV-924,5.229,2,2,6,12.0,0,0,1,1,0,0,1,1,1,0,0,0,0,0,0,0,0,0,0,0,0,0,0,0,0,0,0,0,0,0,0,0,2.0,3,1,1,0.0,998,1,Baja,0,Mañana,Baja,Mañana,Bajo Riesgo
6668,2024,1,3,16,5,5014,1,1,AV-P-718,2.5,2,3,6,10.0,0,0,1,1,0,0,1,1,1,0,0,0,0,0,0,0,0,0,0,0,0,0,0,0,0,0,0,0,0,0,0,0,2.0,1,1,1,0.0,998,1,Baja,0,Tarde,Baja,Tarde,Bajo Riesgo
6669,2024,2,5,9,5,5014,1,1,N-502,82.488,2,1,6,2.0,0,0,2,2,0,0,2,2,2,0,0,0,0,0,0,0,0,0,0,0,0,0,0,0,0,0,0,0,0,0,0,0,1.0,3,1,1,0.0,998,1,Media,0,Mañana,Baja,Mañana,Bajo Riesgo
6670,2024,5,6,12,5,5014,1,1,AV-924,2.2,1,2,6,2.0,0,0,1,1,0,0,1,1,3,0,0,0,0,0,0,0,0,0,0,0,0,0,0,0,0,0,0,0,0,0,0,0,2.0,1,1,1,0.0,998,2,Baja,0,Mañana,Baja,Tarde,Bajo Riesgo
6671,2024,7,6,11,5,5014,1,1,CL-501,64.1,3,2,6,2.0,0,2,0,2,0,2,0,2,2,0,0,0,0,0,0,0,0,0,0,0,0,0,0,0,0,0,0,0,0,0,0,0,1.0,1,1,1,0.0,998,1,Media,0,Mañana,Baja,Mañana,Bajo Riesgo
6672,2024,8,6,21,5,0,1,1,CL-501,68.1,2,2,6,8.0,0,0,1,1,0,0,1,1,1,0,0,0,0,0,0,0,0,0,0,0,0,0,0,0,0,0,0,0,0,0,0,0,2.0,1,6,1,0.0,998,1,Media,0,Noche,Baja,Noche,Bajo Riesgo
6673,2024,12,5,11,5,0,1,1,N-502,74.4,2,1,6,15.0,0,0,1,1,0,0,1,1,1,0,0,0,0,0,0,0,0,0,0,0,0,0,0,0,0,0,0,0,0,0,0,0,2.0,1,1,1,0.0,998,2,Media,0,Mañana,Baja,Mañana,Bajo Riesgo
6674,2024,12,6,17,5,5014,1,1,N-502,82.7,2,1,6,19.0,1,0,0,1,1,0,0,1,1,0,0,0,1,0,0,0,0,0,0,0,0,0,0,1,0,0,0,0,0,0,0,0,2.0,1,1,1,0.0,998,2,Media,0,Tarde,Alta,Tarde,Bajo Riesgo
6675,2024,1,1,16,5,5016,1,1,A-6,128.74,2,1,3,16.0,0,0,1,1,0,0,1,1,1,0,0,0,0,0,0,0,0,0,0,0,0,0,0,0,0,0,0,0,0,0,0,0,2.0,1,1,1,0.0,998,2,Alta,0,Tarde,Baja,Tarde,Bajo Riesgo
6676,2024,3,2,12,5,5016,3,2,No inventariada,13.6,4,4,9,2.0,0,0,1,1,0,0,1,1,2,0,0,0,0,0,0,0,0,0,0,0,0,0,0,0,0,0,0,0,0,0,0,0,1.0,1,1,1,0.0,998,998,Baja,0,Mañana,Baja,Tarde,Bajo Riesgo
6677,2024,4,6,2,5,5016,3,2,No inventariada,13.6,4,4,9,16.0,0,0,1,1,0,0,1,1,1,0,0,0,0,0,0,0,0,0,0,0,0,0,0,0,0,0,0,0,0,0,0,0,1.0,1,4,1,0.0,998,998,Baja,0,Madrugada,Baja,Madrugada,Bajo Riesgo
6678,2024,4,3,19,5,5016,3,2,No inventariada,13.6,4,3,14,2.0,0,0,2,2,0,0,2,2,2,0,0,0,0,0,0,0,0,0,0,0,0,0,0,0,0,0,0,0,0,0,0,0,1.0,1,1,1,0.0,998,998,Baja,0,Noche,Baja,Noche,Bajo Riesgo
6679,2024,5,5,19,5,5016,3,2,No inventariada,13.6,4,3,9,4.0,0,0,2,2,0,0,2,2,2,0,0,0,0,0,0,0,0,0,0,0,0,0,0,0,0,0,0,0,0,0,0,0,2.0,1,1,1,0.0,998,998,Baja,0,Noche,Baja,Noche,Bajo Riesgo
6680,2024,5,2,14,5,5016,3,2,No inventariada,13.6,4,2,9,16.0,0,0,2,2,0,0,2,2,3,0,0,0,0,0,0,0,0,0,0,0,0,0,0,0,0,0,0,0,0,0,0,0,2.0,1,1,1,0.0,998,998,Baja,0,Tarde,Baja,Tarde,Bajo Riesgo
6681,2024,6,1,14,5,5016,1,1,AV-804,41.9,1,2,6,18.0,0,0,1,1,0,0,1,1,1,0,0,0,0,0,0,0,0,0,0,0,0,0,0,0,0,0,0,0,0,0,0,0,2.0,1,1,1,0.0,998,2,Baja,0,Tarde,Baja,Tarde,Bajo Riesgo
6682,2024,6,1,22,5,5016,1,1,A-6,129.135,1,1,3,14.0,0,0,4,4,0,0,4,4,1,0,0,0,0,0,0,0,0,0,0,0,0,0,0,0,0,0,0,0,0,0,0,0,1.0,1,2,1,0.0,998,2,Alta,0,Noche,Media,Noche,Bajo Riesgo
6683,2024,7,1,18,5,5016,1,1,AV-804,38.82,1,2,6,12.0,0,1,0,1,0,1,0,1,1,0,0,0,0,0,0,0,0,0,0,0,0,0,0,0,0,0,0,0,0,0,0,0,2.0,1,2,1,0.0,998,1,Baja,0,Tarde,Baja,Noche,Bajo Riesgo
6684,2024,8,4,9,5,5016,1,1,AV-804,40.8,1,2,6,4.0,0,1,0,1,0,1,0,1,2,0,0,0,0,0,0,0,0,0,0,0,0,0,0,0,0,0,0,0,0,0,0,0,2.0,1,1,1,0.0,998,1,Baja,0,Mañana,Baja,Mañana,Bajo Riesgo
6685,2024,8,2,20,5,5016,3,2,No inventariada,13.6,4,4,9,2.0,0,0,1,1,0,0,1,1,1,0,0,0,0,0,0,0,0,0,0,0,0,0,0,0,0,0,0,0,0,0,0,0,1.0,1,1,1,0.0,4,998,Baja,0,Noche,Baja,Noche,Bajo Riesgo
6686,2024,8,3,16,5,5016,3,2,No inventariada,13.6,4,3,9,2.0,0,0,1,1,0,0,1,1,2,0,0,0,0,0,0,0,0,0,0,0,0,0,0,0,0,0,0,0,0,0,0,0,1.0,1,1,1,0.0,998,998,Baja,0,Tarde,Baja,Tarde,Bajo Riesgo
6687,2024,10,1,9,5,5016,3,2,No inventariada,13.6,4,4,9,4.0,0,0,1,1,0,0,1,1,2,0,0,0,0,0,0,0,0,0,0,0,0,0,0,0,0,0,0,0,0,0,0,0,2.0,1,1,1,0.0,998,998,Baja,0,Mañana,Baja,Mañana,Bajo Riesgo