ID_ACCIDENTE,ANYO,MES,DIA_SEMANA,HORA,COD_PROVINCIA,COD_MUNICIPIO,ZONA,ZONA_AGRUPADA,CARRETERA,KM,SENTIDO_1F,TITULARIDAD_VIA,TIPO_VIA,TIPO_ACCIDENTE,TOTAL_MU24H,TOTAL_HG24H,TOTAL_HL24H,TOTAL_VICTIMAS_24H,TOTAL_MU30DF,TOTAL_HG30DF,TOTAL_HL30DF,TOTAL_VICTIMAS_30DF,TOTAL_VEHICULOS,TOT_PEAT_MU24H,TOT_BICI_MU24H,TOT_CICLO_MU24H,TOT_MOTO_MU24H,TOT_TUR_MU24H,TOT_FURG_MU24H,TOT_CAM_MENOS3500_MU24H,TOT_CAM_MAS3500_MU24H,TOT_BUS_MU24H,TOT_OTRO_MU24H,TOT_SINESPECIF_MU24H,TOT_PEAT_MU30DF,TOT_BICI_MU30DF,TOT_CICLO_MU30DF,TOT_MOTO_MU30DF,TOT_TUR_MU30DF,TOT_FURG_MU30DF,TOT_CAM_MENOS3500_MU30DF,TOT_CAM_MAS3500_MU30DF,TOT_BUS_MU30DF,TOT_VMP_MU30DF,TOT_OTRO_MU30DF,TOT_SINESPECIF_MU30DF,NUDO,CONDICION_FIRME,CONDICION_ILUMINACION,CONDICION_METEO,CONDICION_NIEBLA,ACERA,TRAZADO_PLANTA,ZONA_KM,HAY_NIEBLA,TRAMO_HORA,gravedad_accidente,tramo_horario,zona_riesgo
7138,2024,1,7,10,6,6015,3,2,No inventariada,13.6,4,4,9,2.0,0,0,1,1,0,0,1,1,2,0,0,0,0,0,0,0,0,0,0,0,0,0,0,0,0,0,0,0,0,0,0,0,1.0,1,1,1,0.0,998,998,Baja,0,Mañana,Baja,Mañana,Bajo Riesgo
7139,2024,2,5,14,6,6015,3,2,No inventariada,13.6,4,4,14,7.0,0,0,1,1,0,0,1,1,1,0,0,0,0,0,0,0,0,0,0,0,0,0,0,0,0,0,0,0,0,0,0,0,2.0,3,1,4,0.0,4,998,Baja,0,Tarde,Baja,Tarde,Bajo Riesgo
7140,2024,2,4,10,6,6015,3,2,No inventariada,13.6,4,4,9,7.0,0,0,1,1,0,0,1,1,1,0,0,0,0,0,0,0,0,0,0,0,0,0,0,0,0,0,0,0,0,0,0,0,2.0,1,1,1,0.0,1,998,Baja,0,Mañana,Baja,Mañana,Bajo Riesgo
7141,2024,1,1,9,6,6015,3,2,No inventariada,13.6,4,4,14,20.0,0,0,1,1,0,0,1,1,1,0,0,0,0,0,0,0,0,0,0,0,0,0,0,0,0,0,0,0,0,0,0,0,2.0,1,1,1,0.0,998,998,Baja,0,Mañana,Baja,Mañana,Bajo Riesgo
7142,2024,2,1,11,6,6015,3,2,No inventariada,13.6,4,4,9,3.0,0,0,1,1,0,0,1,1,2,0,0,0,0,0,0,0,0,0,0,0,0,0,0,0,0,0,0,0,0,0,0,0,2.0,1,1,1,0.0,998,998,Baja,0,Mañana,Baja,Mañana,Bajo Riesgo
7143,2024,2,6,13,6,6015,3,2,No inventariada,13.6,4,4,14,6.0,0,0,2,2,0,0,2,2,2,0,0,0,0,0,0,0,0,0,0,0,0,0,0,0,0,0,0,0,0,0,0,0,2.0,1,1,1,0.0,998,998,Baja,0,Tarde,Baja,Tarde,Bajo Riesgo
7144,2024,2,7,13,6,6015,1,1,N-523,81.5,1,1,6,14.0,0,0,1,1,0,0,1,1,1,0,0,0,0,0,0,0,0,0,0,0,0,0,0,0,0,0,0,0,0,0,0,0,1.0,3,1,3,0.0,998,2,Media,0,Tarde,Baja,Tarde,Bajo Riesgo
7145,2024,2,6,23,6,6015,3,2,No inventariada,13.6,4,4,9,2.0,0,0,4,4,0,0,4,4,2,0,0,0,0,0,0,0,0,0,0,0,0,0,0,0,0,0,0,0,0,0,0,0,1.0,1,4,1,0.0,998,998,Baja,0,Noche,Media,Noche,Bajo Riesgo
7146,2024,2,4,17,6,6015,3,2,No inventariada,13.6,4,4,9,2.0,0,0,1,1,0,0,1,1,2,0,0,0,0,0,0,0,0,0,0,0,0,0,0,0,0,0,0,0,0,0,0,0,1.0,1,1,1,0.0,998,998,Baja,0,Tarde,Baja,Tarde,Bajo Riesgo
7147,2024,2,1,0,6,6015,3,2,No inventariada,13.6,4,4,9,2.0,0,0,1,1,0,0,1,1,2,0,0,0,0,0,0,0,0,0,0,0,0,0,0,0,0,0,0,0,0,0,0,0,1.0,3,4,4,0.0,998,998,Baja,0,,Baja,Madrugada,Bajo Riesgo
7148,2024,2,5,7,6,6015,3,2,No inventariada,13.6,4,4,9,2.0,0,0,3,3,0,0,3,3,2,0,0,0,0,0,0,0,0,0,0,0,0,0,0,0,0,0,0,0,0,0,0,0,1.0,1,4,1,0.0,998,998,Baja,0,Mañana,Media,Mañana,Bajo Riesgo
7149,2024,1,2,22,6,6015,3,2,No inventariada,13.6,4,4,9,3.0,0,0,3,3,0,0,3,3,2,0,0,0,0,0,0,0,0,0,0,0,0,0,0,0,0,0,0,0,0,0,0,0,1.0,1,4,1,0.0,998,998,Baja,0,Noche,Media,Noche,Bajo Riesgo
7150,2024,2,5,18,6,6015,3,2,No inventariada,13.6,4,4,9,7.0,0,0,1,1,0,0,1,1,1,0,0,0,0,0,0,0,0,0,0,0,0,0,0,0,0,0,0,0,0,0,0,0,2.0,1,1,1,0.0,4,998,Baja,0,Tarde,Baja,Noche,Bajo Riesgo
7151,2024,1,4,20,6,6015,3,2,No inventariada,13.6,4,4,9,7.0,0,0,1,1,0,0,1,1,1,0,0,0,0,0,0,0,0,0,0,0,0,0,0,0,0,0,0,0,0,0,0,0,2.0,1,1,1,0.0,4,998,Baja,0,Noche,Baja,Noche,Bajo Riesgo
7152,2024,2,4,19,6,6015,3,2,No inventariada,13.6,4,4,9,7.0,0,0,1,1,0,0,1,1,1,0,0,0,0,0,0,0,0,0,0,0,0,0,0,0,0,0,0,0,0,0,0,0,1.0,3,4,3,0.0,1,998,Baja,0,Noche,Baja,Noche,Bajo Riesgo
7153,2024,3,1,12,6,6015,3,2,No inventariada,13.6,4,4,9,7.0,0,0,1,1,0,0,1,1,1,0,0,0,0,0,0,0,0,0,0,0,0,0,0,0,0,0,0,0,0,0,0,0,2.0,1,1,1,0.0,4,998,Baja,0,Mañana,Baja,Tarde,Bajo Riesgo
7154,2024,2,1,13,6,6015,3,2,No inventariada,13.6,4,4,9,4.0,0,0,1,1,0,0,1,1,2,0,0,0,0,0,0,0,0,0,0,0,0,0,0,0,0,0,0,0,0,0,0,0,1.0,1,1,1,0.0,998,998,Baja,0,Tarde,Baja,Tarde,Bajo Riesgo
7155,2024,2,5,10,6,6015,3,2,No inventariada,13.6,4,4,9,3.0,0,0,1,1,0,0,1,1,2,0,0,0,0,0,0,0,0,0,0,0,0,0,0,0,0,0,0,0,0,0,0,0,1.0,1,1,1,0.0,998,998,Baja,0,Mañana,Baja,Mañana,Bajo Riesgo
7156,2024,1,6,17,6,6015,3,2,No inventariada,13.6,4,4,9,4.0,0,0,1,1,0,0,1,1,2,0,0,0,0,0,0,0,0,0,0,0,0,0,0,0,0,0,0,0,0,0,0,0,2.0,1,1,1,0.0,998,998,Baja,0,Tarde,Baja,Tarde,Bajo Riesgo
7157,2024,2,3,19,6,6015,3,2,No inventariada,13.6,4,4,9,7.0,0,0,1,1,0,0,1,1,1,0,0,0,0,0,0,0,0,0,0,0,0,0,0,0,0,0,0,0,0,0,0,0,2.0,1,4,1,0.0,4,998,Baja,0,Noche,Baja,Noche,Bajo Riesgo
7158,2024,2,2,18,6,6015,3,2,No inventariada,13.6,4,4,9,7.0,0,0,2,2,0,0,2,2,1,0,0,0,0,0,0,0,0,0,0,0,0,0,0,0,0,0,0,0,0,0,0,0,1.0,1,1,1,0.0,4,998,Baja,0,Tarde,Baja,Noche,Bajo Riesgo
7159,2024,2,3,12,6,6015,3,2,No inventariada,13.6,4,4,9,7.0,0,0,1,1,0,0,1,1,1,0,0,0,0,0,0,0,0,0,0,0,0,0,0,0,0,0,0,0,0,0,0,0,1.0,1,1,1,0.0,4,998,Baja,0,Mañana,Baja,Tarde,Bajo Riesgo
7160,2024,2,4,16,6,6015,3,2,No inventariada,13.6,4,4,14,3.0,0,0,1,1,0,0,1,1,2,0,0,0,0,0,0,0,0,0,0,0,0,0,0,0,0,0,0,0,0,0,0,0,1.0,1,1,1,0.0,998,998,Baja,0,Tarde,Baja,Tarde,Bajo Riesgo
7161,2024,2,2,9,6,6015,3,2,No inventariada,13.6,4,4,9,7.0,0,0,1,1,0,0,1,1,1,0,0,0,0,0,0,0,0,0,0,0,0,0,0,0,0,0,0,0,0,0,0,0,2.0,1,1,1,0.0,4,998,Baja,0,Mañana,Baja,Mañana,Bajo Riesgo
7162,2024,2,2,9,6,6015,3,2,No inventariada,13.6,4,4,9,2.0,0,0,1,1,0,0,1,1,2,0,0,0,0,0,0,0,0,0,0,0,0,0,0,0,0,0,0,0,0,0,0,0,2.0,1,1,1,0.0,1,998,Baja,0,Mañana,Baja,Mañana,Bajo Riesgo
7163,2024,2,2,9,6,6015,3,2,No inventariada,13.6,4,4,9,3.0,0,0,1,1,0,0,1,1,2,0,0,0,0,0,0,0,0,0,0,0,0,0,0,0,0,0,0,0,0,0,0,0,1.0,1,1,1,0.0,998,998,Baja,0,Mañana,Baja,Mañana,Bajo Riesgo
7164,2024,2,2,11,6,6015,3,2,No inventariada,13.6,4,4,9,4.0,0,0,1,1,0,0,1,1,2,0,0,0,0,0,0,0,0,0,0,0,0,0,0,0,0,0,0,0,0,0,0,0,2.0,1,1,1,0.0,998,998,Baja,0,Mañana,Baja,Mañana,Bajo Riesgo
7165,2024,2,4,14,6,6015,3,2,No inventariada,13.6,4,4,9,4.0,0,0,2,2,0,0,2,2,3,0,0,0,0,0,0,0,0,0,0,0,0,0,0,0,0,0,0,0,0,0,0,0,2.0,1,1,1,0.0,998,998,Baja,0,Tarde,Baja,Tarde,Bajo Riesgo
7166,2024,1,2,18,6,6015,3,2,No inventariada,13.6,4,4,9,2.0,0,0,1,1,0,0,1,1,2,0,0,0,0,0,0,0,0,0,0,0,0,0,0,0,0,0,0,0,0,0,0,0,2.0,1,1,1,0.0,998,998,Baja,0,Tarde,Baja,Noche,Bajo Riesgo
7167,2024,1,1,8,6,6015,3,2,No inventariada,13.6,4,4,9,7.0,0,0,1,1,0,0,1,1,1,0,0,0,0,0,0,0,0,0,0,0,0,0,0,0,0,0,0,0,0,0,0,0,2.0,3,3,3,2.0,1,998,Baja,1,Mañana,Baja,Mañana,Bajo Riesgo
7168,2024,1,1,10,6,6015,3,2,No inventariada,13.6,4,4,9,7.0,0,0,1,1,0,0,1,1,1,0,0,0,0,0,0,0,0,0,0,0,0,0,0,0,0,0,0,0,0,0,0,0,2.0,1,1,1,0.0,1,998,Baja,0,Mañana,Baja,Mañana,Bajo Riesgo
7169,2024,3,2,13,6,6015,3,2,No inventariada,13.6,4,4,9,3.0,0,0,1,1,0,0,1,1,2,0,0,0,0,0,0,0,0,0,0,0,0,0,0,0,0,0,0,0,0,0,0,0,2.0,1,1,1,0.0,998,998,Baja,0,Tarde,Baja,Tarde,Bajo Riesgo
7170,2024,2,5,14,6,6015,3,2,No inventariada,13.6,4,4,9,6.0,0,0,1,1,0,0,1,1,1,0,0,0,0,0,0,0,0,0,0,0,0,0,0,0,0,0,0,0,0,0,0,0,2.0,1,1,1,0.0,998,998,Baja,0,Tarde,Baja,Tarde,Bajo Riesgo
7171,2024,3,1,13,6,6015,3,2,No inventariada,13.6,4,4,9,4.0,0,0,1,1,0,0,1,1,2,0,0,0,0,0,0,0,0,0,0,0,0,0,0,0,0,0,0,0,0,0,0,0,2.0,1,1,1,0.0,998,998,Baja,0,Tarde,Baja,Tarde,Bajo Riesgo
7172,2024,3,7,23,6,6015,3,2,No inventariada,13.6,4,4,9,12.0,0,0,1,1,0,0,1,1,1,0,0,0,0,0,0,0,0,0,0,0,0,0,0,0,0,0,0,0,0,0,0,0,1.0,1,4,1,0.0,998,998,Baja,0,Noche,Baja,Noche,Bajo Riesgo
7173,2024,2,4,11,6,6015,3,2,No inventariada,13.6,4,4,9,3.0,0,0,1,1,0,0,1,1,2,0,0,0,0,0,0,0,0,0,0,0,0,0,0,0,0,0,0,0,0,0,0,0,1.0,1,1,1,0.0,998,998,Baja,0,Mañana,Baja,Mañana,Bajo Riesgo
7174,2024,3,2,21,6,6015,3,2,No inventariada,13.6,4,4,9,10.0,0,0,1,1,0,0,1,1,1,0,0,0,0,0,0,0,0,0,0,0,0,0,0,0,0,0,0,0,0,0,0,0,2.0,1,4,1,0.0,998,998,Baja,0,Noche,Baja,Noche,Bajo Riesgo
7175,2024,1,6,19,6,6015,3,2,No inventariada,13.6,4,4,9,9.0,0,0,1,1,0,0,1,1,1,0,0,0,0,0,0,0,0,0,0,0,0,0,0,0,0,0,0,0,0,0,0,0,2.0,1,4,1,0.0,998,998,Baja,0,Noche,Baja,Noche,Bajo Riesgo
7176,2024,1,5,18,6,6015,3,2,No inventariada,13.6,4,4,9,2.0,0,0,1,1,0,0,1,1,2,0,0,0,0,0,0,0,0,0,0,0,0,0,0,0,0,0,0,0,0,0,0,0,2.0,1,2,1,0.0,998,998,Baja,0,Tarde,Baja,Noche,Bajo Riesgo
7177,2024,1,7,5,6,6015,3,2,No inventariada,13.6,4,4,9,16.0,0,0,1,1,0,0,1,1,1,0,0,0,0,0,0,0,0,0,0,0,0,0,0,0,0,0,0,0,0,0,0,0,1.0,1,4,1,0.0,998,998,Baja,0,Madrugada,Baja,Madrugada,Bajo Riesgo
7178,2024,1,2,13,6,6015,3,2,No inventariada,13.6,4,4,9,7.0,0,0,1,1,0,0,1,1,1,0,0,0,0,0,0,0,0,0,0,0,0,0,0,0,0,0,0,0,0,0,0,0,2.0,1,1,1,0.0,1,998,Baja,0,Tarde,Baja,Tarde,Bajo Riesgo
7179,2024,1,3,17,6,6015,3,2,No inventariada,13.6,4,4,14,4.0,0,0,2,2,0,0,2,2,2,0,0,0,0,0,0,0,0,0,0,0,0,0,0,0,0,0,0,0,0,0,0,0,2.0,1,1,1,0.0,998,998,Baja,0,Tarde,Baja,Tarde,Bajo Riesgo
7180,2024,1,4,18,6,6015,3,2,No inventariada,13.6,4,4,9,6.0,0,0,1,1,0,0,1,1,1,0,0,0,0,0,0,0,0,0,0,0,0,0,0,0,0,0,0,0,0,0,0,0,2.0,1,4,1,0.0,4,998,Baja,0,Tarde,Baja,Noche,Bajo Riesgo
7181,2024,2,5,8,6,6015,3,2,No inventariada,13.6,4,4,9,7.0,0,0,1,1,0,0,1,1,1,0,0,0,0,0,0,0,0,0,0,0,0,0,0,0,0,0,0,0,0,0,0,0,2.0,1,1,1,0.0,1,998,Baja,0,Mañana,Baja,Mañana,Bajo Riesgo
7182,2024,2,6,18,6,6015,3,2,No inventariada,13.6,4,4,9,7.0,0,0,1,1,0,0,1,1,1,0,0,0,0,0,0,0,0,0,0,0,0,0,0,0,0,0,0,0,0,0,0,0,2.0,1,1,1,0.0,1,998,Baja,0,Tarde,Baja,Noche,Bajo Riesgo
7183,2024,2,1,22,6,6015,3,2,No inventariada,13.6,4,4,9,10.0,0,0,1,1,0,0,1,1,1,0,0,0,0,0,0,0,0,0,0,0,0,0,0,0,0,0,0,0,0,0,0,0,2.0,1,4,1,0.0,998,998,Baja,0,Noche,Baja,Noche,Bajo Riesgo
7184,2024,2,6,21,6,6015,3,2,No inventariada,13.6,4,4,9,3.0,0,0,1,1,0,0,1,1,2,0,0,0,0,0,0,0,0,0,0,0,0,0,0,0,0,0,0,0,0,0,0,0,1.0,1,4,1,0.0,998,998,Baja,0,Noche,Baja,Noche,Bajo Riesgo
7185,2024,2,7,14,6,6015,3,2,No inventariada,13.6,4,4,9,2.0,0,0,1,1,0,0,1,1,2,0,0,0,0,0,0,0,0,0,0,0,0,0,0,0,0,0,0,0,0,0,0,0,1.0,1,1,1,0.0,998,998,Baja,0,Tarde,Baja,Tarde,Bajo Riesgo
7186,2024,3,2,13,6,6015,3,2,No inventariada,13.6,4,4,9,2.0,0,0,1,1,0,0,1,1,2,0,0,0,0,0,0,0,0,0,0,0,0,0,0,0,0,0,0,0,0,0,0,0,1.0,1,1,1,0.0,998,998,Baja,0,Tarde,Baja,Tarde,Bajo Riesgo
7187,2024,3,2,14,6,6015,3,2,No inventariada,13.6,4,4,9,7.0,0,1,0,1,0,1,0,1,2,0,0,0,0,0,0,0,0,0,0,0,0,0,0,0,0,0,0,0,0,0,0,0,2.0,1,1,1,0.0,998,998,Baja,0,Tarde,Baja,Tarde,Bajo Riesgo
7188,2024,3,5,8,6,6015,3,2,No inventariada,13.6,4,4,9,4.0,0,0,1,1,0,0,1,1,2,0,0,0,0,0,0,0,0,0,0,0,0,0,0,0,0,0,0,0,0,0,0,0,2.0,1,1,1,0.0,998,998,Baja,0,Mañana,Baja,Mañana,Bajo Riesgo
7189,2024,3,3,17,6,6015,3,2,No inventariada,13.6,4,4,9,2.0,0,0,1,1,0,0,1,1,3,0,0,0,0,0,0,0,0,0,0,0,0,0,0,0,0,0,0,0,0,0,0,0,1.0,1,1,1,0.0,998,998,Baja,0,Tarde,Baja,Tarde,Bajo Riesgo
7190,2024,3,5,12,6,6015,3,2,No inventariada,13.6,4,4,9,6.0,0,0,1,1,0,0,1,1,1,0,0,0,0,0,0,0,0,0,0,0,0,0,0,0,0,0,0,0,0,0,0,0,2.0,1,1,1,0.0,998,998,Baja,0,Mañana,Baja,Tarde,Bajo Riesgo
7191,2024,3,1,20,6,6015,3,2,No inventariada,13.6,4,4,9,4.0,0,0,2,2,0,0,2,2,4,0,0,0,0,0,0,0,0,0,0,0,0,0,0,0,0,0,0,0,0,0,0,0,2.0,1,4,1,0.0,998,998,Baja,0,Noche,Baja,Noche,Bajo Riesgo
7192,2024,2,2,10,6,6015,3,2,No inventariada,13.6,4,4,9,3.0,0,0,4,4,0,0,4,4,3,0,0,0,0,0,0,0,0,0,0,0,0,0,0,0,0,0,0,0,0,0,0,0,1.0,1,1,1,0.0,998,998,Baja,0,Mañana,Media,Mañana,Bajo Riesgo
7193,2024,3,6,23,6,6015,3,2,No inventariada,13.6,4,4,9,3.0,0,0,1,1,0,0,1,1,2,0,0,0,0,0,0,0,0,0,0,0,0,0,0,0,0,0,0,0,0,0,0,0,2.0,1,4,1,0.0,998,998,Baja,0,Noche,Baja,Noche,Bajo Riesgo
7194,2024,3,6,9,6,6015,3,2,No inventariada,13.6,4,4,9,2.0,0,0,2,2,0,0,2,2,2,0,0,0,0,0,0,0,0,0,0,0,0,0,0,0,0,0,0,0,0,0,0,0,1.0,3,1,3,0.0,998,998,Baja,0,Mañana,Baja,Mañana,Bajo Riesgo
7195,2024,3,1,10,6,6015,3,2,No inventariada,13.6,4,4,9,4.0,0,0,1,1,0,0,1,1,2,0,0,0,0,0,0,0,0,0,0,0,0,0,0,0,0,0,0,0,0,0,0,0,2.0,1,1,1,0.0,998,998,Baja,0,Mañana,Baja,Mañana,Bajo Riesgo
7196,2024,3,4,14,6,6015,3,2,No inventariada,13.6,4,4,9,10.0,0,0,1,1,0,0,1,1,2,0,0,0,0,0,0,0,0,0,0,0,0,0,0,0,0,0,0,0,0,0,0,0,1.0,1,1,1,0.0,998,998,Baja,0,Tarde,Baja,Tarde,Bajo Riesgo
7197,2024,3,7,6,6,6015,3,2,No inventariada,13.6,4,4,9,16.0,0,0,1,1,0,0,1,1,1,0,0,0,0,0,0,0,0,0,0,0,0,0,0,0,0,0,0,0,0,0,0,0,2.0,3,4,3,0.0,998,998,Baja,0,Madrugada,Baja,Mañana,Bajo Riesgo
7198,2024,4,4,17,6,6015,3,2,No inventariada,13.6,4,4,9,7.0,0,0,1,1,0,0,1,1,1,0,0,0,0,0,0,0,0,0,0,0,0,0,0,0,0,0,0,0,0,0,0,0,2.0,1,1,1,0.0,3,998,Baja,0,Tarde,Baja,Tarde,Bajo Riesgo
7199,2024,3,5,20,6,6015,3,2,No inventariada,13.6,4,4,9,2.0,0,0,1,1,0,0,1,1,2,0,0,0,0,0,0,0,0,0,0,0,0,0,0,0,0,0,0,0,0,0,0,0,2.0,3,4,3,0.0,998,998,Baja,0,Noche,Baja,Noche,Bajo Riesgo
7200,2024,4,3,14,6,6015,3,2,No inventariada,13.6,4,4,9,16.0,0,0,1,1,0,0,1,1,1,0,0,0,0,0,0,0,0,0,0,0,0,0,0,0,0,0,0,0,0,0,0,0,2.0,1,1,1,0.0,998,998,Baja,0,Tarde,Baja,Tarde,Bajo Riesgo
7201,2024,4,7,16,6,6015,1,1,A-5,392.1,1,1,3,6.0,0,1,0,1,0,1,0,1,1,0,0,0,0,0,0,0,0,0,0,0,0,0,0,0,0,0,0,0,0,0,0,0,2.0,1,1,1,0.0,998,3,Muy Alta,0,Tarde,Baja,Tarde,Bajo Riesgo
7202,2024,3,6,16,6,6015,3,2,No inventariada,13.6,4,4,9,4.0,0,0,2,2,0,0,2,2,2,0,0,0,0,0,0,0,0,0,0,0,0,0,0,0,0,0,0,0,0,0,0,0,1.0,1,1,1,0.0,998,998,Baja,0,Tarde,Baja,Tarde,Bajo Riesgo
7203,2024,4,7,12,6,6015,1,1,BA-022,4.7,2,3,6,4.0,0,0,3,3,0,0,3,3,2,0,0,0,0,0,0,0,0,0,0,0,0,0,0,0,0,0,0,0,0,0,0,0,1.0,1,1,1,0.0,998,1,Baja,0,Mañana,Media,Tarde,Bajo Riesgo
7204,2024,3,5,21,6,6015,3,2,No inventariada,13.6,4,4,9,3.0,0,0,1,1,0,0,1,1,2,0,0,0,0,0,0,0,0,0,0,0,0,0,0,0,0,0,0,0,0,0,0,0,1.0,3,4,1,0.0,998,998,Baja,0,Noche,Baja,Noche,Bajo Riesgo
7205,2024,3,4,22,6,6015,3,2,No inventariada,13.6,4,4,9,20.0,0,0,1,1,0,0,1,1,2,0,0,0,0,0,0,0,0,0,0,0,0,0,0,0,0,0,0,0,0,0,0,0,2.0,3,4,3,0.0,998,998,Baja,0,Noche,Baja,Noche,Bajo Riesgo
7206,2024,4,2,11,6,6015,3,2,No inventariada,13.6,4,4,9,8.0,0,0,1,1,0,0,1,1,1,0,0,0,0,0,0,0,0,0,0,0,0,0,0,0,0,0,0,0,0,0,0,0,2.0,1,1,1,0.0,998,998,Baja,0,Mañana,Baja,Mañana,Bajo Riesgo
7207,2024,4,7,8,6,6015,1,1,No inventariada,0.0,1,4,10,14.0,0,0,1,1,0,0,1,1,1,0,0,0,0,0,0,0,0,0,0,0,0,0,0,0,0,0,0,0,0,0,0,0,2.0,1,4,1,0.0,998,3,,0,Mañana,Baja,Mañana,Bajo Riesgo
7208,2024,4,5,15,6,6015,3,2,No inventariada,13.6,4,4,9,2.0,0,0,1,1,0,0,1,1,2,0,0,0,0,0,0,0,0,0,0,0,0,0,0,0,0,0,0,0,0,0,0,0,1.0,1,1,1,0.0,998,998,Baja,0,Tarde,Baja,Tarde,Bajo Riesgo
7209,2024,4,2,14,6,6015,3,2,No inventariada,13.6,4,4,9,10.0,0,0,1,1,0,0,1,1,1,0,0,0,0,0,0,0,0,0,0,0,0,0,0,0,0,0,0,0,0,0,0,0,1.0,1,1,1,0.0,998,998,Baja,0,Tarde,Baja,Tarde,Bajo Riesgo
7210,2024,4,6,1,6,6015,3,2,No inventariada,13.6,4,4,9,1.0,0,0,1,1,0,0,1,1,3,0,0,0,0,0,0,0,0,0,0,0,0,0,0,0,0,0,0,0,0,0,0,0,2.0,1,4,1,0.0,998,998,Baja,0,Madrugada,Baja,Madrugada,Bajo Riesgo
7211,2024,4,6,11,6,6015,3,2,No inventariada,13.6,4,4,9,4.0,0,0,1,1,0,0,1,1,2,0,0,0,0,0,0,0,0,0,0,0,0,0,0,0,0,0,0,0,0,0,0,0,2.0,1,1,1,0.0,998,998,Baja,0,Mañana,Baja,Mañana,Bajo Riesgo
7212,2024,4,4,20,6,6015,3,2,No inventariada,13.6,4,4,9,4.0,0,0,3,3,0,0,3,3,2,0,0,0,0,0,0,0,0,0,0,0,0,0,0,0,0,0,0,0,0,0,0,0,2.0,1,1,1,0.0,998,998,Baja,0,Noche,Media,Noche,Bajo Riesgo
7213,2024,4,3,8,6,6015,3,2,No inventariada,13.6,4,4,9,4.0,0,0,1,1,0,0,1,1,3,0,0,0,0,0,0,0,0,0,0,0,0,0,0,0,0,0,0,0,0,0,0,0,2.0,1,1,1,0.0,998,998,Baja,0,Mañana,Baja,Mañana,Bajo Riesgo
7214,2024,4,2,9,6,6015,3,2,No inventariada,13.6,4,4,9,4.0,0,0,1,1,0,0,1,1,2,0,0,0,0,0,0,0,0,0,0,0,0,0,0,0,0,0,0,0,0,0,0,0,2.0,1,1,1,0.0,998,998,Baja,0,Mañana,Baja,Mañana,Bajo Riesgo
7215,2024,4,3,19,6,6015,3,2,No inventariada,13.6,4,4,9,20.0,0,0,1,1,0,0,1,1,2,0,0,0,0,0,0,0,0,0,0,0,0,0,0,0,0,0,0,0,0,0,0,0,1.0,1,1,1,0.0,998,998,Baja,0,Noche,Baja,Noche,Bajo Riesgo
7216,2024,4,1,8,6,6015,3,2,No inventariada,13.6,4,4,9,7.0,0,0,1,1,0,0,1,1,1,0,0,0,0,0,0,0,0,0,0,0,0,0,0,0,0,0,0,0,0,0,0,0,2.0,1,1,1,0.0,4,998,Baja,0,Mañana,Baja,Mañana,Bajo Riesgo
7217,2024,4,2,19,6,6015,3,2,No inventariada,13.6,4,4,9,20.0,0,0,1,1,0,0,1,1,2,0,0,0,0,0,0,0,0,0,0,0,0,0,0,0,0,0,0,0,0,0,0,0,1.0,3,1,3,0.0,998,998,Baja,0,Noche,Baja,Noche,Bajo Riesgo
7218,2024,4,4,19,6,6015,3,2,No inventariada,13.6,4,4,9,2.0,0,0,1,1,0,0,1,1,2,0,0,0,0,0,0,0,0,0,0,0,0,0,0,0,0,0,0,0,0,0,0,0,1.0,1,1,1,0.0,998,998,Baja,0,Noche,Baja,Noche,Bajo Riesgo
7219,2024,5,6,11,6,6015,1,1,EX-110,59.8,1,2,6,2.0,0,0,1,1,0,0,1,1,2,0,0,0,0,0,0,0,0,0,0,0,0,0,0,0,0,0,0,0,0,0,0,0,1.0,1,1,1,0.0,998,1,Media,0,Mañana,Baja,Mañana,Bajo Riesgo
7220,2024,5,2,20,6,6015,3,2,No inventariada,13.6,4,4,9,4.0,0,0,1,1,0,0,1,1,2,0,0,0,0,0,0,0,0,0,0,0,0,0,0,0,0,0,0,0,0,0,0,0,2.0,1,1,1,0.0,998,998,Baja,0,Noche,Baja,Noche,Bajo Riesgo
7221,2024,5,3,16,6,6015,3,2,No inventariada,13.6,4,4,9,2.0,0,0,1,1,0,0,1,1,2,0,0,0,0,0,0,0,0,0,0,0,0,0,0,0,0,0,0,0,0,0,0,0,1.0,1,1,1,0.0,998,998,Baja,0,Tarde,Baja,Tarde,Bajo Riesgo
7222,2024,5,6,18,6,6015,3,2,No inventariada,13.6,4,4,9,7.0,0,0,1,1,0,0,1,1,1,0,0,0,0,0,0,0,0,0,0,0,0,0,0,0,0,0,0,0,0,0,0,0,1.0,1,1,1,0.0,4,998,Baja,0,Tarde,Baja,Noche,Bajo Riesgo
7223,2024,5,4,14,6,6015,3,2,No inventariada,13.6,4,4,9,4.0,0,0,1,1,0,0,1,1,3,0,0,0,0,0,0,0,0,0,0,0,0,0,0,0,0,0,0,0,0,0,0,0,2.0,1,1,1,0.0,998,998,Baja,0,Tarde,Baja,Tarde,Bajo Riesgo
7224,2024,5,5,15,6,6015,3,2,No inventariada,13.6,4,4,9,10.0,0,0,1,1,0,0,1,1,2,0,0,0,0,0,0,0,0,0,0,0,0,0,0,0,0,0,0,0,0,0,0,0,2.0,1,1,1,0.0,998,998,Baja,0,Tarde,Baja,Tarde,Bajo Riesgo