ID_ACCIDENTE,ANYO,MES,DIA_SEMANA,HORA,COD_PROVINCIA,COD_MUNICIPIO,ZONA,ZONA_AGRUPADA,CARRETERA,KM,SENTIDO_1F,TITULARIDAD_VIA,TIPO_VIA,TIPO_ACCIDENTE,TOTAL_MU24H,TOTAL_HG24H,TOTAL_HL24H,TOTAL_VICTIMAS_24H,TOTAL_MU30DF,TOTAL_HG30DF,TOTAL_HL30DF,TOTAL_VICTIMAS_30DF,TOTAL_VEHICULOS,TOT_PEAT_MU24H,TOT_BICI_MU24H,TOT_CICLO_MU24H,TOT_MOTO_MU24H,TOT_TUR_MU24H,TOT_FURG_MU24H,TOT_CAM_MENOS3500_MU24H,TOT_CAM_MAS3500_MU24H,TOT_BUS_MU24H,TOT_OTRO_MU24H,TOT_SINESPECIF_MU24H,TOT_PEAT_MU30DF,TOT_BICI_MU30DF,TOT_CICLO_MU30DF,TOT_MOTO_MU30DF,TOT_TUR_MU30DF,TOT_FURG_MU30DF,TOT_CAM_MENOS3500_MU30DF,TOT_CAM_MAS3500_MU30DF,TOT_BUS_MU30DF,TOT_VMP_MU30DF,TOT_OTRO_MU30DF,TOT_SINESPECIF_MU30DF,NUDO,CONDICION_FIRME,CONDICION_ILUMINACION,CONDICION_METEO,CONDICION_NIEBLA,ACERA,TRAZADO_PLANTA,ZONA_KM,HAY_NIEBLA,TRAMO_HORA,gravedad_accidente,tramo_horario,zona_riesgo
10959,2024,1,5,11,8,8138,3,2,No inventariada,13.6,4,5,14,20.0,0,1,0,1,0,1,0,1,1,0,0,0,0,0,0,0,0,0,0,0,0,0,0,0,0,0,0,0,0,0,0,0,1.0,1,1,1,0.0,998,998,Baja,0,Mañana,Baja,Mañana,Bajo Riesgo
10960,2024,1,5,19,8,8107,2,2,C-1415b,7.0,4,5,6,7.0,0,0,1,1,0,0,1,1,1,0,0,0,0,0,0,0,0,0,0,0,0,0,0,0,0,0,0,0,0,0,0,0,2.0,3,5,4,0.0,0,4,Baja,0,Noche,Baja,Noche,Bajo Riesgo
10961,2024,1,5,21,8,0,1,1,B-23,14.2,4,1,2,6.0,0,0,1,1,0,0,1,1,1,0,0,0,0,0,0,0,0,0,0,0,0,0,0,0,0,0,0,0,0,0,0,0,1.0,3,5,4,0.0,998,4,Baja,0,Noche,Baja,Noche,Bajo Riesgo
10962,2024,1,6,2,8,8219,2,2,N-2,641.5,4,5,6,19.0,0,0,1,1,0,0,1,1,1,0,0,0,0,0,0,0,0,0,0,0,0,0,0,0,0,0,0,0,0,0,0,0,2.0,3,5,1,0.0,998,4,Muy Alta,0,Madrugada,Baja,Madrugada,Bajo Riesgo
10963,2024,1,6,21,8,8015,3,2,No inventariada,13.6,4,5,14,19.0,0,0,1,1,0,0,1,1,1,0,0,0,0,0,0,0,0,0,0,0,0,0,0,0,0,0,0,0,0,0,0,0,1.0,3,4,3,0.0,998,998,Baja,0,Noche,Baja,Noche,Bajo Riesgo
10964,2024,1,5,13,8,8259,1,1,C-35,55.0,4,5,6,4.0,0,0,1,1,0,0,1,1,3,0,0,0,0,0,0,0,0,0,0,0,0,0,0,0,0,0,0,0,0,0,0,0,1.0,3,1,1,0.0,998,4,Media,0,Tarde,Baja,Tarde,Bajo Riesgo
10965,2024,1,6,5,8,0,1,1,C-55,24.0,4,5,6,19.0,0,0,1,1,0,0,1,1,1,0,0,0,0,0,0,0,0,0,0,0,0,0,0,0,0,0,0,0,0,0,0,0,2.0,1,6,1,0.0,998,4,Baja,0,Madrugada,Baja,Madrugada,Bajo Riesgo
10966,2024,1,6,9,8,8044,1,1,B-224,1.4,4,5,6,9.0,0,0,1,1,0,0,1,1,1,0,0,0,0,0,0,0,0,0,0,0,0,0,0,0,0,0,0,0,0,0,0,0,1.0,3,1,1,0.0,998,4,Baja,0,Mañana,Baja,Mañana,Bajo Riesgo
10967,2024,1,6,12,8,8252,1,1,B-30,9.2,4,1,2,4.0,0,0,1,1,0,0,1,1,7,0,0,0,0,0,0,0,0,0,0,0,0,0,0,0,0,0,0,0,0,0,0,0,1.0,1,1,1,0.0,998,4,Baja,0,Mañana,Baja,Tarde,Bajo Riesgo
10968,2024,1,6,13,8,8217,1,1,A-2,606.8,4,1,3,4.0,0,0,1,1,0,0,1,1,1,0,0,0,0,0,0,0,0,0,0,0,0,0,0,0,0,0,0,0,0,0,0,0,1.0,1,1,1,0.0,998,4,Muy Alta,0,Tarde,Baja,Tarde,Bajo Riesgo
10969,2024,1,6,19,8,8278,1,1,B-520,4.2,4,5,6,19.0,0,0,1,1,0,0,1,1,1,0,0,0,0,0,0,0,0,0,0,0,0,0,0,0,0,0,0,0,0,0,0,0,1.0,1,6,1,0.0,998,4,Baja,0,Noche,Baja,Noche,Bajo Riesgo
10970,2024,1,6,18,8,8181,1,1,C-60,9.5,4,5,2,6.0,0,0,1,1,0,0,1,1,5,0,0,0,0,0,0,0,0,0,0,0,0,0,0,0,0,0,0,0,0,0,0,0,1.0,1,6,1,0.0,998,4,Baja,0,Tarde,Baja,Noche,Bajo Riesgo
10971,2024,1,6,18,8,8073,3,2,No inventariada,13.6,4,5,14,7.0,0,0,1,1,0,0,1,1,1,0,0,0,0,0,0,0,0,0,0,0,0,0,0,0,0,0,0,0,0,0,0,0,1.0,1,4,1,0.0,0,998,Baja,0,Tarde,Baja,Noche,Bajo Riesgo
10972,2024,1,1,7,8,8019,3,2,No inventariada,13.6,4,5,14,2.0,0,0,3,3,0,0,3,3,4,0,0,0,0,0,0,0,0,0,0,0,0,0,0,0,0,0,0,0,0,0,0,0,2.0,1,5,1,1.0,998,998,Baja,1,Mañana,Media,Mañana,Bajo Riesgo
10973,2024,1,1,20,8,8019,3,2,No inventariada,13.6,4,5,14,3.0,0,0,1,1,0,0,1,1,2,0,0,0,0,0,0,0,0,0,0,0,0,0,0,0,0,0,0,0,0,0,0,0,2.0,1,5,1,1.0,998,998,Baja,1,Noche,Baja,Noche,Bajo Riesgo
10974,2024,1,3,11,8,8019,3,2,No inventariada,13.6,4,5,14,7.0,0,0,1,1,0,0,1,1,1,0,0,0,0,0,0,0,0,0,0,0,0,0,0,0,0,0,0,0,0,0,0,0,1.0,1,1,1,1.0,0,998,Baja,1,Mañana,Baja,Mañana,Bajo Riesgo
10975,2024,1,2,8,8,8019,3,2,No inventariada,13.6,4,5,14,20.0,0,0,1,1,0,0,1,1,2,0,0,0,0,0,0,0,0,0,0,0,0,0,0,0,0,0,0,0,0,0,0,0,1.0,1,1,1,1.0,998,998,Baja,1,Mañana,Baja,Mañana,Bajo Riesgo
10976,2024,1,2,14,8,8019,3,2,No inventariada,13.6,4,5,14,2.0,0,0,1,1,0,0,1,1,2,0,0,0,0,0,0,0,0,0,0,0,0,0,0,0,0,0,0,0,0,0,0,0,2.0,1,1,1,1.0,998,998,Baja,1,Tarde,Baja,Tarde,Bajo Riesgo
10977,2024,1,2,14,8,8019,3,2,No inventariada,13.6,4,5,14,7.0,0,0,2,2,0,0,2,2,1,0,0,0,0,0,0,0,0,0,0,0,0,0,0,0,0,0,0,0,0,0,0,0,1.0,1,1,1,1.0,0,998,Baja,1,Tarde,Baja,Tarde,Bajo Riesgo
10978,2024,1,2,22,8,8019,3,2,No inventariada,13.6,4,5,14,3.0,0,0,1,1,0,0,1,1,2,0,0,0,0,0,0,0,0,0,0,0,0,0,0,0,0,0,0,0,0,0,0,0,1.0,1,5,1,1.0,998,998,Baja,1,Noche,Baja,Noche,Bajo Riesgo
10979,2024,1,3,9,8,8019,3,2,No inventariada,13.6,4,5,14,2.0,0,0,1,1,0,0,1,1,2,0,0,0,0,0,0,0,0,0,0,0,0,0,0,0,0,0,0,0,0,0,0,0,2.0,1,1,1,1.0,998,998,Baja,1,Mañana,Baja,Mañana,Bajo Riesgo
10980,2024,1,3,15,8,8019,3,2,No inventariada,13.6,4,5,14,20.0,0,0,1,1,0,0,1,1,1,0,0,0,0,0,0,0,0,0,0,0,0,0,0,0,0,0,0,0,0,0,0,0,2.0,1,1,1,1.0,998,998,Baja,1,Tarde,Baja,Tarde,Bajo Riesgo
10981,2024,1,3,19,8,8019,3,2,No inventariada,13.6,4,5,14,2.0,0,0,1,1,0,0,1,1,2,0,0,0,0,0,0,0,0,0,0,0,0,0,0,0,0,0,0,0,0,0,0,0,2.0,1,5,1,1.0,998,998,Baja,1,Noche,Baja,Noche,Bajo Riesgo
10982,2024,1,4,13,8,8019,3,2,No inventariada,13.6,4,5,14,7.0,0,0,2,2,0,0,2,2,1,0,0,0,0,0,0,0,0,0,0,0,0,0,0,0,0,0,0,0,0,0,0,0,1.0,1,1,1,1.0,0,998,Baja,1,Tarde,Baja,Tarde,Bajo Riesgo
10983,2024,1,4,17,8,8019,3,2,No inventariada,13.6,4,5,14,20.0,0,0,1,1,0,0,1,1,1,0,0,0,0,0,0,0,0,0,0,0,0,0,0,0,0,0,0,0,0,0,0,0,1.0,1,1,1,1.0,998,998,Baja,1,Tarde,Baja,Tarde,Bajo Riesgo
10984,2024,1,5,10,8,8019,3,2,No inventariada,13.6,4,5,14,2.0,0,0,1,1,0,0,1,1,2,0,0,0,0,0,0,0,0,0,0,0,0,0,0,0,0,0,0,0,0,0,0,0,2.0,3,1,1,1.0,998,998,Baja,1,Mañana,Baja,Mañana,Bajo Riesgo
10985,2024,1,5,12,8,8019,3,2,No inventariada,13.6,4,5,14,7.0,0,0,1,1,0,0,1,1,1,0,0,0,0,0,0,0,0,0,0,0,0,0,0,0,0,0,0,0,0,0,0,0,1.0,1,1,1,1.0,0,998,Baja,1,Mañana,Baja,Tarde,Bajo Riesgo
10986,2024,1,5,13,8,8019,3,2,No inventariada,13.6,4,5,14,7.0,0,0,1,1,0,0,1,1,2,0,0,0,0,0,0,0,0,0,0,0,0,0,0,0,0,0,0,0,0,0,0,0,1.0,1,1,1,1.0,0,998,Baja,1,Tarde,Baja,Tarde,Bajo Riesgo
10987,2024,1,5,14,8,8019,3,2,No inventariada,13.6,4,5,14,7.0,0,0,1,1,0,0,1,1,1,0,0,0,0,0,0,0,0,0,0,0,0,0,0,0,0,0,0,0,0,0,0,0,1.0,1,1,1,1.0,0,998,Baja,1,Tarde,Baja,Tarde,Bajo Riesgo
10988,2024,1,5,15,8,8019,3,2,No inventariada,13.6,4,5,14,20.0,0,0,1,1,0,0,1,1,2,0,0,0,0,0,0,0,0,0,0,0,0,0,0,0,0,0,0,0,0,0,0,0,1.0,1,1,1,1.0,998,998,Baja,1,Tarde,Baja,Tarde,Bajo Riesgo
10989,2024,1,5,20,8,8019,3,2,No inventariada,13.6,4,5,14,9.0,0,0,1,1,0,0,1,1,1,0,0,0,0,0,0,0,0,0,0,0,0,0,0,0,0,0,0,0,0,0,0,0,1.0,3,5,3,1.0,998,998,Baja,1,Noche,Baja,Noche,Bajo Riesgo
10990,2024,1,5,20,8,8019,3,2,No inventariada,13.6,4,5,14,2.0,0,0,1,1,0,0,1,1,2,0,0,0,0,0,0,0,0,0,0,0,0,0,0,0,0,0,0,0,0,0,0,0,2.0,3,5,3,1.0,998,998,Baja,1,Noche,Baja,Noche,Bajo Riesgo
10991,2024,1,6,11,8,8019,3,2,No inventariada,13.6,4,5,14,20.0,0,0,1,1,0,0,1,1,2,0,0,0,0,0,0,0,0,0,0,0,0,0,0,0,0,0,0,0,0,0,0,0,1.0,1,1,1,1.0,998,998,Baja,1,Mañana,Baja,Mañana,Bajo Riesgo
10992,2024,1,5,21,8,8019,3,2,No inventariada,13.6,4,5,14,3.0,0,0,1,1,0,0,1,1,2,0,0,0,0,0,0,0,0,0,0,0,0,0,0,0,0,0,0,0,0,0,0,0,1.0,3,5,3,1.0,998,998,Baja,1,Noche,Baja,Noche,Bajo Riesgo
10993,2024,1,6,16,8,8019,3,2,No inventariada,13.6,4,5,14,20.0,0,0,1,1,0,0,1,1,1,0,0,0,0,0,0,0,0,0,0,0,0,0,0,0,0,0,0,0,0,0,0,0,1.0,1,1,1,1.0,998,998,Baja,1,Tarde,Baja,Tarde,Bajo Riesgo
10994,2024,1,7,5,8,8019,3,2,No inventariada,13.6,4,5,14,3.0,0,0,2,2,0,0,2,2,2,0,0,0,0,0,0,0,0,0,0,0,0,0,0,0,0,0,0,0,0,0,0,0,2.0,1,5,1,1.0,998,998,Baja,1,Madrugada,Baja,Madrugada,Bajo Riesgo
10995,2024,1,7,14,8,8019,3,2,No inventariada,13.6,4,5,14,20.0,0,0,1,1,0,0,1,1,1,0,0,0,0,0,0,0,0,0,0,0,0,0,0,0,0,0,0,0,0,0,0,0,1.0,1,1,1,1.0,998,998,Baja,1,Tarde,Baja,Tarde,Bajo Riesgo
10996,2024,1,7,6,8,8252,3,2,No inventariada,13.6,4,5,14,18.0,0,0,1,1,0,0,1,1,1,0,0,0,0,0,0,0,0,0,0,0,0,0,0,0,0,0,0,0,0,0,0,0,2.0,1,4,1,0.0,998,998,Baja,0,Madrugada,Baja,Mañana,Bajo Riesgo
10997,2024,1,7,9,8,8138,1,1,No inventariada,0.0,4,5,6,9.0,0,0,1,1,0,0,1,1,1,0,0,0,0,0,0,0,0,0,0,0,0,0,0,0,0,0,0,0,0,0,0,0,1.0,3,1,1,0.0,998,4,,0,Mañana,Baja,Mañana,Bajo Riesgo
10998,2024,1,7,10,8,8238,1,1,C-1413a,13.8,4,5,6,3.0,0,0,2,2,0,0,2,2,2,0,0,0,0,0,0,0,0,0,0,0,0,0,0,0,0,0,0,0,0,0,0,0,2.0,1,1,1,0.0,998,4,Baja,0,Mañana,Baja,Mañana,Bajo Riesgo
10999,2024,1,6,6,8,8054,1,1,A-2,591.5,2,1,3,4.0,0,1,1,2,0,1,1,2,2,0,0,0,0,0,0,0,0,0,0,0,0,0,0,0,0,0,0,0,0,0,0,0,1.0,1,2,1,0.0,998,2,Muy Alta,0,Madrugada,Baja,Mañana,Bajo Riesgo
11000,2024,1,7,15,8,8217,1,1,A-2,606.5,4,1,3,3.0,0,0,1,1,0,0,1,1,2,0,0,0,0,0,0,0,0,0,0,0,0,0,0,0,0,0,0,0,0,0,0,0,1.0,1,1,1,0.0,998,4,Muy Alta,0,Tarde,Baja,Tarde,Bajo Riesgo
11001,2024,1,7,22,8,8305,1,1,AP-7,194.5,4,1,2,2.0,0,0,1,1,0,0,1,1,4,0,0,0,0,0,0,0,0,0,0,0,0,0,0,0,0,0,0,0,0,0,0,0,1.0,1,6,1,0.0,998,4,Alta,0,Noche,Baja,Noche,Bajo Riesgo
11002,2024,1,1,19,8,8019,3,2,No inventariada,13.6,4,5,14,20.0,0,0,2,2,0,0,2,2,3,0,0,0,0,0,0,0,0,0,0,0,0,0,0,0,0,0,0,0,0,0,0,0,1.0,1,5,1,1.0,998,998,Baja,1,Noche,Baja,Noche,Bajo Riesgo
11003,2024,1,4,8,8,8019,3,2,No inventariada,13.6,4,5,14,1.0,0,0,1,1,0,0,1,1,2,0,0,0,0,0,0,0,0,0,0,0,0,0,0,0,0,0,0,0,0,0,0,0,2.0,1,1,1,1.0,998,998,Baja,1,Mañana,Baja,Mañana,Bajo Riesgo
11004,2024,1,5,7,8,8019,3,2,No inventariada,13.6,4,5,14,3.0,0,0,1,1,0,0,1,1,2,0,0,0,0,0,0,0,0,0,0,0,0,0,0,0,0,0,0,0,0,0,0,0,2.0,1,5,1,1.0,998,998,Baja,1,Mañana,Baja,Mañana,Bajo Riesgo
11005,2024,1,4,21,8,8019,3,2,No inventariada,13.6,4,5,14,20.0,0,0,1,1,0,0,1,1,2,0,0,0,0,0,0,0,0,0,0,0,0,0,0,0,0,0,0,0,0,0,0,0,2.0,1,5,1,1.0,998,998,Baja,1,Noche,Baja,Noche,Bajo Riesgo
11006,2024,1,5,18,8,8019,3,2,No inventariada,13.6,4,5,14,9.0,0,0,1,1,0,0,1,1,2,0,0,0,0,0,0,0,0,0,0,0,0,0,0,0,0,0,0,0,0,0,0,0,2.0,3,5,1,1.0,998,998,Baja,1,Tarde,Baja,Noche,Bajo Riesgo
11007,2024,1,5,22,8,8019,3,2,No inventariada,13.6,4,5,14,20.0,0,0,1,1,0,0,1,1,3,0,0,0,0,0,0,0,0,0,0,0,0,0,0,0,0,0,0,0,0,0,0,0,1.0,3,5,1,1.0,998,998,Baja,1,Noche,Baja,Noche,Bajo Riesgo
11008,2024,1,5,23,8,8019,3,2,No inventariada,13.6,4,5,14,2.0,0,0,1,1,0,0,1,1,2,0,0,0,0,0,0,0,0,0,0,0,0,0,0,0,0,0,0,0,0,0,0,0,2.0,3,5,3,1.0,998,998,Baja,1,Noche,Baja,Noche,Bajo Riesgo
11009,2024,1,6,21,8,8019,3,2,No inventariada,13.6,4,5,14,9.0,0,0,1,1,0,0,1,1,2,0,0,0,0,0,0,0,0,0,0,0,0,0,0,0,0,0,0,0,0,0,0,0,2.0,1,5,1,1.0,998,998,Baja,1,Noche,Baja,Noche,Bajo Riesgo
11010,2024,1,1,8,8,8019,3,2,No inventariada,13.6,4,5,14,20.0,0,0,1,1,0,0,1,1,1,0,0,0,0,0,0,0,0,0,0,0,0,0,0,0,0,0,0,0,0,0,0,0,2.0,1,1,1,1.0,998,998,Baja,1,Mañana,Baja,Mañana,Bajo Riesgo
11011,2024,1,1,12,8,8019,3,2,No inventariada,13.6,4,5,14,7.0,0,0,1,1,0,0,1,1,1,0,0,0,0,0,0,0,0,0,0,0,0,0,0,0,0,0,0,0,0,0,0,0,2.0,1,1,1,1.0,0,998,Baja,1,Mañana,Baja,Tarde,Bajo Riesgo
11012,2024,1,1,22,8,8101,3,2,No inventariada,13.6,4,5,14,2.0,0,0,1,1,0,0,1,1,2,0,0,0,0,0,0,0,0,0,0,0,0,0,0,0,0,0,0,0,0,0,0,0,2.0,1,4,1,0.0,998,998,Baja,0,Noche,Baja,Noche,Bajo Riesgo
11013,2024,1,2,20,8,8169,3,2,No inventariada,13.6,4,5,14,2.0,0,0,1,1,0,0,1,1,2,0,0,0,0,0,0,0,0,0,0,0,0,0,0,0,0,0,0,0,0,0,0,0,2.0,1,4,1,0.0,998,998,Baja,0,Noche,Baja,Noche,Bajo Riesgo
11014,2024,1,7,11,8,8169,3,2,No inventariada,13.6,4,5,14,7.0,0,0,1,1,0,0,1,1,1,0,0,0,0,0,0,0,0,0,0,0,0,0,0,0,0,0,0,0,0,0,0,0,2.0,1,1,1,0.0,0,998,Baja,0,Mañana,Baja,Mañana,Bajo Riesgo
11015,2024,1,7,22,8,8101,3,2,No inventariada,13.6,4,5,14,20.0,0,0,1,1,0,0,1,1,3,0,0,0,0,0,0,0,0,0,0,0,0,0,0,0,0,0,0,0,0,0,0,0,1.0,1,1,1,0.0,998,998,Baja,0,Noche,Baja,Noche,Bajo Riesgo
11016,2024,1,5,15,8,8266,1,1,B-30,8.5,4,1,2,4.0,0,0,1,1,0,0,1,1,2,0,0,0,0,0,0,0,0,0,0,0,0,0,0,0,0,0,0,0,0,0,0,0,1.0,1,1,1,0.0,998,4,Baja,0,Tarde,Baja,Tarde,Bajo Riesgo
11017,2024,1,5,23,8,8260,1,1,C-59,2.7,4,5,3,19.0,0,0,1,1,0,0,1,1,1,0,0,0,0,0,0,0,0,0,0,0,0,0,0,0,0,0,0,0,0,0,0,0,2.0,1,4,1,0.0,998,4,Baja,0,Noche,Baja,Noche,Bajo Riesgo
11018,2024,1,6,18,8,8300,1,1,B-245,1.2,4,5,6,4.0,0,0,1,1,0,0,1,1,2,0,0,0,0,0,0,0,0,0,0,0,0,0,0,0,0,0,0,0,0,0,0,0,2.0,1,6,1,0.0,998,4,Baja,0,Tarde,Baja,Noche,Bajo Riesgo
11019,2024,1,6,19,8,8125,1,1,C-33,79.5,4,5,2,4.0,0,0,2,2,0,0,2,2,2,0,0,0,0,0,0,0,0,0,0,0,0,0,0,0,0,0,0,0,0,0,0,0,1.0,1,5,1,0.0,998,4,Media,0,Noche,Baja,Noche,Bajo Riesgo
11020,2024,1,7,11,8,8019,1,1,C-58,0.0,4,5,2,4.0,0,0,2,2,0,0,2,2,2,0,0,0,0,0,0,0,0,0,0,0,0,0,0,0,0,0,0,0,0,0,0,0,1.0,1,1,1,0.0,998,4,,0,Mañana,Baja,Mañana,Bajo Riesgo
11021,2024,1,1,4,8,8007,2,2,C-61,2.8,4,5,6,4.0,0,1,0,1,0,1,0,1,2,0,0,0,0,0,0,0,0,0,0,0,0,0,0,0,0,0,0,0,0,0,0,0,1.0,1,1,1,0.0,998,4,Baja,0,Madrugada,Baja,Madrugada,Bajo Riesgo
11022,2024,1,1,5,8,8147,1,1,B-120,11.9,4,5,6,19.0,0,0,1,1,0,0,1,1,1,0,0,0,0,0,0,0,0,0,0,0,0,0,0,0,0,0,0,0,0,0,0,0,1.0,1,5,1,0.0,998,4,Baja,0,Madrugada,Baja,Madrugada,Bajo Riesgo
11023,2024,1,1,5,8,8267,1,1,C-1413a,34.8,4,5,6,3.0,0,0,1,1,0,0,1,1,1,0,0,0,0,0,0,0,0,0,0,0,0,0,0,0,0,0,0,0,0,0,0,0,1.0,1,6,1,0.0,998,4,Baja,0,Madrugada,Baja,Madrugada,Bajo Riesgo
11024,2024,1,1,7,8,8221,1,1,B-23,2.8,4,1,2,4.0,0,0,1,1,0,0,1,1,2,0,0,0,0,0,0,0,0,0,0,0,0,0,0,0,0,0,0,0,0,0,0,0,1.0,1,4,1,0.0,998,4,Baja,0,Mañana,Baja,Mañana,Bajo Riesgo
11025,2024,1,1,7,8,8205,1,1,AP-7,159.0,4,1,2,4.0,0,0,1,1,0,0,1,1,2,0,0,0,0,0,0,0,0,0,0,0,0,0,0,0,0,0,0,0,0,0,0,0,1.0,1,1,1,0.0,998,4,Alta,0,Mañana,Baja,Mañana,Bajo Riesgo
11026,2024,1,1,15,8,8101,1,1,C-31,195.5,4,5,3,20.0,0,0,1,1,0,0,1,1,2,0,0,0,0,0,0,0,0,0,0,0,0,0,0,0,0,0,0,0,0,0,0,0,1.0,1,1,1,0.0,998,4,Alta,0,Tarde,Baja,Tarde,Bajo Riesgo
11027,2024,1,1,13,8,8051,1,1,B-124,5.3,2,3,6,20.0,0,1,0,1,0,1,0,1,2,0,0,0,0,0,0,0,0,0,0,0,0,0,0,0,0,0,0,0,0,0,0,0,2.0,1,1,1,0.0,998,2,Baja,0,Tarde,Baja,Tarde,Bajo Riesgo
11028,2024,1,1,15,8,0,1,1,C-61,12.4,4,5,6,19.0,0,0,1,1,0,0,1,1,1,0,0,0,0,0,0,0,0,0,0,0,0,0,0,0,0,0,0,0,0,0,0,0,1.0,1,1,1,0.0,998,4,Baja,0,Tarde,Baja,Tarde,Bajo Riesgo
11029,2024,1,1,19,8,8184,1,1,C-1413a,14.0,4,5,6,9.0,0,0,1,1,0,0,1,1,1,0,0,0,0,0,0,0,0,0,0,0,0,0,0,0,0,0,0,0,0,0,0,0,2.0,8,5,1,0.0,998,4,Baja,0,Noche,Baja,Noche,Bajo Riesgo
11030,2024,1,1,20,8,8208,1,1,B-224,22.3,4,5,6,8.0,0,0,2,2,0,0,2,2,1,0,0,0,0,0,0,0,0,0,0,0,0,0,0,0,0,0,0,0,0,0,0,0,1.0,1,6,1,0.0,998,4,Baja,0,Noche,Baja,Noche,Bajo Riesgo
11031,2024,1,1,20,8,8106,1,1,AP-7,122.5,4,1,2,4.0,0,0,1,1,0,0,1,1,2,0,0,0,0,0,0,0,0,0,0,0,0,0,0,0,0,0,0,0,0,0,0,0,1.0,1,6,1,0.0,998,4,Alta,0,Noche,Baja,Noche,Bajo Riesgo
11032,2024,1,5,6,8,8030,2,2,BV-5022,2.2,4,5,14,2.0,0,0,1,1,0,0,1,1,2,0,0,0,0,0,0,0,0,0,0,0,0,0,0,0,0,0,0,0,0,0,0,0,2.0,1,2,1,0.0,998,4,Baja,0,Madrugada,Baja,Mañana,Bajo Riesgo
11033,2024,1,1,7,8,8282,3,2,No inventariada,13.6,4,5,14,9.0,0,0,1,1,0,0,1,1,1,0,0,0,0,0,0,0,0,0,0,0,0,0,0,0,0,0,0,0,0,0,0,0,1.0,1,2,1,0.0,998,998,Baja,0,Mañana,Baja,Mañana,Bajo Riesgo
11034,2024,1,1,21,8,8124,3,2,No inventariada,13.6,4,5,14,9.0,0,0,1,1,0,0,1,1,1,0,0,0,0,0,0,0,0,0,0,0,0,0,0,0,0,0,0,0,0,0,0,0,2.0,1,4,1,0.0,998,998,Baja,0,Noche,Baja,Noche,Bajo Riesgo
11035,2024,1,4,9,8,8124,3,2,No inventariada,13.6,4,5,14,7.0,0,0,1,1,0,0,1,1,1,0,0,0,0,0,0,0,0,0,0,0,0,0,0,0,0,0,0,0,0,0,0,0,2.0,1,1,1,0.0,0,998,Baja,0,Mañana,Baja,Mañana,Bajo Riesgo
11036,2024,1,2,13,8,8019,3,2,No inventariada,13.6,4,5,14,3.0,0,0,1,1,0,0,1,1,2,0,0,0,0,0,0,0,0,0,0,0,0,0,0,0,0,0,0,0,0,0,0,0,2.0,1,1,1,1.0,998,998,Baja,1,Tarde,Baja,Tarde,Bajo Riesgo
11037,2024,1,5,14,8,8019,3,2,No inventariada,13.6,4,5,14,20.0,0,0,4,4,0,0,4,4,3,0,0,0,0,0,0,0,0,0,0,0,0,0,0,0,0,0,0,0,0,0,0,0,1.0,1,1,1,1.0,998,998,Baja,1,Tarde,Media,Tarde,Bajo Riesgo
11038,2024,1,6,21,8,8019,3,2,No inventariada,13.6,4,5,14,3.0,0,0,1,1,0,0,1,1,2,0,0,0,0,0,0,0,0,0,0,0,0,0,0,0,0,0,0,0,0,0,0,0,2.0,1,5,1,1.0,998,998,Baja,1,Noche,Baja,Noche,Bajo Riesgo
11039,2024,1,7,10,8,8019,3,2,No inventariada,13.6,4,5,14,7.0,0,0,2,2,0,0,2,2,1,0,0,0,0,0,0,0,0,0,0,0,0,0,0,0,0,0,0,0,0,0,0,0,1.0,1,1,1,1.0,0,998,Baja,1,Mañana,Baja,Mañana,Bajo Riesgo
11040,2024,1,7,12,8,8019,3,2,No inventariada,13.6,4,5,14,20.0,0,0,3,3,0,0,3,3,2,0,0,0,0,0,0,0,0,0,0,0,0,0,0,0,0,0,0,0,0,0,0,0,1.0,1,1,1,1.0,998,998,Baja,1,Mañana,Media,Tarde,Bajo Riesgo
11041,2024,1,1,10,8,8019,3,2,No inventariada,13.6,4,5,14,20.0,0,0,1,1,0,0,1,1,2,0,0,0,0,0,0,0,0,0,0,0,0,0,0,0,0,0,0,0,0,0,0,0,1.0,1,1,1,1.0,998,998,Baja,1,Mañana,Baja,Mañana,Bajo Riesgo
11042,2024,1,1,10,8,8019,3,2,No inventariada,13.6,4,5,14,7.0,0,0,1,1,0,0,1,1,1,0,0,0,0,0,0,0,0,0,0,0,0,0,0,0,0,0,0,0,0,0,0,0,2.0,1,1,1,1.0,0,998,Baja,1,Mañana,Baja,Mañana,Bajo Riesgo
11043,2024,1,1,11,8,8019,3,2,No inventariada,13.6,4,5,14,3.0,0,0,2,2,0,0,2,2,2,0,0,0,0,0,0,0,0,0,0,0,0,0,0,0,0,0,0,0,0,0,0,0,2.0,1,1,1,1.0,998,998,Baja,1,Mañana,Baja,Mañana,Bajo Riesgo
11044,2024,1,1,12,8,8019,3,2,No inventariada,13.6,4,5,14,7.0,0,0,1,1,0,0,1,1,1,0,0,0,0,0,0,0,0,0,0,0,0,0,0,0,0,0,0,0,0,0,0,0,2.0,1,1,1,1.0,0,998,Baja,1,Mañana,Baja,Tarde,Bajo Riesgo
11045,2024,1,1,12,8,8019,3,2,No inventariada,13.6,4,5,14,20.0,0,0,1,1,0,0,1,1,2,0,0,0,0,0,0,0,0,0,0,0,0,0,0,0,0,0,0,0,0,0,0,0,1.0,1,1,1,1.0,998,998,Baja,1,Mañana,Baja,Tarde,Bajo Riesgo
11046,2024,1,1,18,8,8019,3,2,No inventariada,13.6,4,5,14,2.0,0,0,1,1,0,0,1,1,2,0,0,0,0,0,0,0,0,0,0,0,0,0,0,0,0,0,0,0,0,0,0,0,2.0,1,5,1,1.0,998,998,Baja,1,Tarde,Baja,Noche,Bajo Riesgo