ID_ACCIDENTE,ANYO,MES,DIA_SEMANA,HORA,COD_PROVINCIA,COD_MUNICIPIO,ZONA,ZONA_AGRUPADA,CARRETERA,KM,SENTIDO_1F,TITULARIDAD_VIA,TIPO_VIA,TIPO_ACCIDENTE,TOTAL_MU24H,TOTAL_HG24H,TOTAL_HL24H,TOTAL_VICTIMAS_24H,TOTAL_MU30DF,TOTAL_HG30DF,TOTAL_HL30DF,TOTAL_VICTIMAS_30DF,TOTAL_VEHICULOS,TOT_PEAT_MU24H,TOT_BICI_MU24H,TOT_CICLO_MU24H,TOT_MOTO_MU24H,TOT_TUR_MU24H,TOT_FURG_MU24H,TOT_CAM_MENOS3500_MU24H,TOT_CAM_MAS3500_MU24H,TOT_BUS_MU24H,TOT_OTRO_MU24H,TOT_SINESPECIF_MU24H,TOT_PEAT_MU30DF,TOT_BICI_MU30DF,TOT_CICLO_MU30DF,TOT_MOTO_MU30DF,TOT_TUR_MU30DF,TOT_FURG_MU30DF,TOT_CAM_MENOS3500_MU30DF,TOT_CAM_MAS3500_MU30DF,TOT_BUS_MU30DF,TOT_VMP_MU30DF,TOT_OTRO_MU30DF,TOT_SINESPECIF_MU30DF,NUDO,CONDICION_FIRME,CONDICION_ILUMINACION,CONDICION_METEO,CONDICION_NIEBLA,ACERA,TRAZADO_PLANTA,ZONA_KM,HAY_NIEBLA,TRAMO_HORA,gravedad_accidente,tramo_horario,zona_riesgo
15640,2024,4,2,10,8,8205,1,1,BP-1417,7.0,4,5,6,19.0,0,0,1,1,0,0,1,1,1,0,0,0,0,0,0,0,0,0,0,0,0,0,0,0,0,0,0,0,0,0,0,0,1.0,3,1,1,0.0,998,4,Baja,0,Mañana,Baja,Mañana,Bajo Riesgo
15641,2024,4,2,18,8,8205,1,1,B-30,0.8,4,1,2,4.0,0,0,5,5,0,0,5,5,2,0,0,0,0,0,0,0,0,0,0,0,0,0,0,0,0,0,0,0,0,0,0,0,2.0,1,1,1,0.0,998,4,Baja,0,Tarde,Media,Noche,Bajo Riesgo
15642,2024,5,4,14,8,8187,1,1,C-58,10.9,4,5,2,4.0,0,0,1,1,0,0,1,1,2,0,0,0,0,0,0,0,0,0,0,0,0,0,0,0,0,0,0,0,0,0,0,0,1.0,1,1,1,0.0,998,4,Baja,0,Tarde,Baja,Tarde,Bajo Riesgo
15643,2024,5,1,15,8,8118,1,1,N-2,632.8,4,5,6,3.0,0,0,1,1,0,0,1,1,2,0,0,0,0,0,0,0,0,0,0,0,0,0,0,0,0,0,0,0,0,0,0,0,2.0,1,1,1,0.0,998,4,Muy Alta,0,Tarde,Baja,Tarde,Bajo Riesgo
15644,2024,5,1,15,8,8235,1,1,C-32,116.0,4,5,2,4.0,0,0,1,1,0,0,1,1,2,0,0,0,0,0,0,0,0,0,0,0,0,0,0,0,0,0,0,0,0,0,0,0,1.0,1,1,1,0.0,998,4,Alta,0,Tarde,Baja,Tarde,Bajo Riesgo
15645,2024,5,2,8,8,8123,1,1,B-23,10.0,4,1,2,4.0,0,0,1,1,0,0,1,1,2,0,0,0,0,0,0,0,0,0,0,0,0,0,0,0,0,0,0,0,0,0,0,0,1.0,1,1,1,0.0,998,4,Baja,0,Mañana,Baja,Mañana,Bajo Riesgo
15646,2024,5,2,8,8,0,1,1,BV-2131,1.2,4,5,6,9.0,0,0,1,1,0,0,1,1,2,0,0,0,0,0,0,0,0,0,0,0,0,0,0,0,0,0,0,0,0,0,0,0,1.0,1,1,1,0.0,998,4,Baja,0,Mañana,Baja,Mañana,Bajo Riesgo
15647,2024,5,2,8,8,8181,1,1,C-35,41.0,4,5,6,19.0,0,0,1,1,0,0,1,1,1,0,0,0,0,0,0,0,0,0,0,0,0,0,0,0,0,0,0,0,0,0,0,0,1.0,1,1,1,0.0,998,4,Baja,0,Mañana,Baja,Mañana,Bajo Riesgo
15648,2024,5,2,9,8,8307,1,1,No inventariada,0.0,4,5,6,4.0,0,0,1,1,0,0,1,1,2,0,0,0,0,0,0,0,0,0,0,0,0,0,0,0,0,0,0,0,0,0,0,0,2.0,1,1,1,0.0,998,4,,0,Mañana,Baja,Mañana,Bajo Riesgo
15649,2024,5,2,9,8,8217,1,1,A-2,607.0,4,1,3,4.0,0,0,1,1,0,0,1,1,2,0,0,0,0,0,0,0,0,0,0,0,0,0,0,0,0,0,0,0,0,0,0,0,2.0,1,1,1,0.0,998,4,Muy Alta,0,Mañana,Baja,Mañana,Bajo Riesgo
15650,2024,5,2,14,8,8073,1,1,C-32,60.0,4,5,3,3.0,0,0,1,1,0,0,1,1,2,0,0,0,0,0,0,0,0,0,0,0,0,0,0,0,0,0,0,0,0,0,0,0,2.0,1,1,1,0.0,998,4,Media,0,Tarde,Baja,Tarde,Bajo Riesgo
15651,2024,5,2,18,8,0,1,1,C-55,18.0,4,5,6,3.0,0,0,1,1,0,0,1,1,2,0,0,0,0,0,0,0,0,0,0,0,0,0,0,0,0,0,0,0,0,0,0,0,2.0,1,1,1,0.0,998,4,Baja,0,Tarde,Baja,Noche,Bajo Riesgo
15652,2024,5,2,19,8,0,1,1,BP-2151,11.5,4,5,6,19.0,0,0,1,1,0,0,1,1,1,0,0,0,0,0,0,0,0,0,0,0,0,0,0,0,0,0,0,0,0,0,0,0,1.0,3,1,3,0.0,998,4,Baja,0,Noche,Baja,Noche,Bajo Riesgo
15653,2024,5,2,20,8,8270,1,1,C-31,171.9,4,5,6,9.0,0,0,1,1,0,0,1,1,1,0,0,0,0,0,0,0,0,0,0,0,0,0,0,0,0,0,0,0,0,0,0,0,1.0,3,1,1,0.0,998,4,Alta,0,Noche,Baja,Noche,Bajo Riesgo
15654,2024,5,2,19,8,8054,1,1,AP-7,163.9,4,1,2,3.0,0,0,1,1,0,0,1,1,2,0,0,0,0,0,0,0,0,0,0,0,0,0,0,0,0,0,0,0,0,0,0,0,1.0,1,1,1,0.0,998,4,Alta,0,Noche,Baja,Noche,Bajo Riesgo
15655,2024,5,2,23,8,8902,1,1,BV-5001,22.5,4,5,6,1.0,0,0,1,1,0,0,1,1,2,0,0,0,0,0,0,0,0,0,0,0,0,0,0,0,0,0,0,0,0,0,0,0,1.0,3,6,1,0.0,998,4,Baja,0,Noche,Baja,Noche,Bajo Riesgo
15656,2024,5,2,8,8,8298,3,2,No inventariada,13.6,4,5,14,7.0,0,0,1,1,0,0,1,1,1,0,0,0,0,0,0,0,0,0,0,0,0,0,0,0,0,0,0,0,0,0,0,0,2.0,1,1,1,0.0,0,998,Baja,0,Mañana,Baja,Mañana,Bajo Riesgo
15657,2024,5,2,11,8,8073,3,2,No inventariada,13.6,4,5,14,2.0,0,0,1,1,0,0,1,1,2,0,0,0,0,0,0,0,0,0,0,0,0,0,0,0,0,0,0,0,0,0,0,0,2.0,1,1,1,0.0,998,998,Baja,0,Mañana,Baja,Mañana,Bajo Riesgo
15658,2024,4,1,21,8,8121,3,2,No inventariada,13.6,4,5,14,2.0,0,0,1,1,0,0,1,1,2,0,0,0,0,0,0,0,0,0,0,0,0,0,0,0,0,0,0,0,0,0,0,0,2.0,3,4,3,0.0,998,998,Baja,0,Noche,Baja,Noche,Bajo Riesgo
15659,2024,5,2,6,8,8282,1,1,B-500,4.5,4,2,6,6.0,0,0,1,1,0,0,1,1,1,0,0,0,0,0,0,0,0,0,0,0,0,0,0,0,0,0,0,0,0,0,0,0,1.0,1,6,1,0.0,998,4,Baja,0,Madrugada,Baja,Mañana,Bajo Riesgo
15660,2024,5,4,16,8,8121,2,2,No inventariada,13.6,4,5,14,4.0,0,0,1,1,0,0,1,1,2,0,0,0,0,0,0,0,0,0,0,0,0,0,0,0,0,0,0,0,0,0,0,0,1.0,1,1,1,0.0,998,4,Baja,0,Tarde,Baja,Tarde,Bajo Riesgo
15661,2024,5,3,20,8,8030,3,2,No inventariada,13.6,4,5,14,3.0,0,0,1,1,0,0,1,1,2,0,0,0,0,0,0,0,0,0,0,0,0,0,0,0,0,0,0,0,0,0,0,0,1.0,1,2,1,0.0,998,998,Baja,0,Noche,Baja,Noche,Bajo Riesgo
15662,2024,5,2,15,8,8298,3,2,No inventariada,13.6,4,5,14,1.0,0,0,1,1,0,0,1,1,2,0,0,0,0,0,0,0,0,0,0,0,0,0,0,0,0,0,0,0,0,0,0,0,1.0,1,1,1,0.0,998,998,Baja,0,Tarde,Baja,Tarde,Bajo Riesgo
15663,2024,5,5,17,8,8121,3,2,No inventariada,13.6,4,5,14,2.0,0,0,1,1,0,0,1,1,2,0,0,0,0,0,0,0,0,0,0,0,0,0,0,0,0,0,0,0,0,0,0,0,1.0,1,1,1,0.0,998,998,Baja,0,Tarde,Baja,Tarde,Bajo Riesgo
15664,2024,4,5,7,8,8015,3,2,No inventariada,13.6,4,5,14,9.0,0,0,1,1,0,0,1,1,1,0,0,0,0,0,0,0,0,0,0,0,0,0,0,0,0,0,0,0,0,0,0,0,2.0,3,1,1,0.0,998,998,Baja,0,Mañana,Baja,Mañana,Bajo Riesgo
15665,2024,4,3,22,8,8245,3,2,No inventariada,13.6,4,5,14,2.0,0,0,1,1,0,0,1,1,2,0,0,0,0,0,0,0,0,0,0,0,0,0,0,0,0,0,0,0,0,0,0,0,2.0,3,4,3,0.0,998,998,Baja,0,Noche,Baja,Noche,Bajo Riesgo
15666,2024,3,6,21,8,8015,3,2,No inventariada,13.6,4,5,14,7.0,0,0,2,2,0,0,2,2,1,0,0,0,0,0,0,0,0,0,0,0,0,0,0,0,0,0,0,0,0,0,0,0,1.0,1,4,1,0.0,0,998,Baja,0,Noche,Baja,Noche,Bajo Riesgo
15667,2024,2,5,22,8,8194,3,2,No inventariada,13.6,4,5,14,4.0,0,0,1,1,0,0,1,1,2,0,0,0,0,0,0,0,0,0,0,0,0,0,0,0,0,0,0,0,0,0,0,0,1.0,3,4,3,0.0,998,998,Baja,0,Noche,Baja,Noche,Bajo Riesgo
15668,2024,2,1,13,8,8194,3,2,No inventariada,13.6,4,5,14,9.0,0,0,1,1,0,0,1,1,1,0,0,0,0,0,0,0,0,0,0,0,0,0,0,0,0,0,0,0,0,0,0,0,1.0,1,1,1,0.0,998,998,Baja,0,Tarde,Baja,Tarde,Bajo Riesgo
15669,2024,2,3,20,8,8194,3,2,No inventariada,13.6,4,5,14,9.0,0,0,1,1,0,0,1,1,1,0,0,0,0,0,0,0,0,0,0,0,0,0,0,0,0,0,0,0,0,0,0,0,2.0,1,4,1,0.0,998,998,Baja,0,Noche,Baja,Noche,Bajo Riesgo
15670,2024,4,4,16,8,8307,3,2,No inventariada,13.6,4,5,14,20.0,0,0,1,1,0,0,1,1,2,0,0,0,0,0,0,0,0,0,0,0,0,0,0,0,0,0,0,0,0,0,0,0,1.0,1,1,1,0.0,998,998,Baja,0,Tarde,Baja,Tarde,Bajo Riesgo
15671,2024,4,4,12,8,8200,1,1,No inventariada,54.1,4,5,6,4.0,0,0,1,1,0,0,1,1,2,0,0,0,0,0,0,0,0,0,0,0,0,0,0,0,0,0,0,0,0,0,0,0,2.0,1,1,1,0.0,998,4,Media,0,Mañana,Baja,Tarde,Bajo Riesgo
15672,2024,4,7,10,8,8101,1,1,C-31,196.0,4,5,3,3.0,0,0,2,2,0,0,2,2,2,0,0,0,0,0,0,0,0,0,0,0,0,0,0,0,0,0,0,0,0,0,0,0,2.0,1,1,1,0.0,998,4,Alta,0,Mañana,Baja,Mañana,Bajo Riesgo
15673,2024,4,1,18,8,8019,1,1,C-58,1.0,4,5,2,4.0,0,0,1,1,0,0,1,1,2,0,0,0,0,0,0,0,0,0,0,0,0,0,0,0,0,0,0,0,0,0,0,0,1.0,3,1,3,0.0,998,4,Baja,0,Tarde,Baja,Noche,Bajo Riesgo
15674,2024,5,5,15,8,8238,1,1,BP-1503,19.5,4,5,6,4.0,0,0,1,1,0,0,1,1,3,0,0,0,0,0,0,0,0,0,0,0,0,0,0,0,0,0,0,0,0,0,0,0,2.0,1,1,1,0.0,998,4,Baja,0,Tarde,Baja,Tarde,Bajo Riesgo
15675,2024,5,3,3,8,8135,1,1,AP-7,135.0,1,1,2,4.0,0,1,1,2,0,1,1,2,2,0,0,0,0,0,0,0,0,0,0,0,0,0,0,0,0,0,0,0,0,0,0,0,1.0,1,4,1,0.0,998,1,Alta,0,Madrugada,Baja,Madrugada,Bajo Riesgo
15676,2024,5,3,7,8,8181,1,1,AP-7,129.6,4,1,2,3.0,0,0,3,3,0,0,3,3,3,0,0,0,0,0,0,0,0,0,0,0,0,0,0,0,0,0,0,0,0,0,0,0,1.0,1,1,1,0.0,998,4,Alta,0,Mañana,Media,Mañana,Bajo Riesgo
15677,2024,5,3,9,8,8125,1,1,C-33,79.5,4,5,2,4.0,0,0,1,1,0,0,1,1,2,0,0,0,0,0,0,0,0,0,0,0,0,0,0,0,0,0,0,0,0,0,0,0,1.0,1,1,1,0.0,998,4,Media,0,Mañana,Baja,Mañana,Bajo Riesgo
15678,2024,5,3,8,8,8125,1,1,C-33,79.5,4,5,2,4.0,0,0,1,1,0,0,1,1,2,0,0,0,0,0,0,0,0,0,0,0,0,0,0,0,0,0,0,0,0,0,0,0,1.0,1,1,1,0.0,998,4,Media,0,Mañana,Baja,Mañana,Bajo Riesgo
15679,2024,5,3,13,8,8118,2,2,N-2,635.6,4,5,6,4.0,0,0,1,1,0,0,1,1,2,0,0,0,0,0,0,0,0,0,0,0,0,0,0,0,0,0,0,0,0,0,0,0,1.0,1,1,1,0.0,998,4,Muy Alta,0,Tarde,Baja,Tarde,Bajo Riesgo
15680,2024,5,3,14,8,8252,1,1,AP-7,146.9,4,1,2,4.0,0,0,2,2,0,0,2,2,2,0,0,0,0,0,0,0,0,0,0,0,0,0,0,0,0,0,0,0,0,0,0,0,1.0,1,1,1,0.0,998,4,Alta,0,Tarde,Baja,Tarde,Bajo Riesgo
15681,2024,5,3,15,8,8113,1,1,C-55,28.2,4,5,3,4.0,0,0,1,1,0,0,1,1,2,0,0,0,0,0,0,0,0,0,0,0,0,0,0,0,0,0,0,0,0,0,0,0,2.0,1,1,1,0.0,998,4,Baja,0,Tarde,Baja,Tarde,Bajo Riesgo
15682,2024,5,3,14,8,8019,1,1,BV-1468,6.1,4,5,6,1.0,0,0,1,1,0,0,1,1,2,0,0,0,0,0,0,0,0,0,0,0,0,0,0,0,0,0,0,0,0,0,0,0,1.0,1,1,1,0.0,998,4,Baja,0,Tarde,Baja,Tarde,Bajo Riesgo
15683,2024,5,3,18,8,8200,1,1,C-31C,0.5,4,5,3,4.0,0,0,2,2,0,0,2,2,3,0,0,0,0,0,0,0,0,0,0,0,0,0,0,0,0,0,0,0,0,0,0,0,1.0,1,1,1,0.0,998,4,Baja,0,Tarde,Baja,Noche,Bajo Riesgo
15684,2024,5,5,13,8,8030,3,2,No inventariada,13.6,4,5,14,9.0,0,0,1,1,0,0,1,1,1,0,0,0,0,0,0,0,0,0,0,0,0,0,0,0,0,0,0,0,0,0,0,0,2.0,1,1,1,0.0,998,998,Baja,0,Tarde,Baja,Tarde,Bajo Riesgo
15685,2024,4,3,12,8,8301,3,2,No inventariada,13.6,4,5,14,7.0,0,0,2,2,0,0,2,2,1,0,0,0,0,0,0,0,0,0,0,0,0,0,0,0,0,0,0,0,0,0,0,0,1.0,1,1,1,0.0,0,998,Baja,0,Mañana,Baja,Tarde,Bajo Riesgo
15686,2024,5,3,18,8,8301,3,2,No inventariada,13.6,4,5,14,4.0,0,0,3,3,0,0,3,3,2,0,0,0,0,0,0,0,0,0,0,0,0,0,0,0,0,0,0,0,0,0,0,0,1.0,1,1,1,0.0,998,998,Baja,0,Tarde,Media,Noche,Bajo Riesgo
15687,2024,5,3,16,8,8121,3,2,No inventariada,13.6,4,5,14,2.0,0,0,1,1,0,0,1,1,2,0,0,0,0,0,0,0,0,0,0,0,0,0,0,0,0,0,0,0,0,0,0,0,2.0,1,1,1,0.0,998,998,Baja,0,Tarde,Baja,Tarde,Bajo Riesgo
15688,2024,5,3,19,8,8121,3,2,No inventariada,13.6,4,5,14,2.0,0,0,1,1,0,0,1,1,2,0,0,0,0,0,0,0,0,0,0,0,0,0,0,0,0,0,0,0,0,0,0,0,1.0,1,1,1,0.0,998,998,Baja,0,Noche,Baja,Noche,Bajo Riesgo
15689,2024,5,6,13,8,8200,3,2,No inventariada,13.6,4,5,14,7.0,0,0,1,1,0,0,1,1,1,0,0,0,0,0,0,0,0,0,0,0,0,0,0,0,0,0,0,0,0,0,0,0,1.0,1,1,1,0.0,0,998,Baja,0,Tarde,Baja,Tarde,Bajo Riesgo
15690,2024,4,2,20,8,8015,3,2,No inventariada,13.6,4,5,14,3.0,0,0,1,1,0,0,1,1,2,0,0,0,0,0,0,0,0,0,0,0,0,0,0,0,0,0,0,0,0,0,0,0,1.0,1,2,1,0.0,998,998,Baja,0,Noche,Baja,Noche,Bajo Riesgo
15691,2024,4,7,21,8,8218,3,2,No inventariada,13.6,4,5,14,7.0,0,1,0,1,0,1,0,1,1,0,0,0,0,0,0,0,0,0,0,0,0,0,0,0,0,0,0,0,0,0,0,0,2.0,1,4,3,0.0,0,998,Baja,0,Noche,Baja,Noche,Bajo Riesgo
15692,2024,5,1,10,8,8054,1,1,No inventariada,3.4,4,5,6,9.0,0,0,1,1,0,0,1,1,1,0,0,0,0,0,0,0,0,0,0,0,0,0,0,0,0,0,0,0,0,0,0,0,2.0,1,1,1,0.0,998,4,Baja,0,Mañana,Baja,Mañana,Bajo Riesgo
15693,2024,5,1,12,8,8187,1,1,C-58,10.9,4,5,2,4.0,0,0,1,1,0,0,1,1,2,0,0,0,0,0,0,0,0,0,0,0,0,0,0,0,0,0,0,0,0,0,0,0,2.0,1,1,1,0.0,998,4,Baja,0,Mañana,Baja,Tarde,Bajo Riesgo
15694,2024,5,3,8,8,8125,1,1,C-33,79.5,4,5,2,4.0,0,0,2,2,0,0,2,2,2,0,0,0,0,0,0,0,0,0,0,0,0,0,0,0,0,0,0,0,0,0,0,0,1.0,1,1,1,0.0,998,4,Media,0,Mañana,Baja,Mañana,Bajo Riesgo
15695,2024,5,3,12,8,8136,1,1,AP-7,133.6,4,1,2,20.0,0,0,1,1,0,0,1,1,2,0,0,0,0,0,0,0,0,0,0,0,0,0,0,0,0,0,0,0,0,0,0,0,2.0,1,1,1,0.0,998,4,Alta,0,Mañana,Baja,Tarde,Bajo Riesgo
15696,2024,5,3,22,8,0,3,2,No inventariada,13.6,4,5,14,8.0,0,0,2,2,0,0,2,2,1,0,0,0,0,0,0,0,0,0,0,0,0,0,0,0,0,0,0,0,0,0,0,0,1.0,1,6,1,0.0,998,998,Baja,0,Noche,Baja,Noche,Bajo Riesgo
15697,2024,5,4,7,8,8205,1,1,AP-7,153.5,4,1,2,4.0,0,0,1,1,0,0,1,1,2,0,0,0,0,0,0,0,0,0,0,0,0,0,0,0,0,0,0,0,0,0,0,0,1.0,1,1,1,0.0,998,4,Alta,0,Mañana,Baja,Mañana,Bajo Riesgo
15698,2024,5,4,7,8,8113,1,1,C-55,35.1,4,5,6,4.0,0,0,1,1,0,0,1,1,3,0,0,0,0,0,0,0,0,0,0,0,0,0,0,0,0,0,0,0,0,0,0,0,1.0,1,1,1,0.0,998,4,Baja,0,Mañana,Baja,Mañana,Bajo Riesgo
15699,2024,5,4,8,8,0,2,2,C-243a,3.9,4,5,6,2.0,0,0,4,4,0,0,4,4,2,0,0,0,0,0,0,0,0,0,0,0,0,0,0,0,0,0,0,0,0,0,0,0,1.0,1,1,1,0.0,998,4,Baja,0,Mañana,Media,Mañana,Bajo Riesgo
15700,2024,5,4,12,8,0,1,1,C-16,119.9,4,5,6,19.0,0,0,2,2,0,0,2,2,1,0,0,0,0,0,0,0,0,0,0,0,0,0,0,0,0,0,0,0,0,0,0,0,1.0,1,1,1,0.0,998,4,Alta,0,Mañana,Baja,Tarde,Bajo Riesgo
15701,2024,5,4,13,8,8208,1,1,B-224,25.2,4,5,6,3.0,0,0,4,4,0,0,4,4,2,0,0,0,0,0,0,0,0,0,0,0,0,0,0,0,0,0,0,0,0,0,0,0,1.0,1,1,1,0.0,998,4,Baja,0,Tarde,Media,Tarde,Bajo Riesgo
15702,2024,5,4,16,8,8006,1,1,C-32,110.0,4,5,2,6.0,0,0,1,1,0,0,1,1,1,0,0,0,0,0,0,0,0,0,0,0,0,0,0,0,0,0,0,0,0,0,0,0,1.0,1,1,1,0.0,998,4,Alta,0,Tarde,Baja,Tarde,Bajo Riesgo
15703,2024,5,4,18,8,8108,1,1,C-155,15.1,4,5,6,2.0,0,0,1,1,0,0,1,1,2,0,0,0,0,0,0,0,0,0,0,0,0,0,0,0,0,0,0,0,0,0,0,0,2.0,1,1,1,0.0,998,4,Baja,0,Tarde,Baja,Noche,Bajo Riesgo
15704,2024,5,4,18,8,8101,1,1,C-31,196.5,4,5,3,3.0,0,0,1,1,0,0,1,1,2,0,0,0,0,0,0,0,0,0,0,0,0,0,0,0,0,0,0,0,0,0,0,0,1.0,1,1,1,0.0,998,4,Alta,0,Tarde,Baja,Noche,Bajo Riesgo
15705,2024,5,4,18,8,8101,1,1,B-10,18.0,4,1,3,3.0,0,0,1,1,0,0,1,1,2,0,0,0,0,0,0,0,0,0,0,0,0,0,0,0,0,0,0,0,0,0,0,0,1.0,1,1,1,0.0,998,4,Baja,0,Tarde,Baja,Noche,Bajo Riesgo
15706,2024,5,4,22,8,8073,1,1,A-2,608.5,4,1,3,3.0,0,0,1,1,0,0,1,1,2,0,0,0,0,0,0,0,0,0,0,0,0,0,0,0,0,0,0,0,0,0,0,0,1.0,1,4,1,0.0,998,4,Muy Alta,0,Noche,Baja,Noche,Bajo Riesgo
15707,2024,5,2,12,8,8200,3,2,No inventariada,13.6,4,5,14,2.0,0,0,1,1,0,0,1,1,2,0,0,0,0,0,0,0,0,0,0,0,0,0,0,0,0,0,0,0,0,0,0,0,1.0,1,1,1,0.0,998,998,Baja,0,Mañana,Baja,Tarde,Bajo Riesgo
15708,2024,5,4,12,8,8121,3,2,No inventariada,13.6,4,5,14,7.0,0,0,1,1,0,0,1,1,1,0,0,0,0,0,0,0,0,0,0,0,0,0,0,0,0,0,0,0,0,0,0,0,2.0,1,1,1,0.0,0,998,Baja,0,Mañana,Baja,Tarde,Bajo Riesgo
15709,2024,4,3,6,8,8301,3,2,No inventariada,13.6,4,5,14,4.0,0,0,1,1,0,0,1,1,2,0,0,0,0,0,0,0,0,0,0,0,0,0,0,0,0,0,0,0,0,0,0,0,2.0,1,2,1,0.0,998,998,Baja,0,Madrugada,Baja,Mañana,Bajo Riesgo
15710,2024,4,4,15,8,8301,3,2,No inventariada,13.6,4,5,14,2.0,0,0,1,1,0,0,1,1,2,0,0,0,0,0,0,0,0,0,0,0,0,0,0,0,0,0,0,0,0,0,0,0,2.0,1,1,1,0.0,998,998,Baja,0,Tarde,Baja,Tarde,Bajo Riesgo
15711,2024,4,3,11,8,8301,3,2,No inventariada,13.6,4,5,14,7.0,0,0,1,1,0,0,1,1,1,0,0,0,0,0,0,0,0,0,0,0,0,0,0,0,0,0,0,0,0,0,0,0,1.0,1,1,1,0.0,0,998,Baja,0,Mañana,Baja,Mañana,Bajo Riesgo
15712,2024,4,2,11,8,8307,3,2,No inventariada,13.6,4,5,14,2.0,0,0,1,1,0,0,1,1,2,0,0,0,0,0,0,0,0,0,0,0,0,0,0,0,0,0,0,0,0,0,0,0,2.0,1,1,1,0.0,998,998,Baja,0,Mañana,Baja,Mañana,Bajo Riesgo
15713,2024,5,4,12,8,8245,3,2,No inventariada,13.6,4,5,14,4.0,0,0,1,1,0,0,1,1,2,0,0,0,0,0,0,0,0,0,0,0,0,0,0,0,0,0,0,0,0,0,0,0,1.0,1,1,1,0.0,998,998,Baja,0,Mañana,Baja,Tarde,Bajo Riesgo
15714,2024,5,5,11,8,8121,3,2,No inventariada,13.6,4,5,14,7.0,0,0,1,1,0,0,1,1,1,0,0,0,0,0,0,0,0,0,0,0,0,0,0,0,0,0,0,0,0,0,0,0,1.0,1,1,1,0.0,0,998,Baja,0,Mañana,Baja,Mañana,Bajo Riesgo
15715,2024,4,4,17,8,8015,3,2,No inventariada,13.6,4,5,14,7.0,0,0,1,1,0,0,1,1,1,0,0,0,0,0,0,0,0,0,0,0,0,0,0,0,0,0,0,0,0,0,0,0,1.0,1,1,1,0.0,0,998,Baja,0,Tarde,Baja,Tarde,Bajo Riesgo
15716,2024,5,6,10,8,8200,3,2,No inventariada,13.6,4,5,14,9.0,0,0,1,1,0,0,1,1,1,0,0,0,0,0,0,0,0,0,0,0,0,0,0,0,0,0,0,0,0,0,0,0,1.0,1,1,1,0.0,998,998,Baja,0,Mañana,Baja,Mañana,Bajo Riesgo
15717,2024,4,1,20,8,8015,3,2,No inventariada,13.6,4,5,14,2.0,0,0,1,1,0,0,1,1,2,0,0,0,0,0,0,0,0,0,0,0,0,0,0,0,0,0,0,0,0,0,0,0,2.0,3,4,3,0.0,998,998,Baja,0,Noche,Baja,Noche,Bajo Riesgo
15718,2024,5,4,17,8,8200,3,2,No inventariada,13.6,4,5,14,19.0,0,0,4,4,0,0,4,4,1,0,0,0,0,0,0,0,0,0,0,0,0,0,0,0,0,0,0,0,0,0,0,0,1.0,1,1,1,0.0,998,998,Baja,0,Tarde,Media,Tarde,Bajo Riesgo
15719,2024,4,2,18,8,8015,3,2,No inventariada,13.6,4,5,14,3.0,0,0,1,1,0,0,1,1,2,0,0,0,0,0,0,0,0,0,0,0,0,0,0,0,0,0,0,0,0,0,0,0,2.0,1,1,1,0.0,998,998,Baja,0,Tarde,Baja,Noche,Bajo Riesgo
15720,2024,5,2,21,8,8194,3,2,No inventariada,13.6,4,5,14,9.0,0,0,1,1,0,0,1,1,1,0,0,0,0,0,0,0,0,0,0,0,0,0,0,0,0,0,0,0,0,0,0,0,2.0,1,4,1,0.0,998,998,Baja,0,Noche,Baja,Noche,Bajo Riesgo
15721,2024,4,6,13,8,8073,1,1,A-2,609.6,4,1,3,20.0,0,0,1,1,0,0,1,1,2,0,0,0,0,0,0,0,0,0,0,0,0,0,0,0,0,0,0,0,0,0,0,0,1.0,1,1,1,0.0,998,4,Muy Alta,0,Tarde,Baja,Tarde,Bajo Riesgo
15722,2024,5,3,17,8,8252,1,1,AP-7,146.5,4,1,2,4.0,0,0,2,2,0,0,2,2,2,0,0,0,0,0,0,0,0,0,0,0,0,0,0,0,0,0,0,0,0,0,0,0,1.0,1,1,1,0.0,998,4,Alta,0,Tarde,Baja,Tarde,Bajo Riesgo
15723,2024,5,4,11,8,8187,1,1,C-1413a,24.2,4,5,6,3.0,0,0,1,1,0,0,1,1,2,0,0,0,0,0,0,0,0,0,0,0,0,0,0,0,0,0,0,0,0,0,0,0,1.0,1,1,1,0.0,998,4,Baja,0,Mañana,Baja,Mañana,Bajo Riesgo
15724,2024,5,4,14,8,8180,1,1,C-58,7.2,4,5,2,19.0,0,0,1,1,0,0,1,1,1,0,0,0,0,0,0,0,0,0,0,0,0,0,0,0,0,0,0,0,0,0,0,0,2.0,1,1,1,0.0,998,4,Baja,0,Tarde,Baja,Tarde,Bajo Riesgo
15725,2024,5,4,18,8,8266,1,1,AP-7,151.0,4,1,2,4.0,0,0,1,1,0,0,1,1,2,0,0,0,0,0,0,0,0,0,0,0,0,0,0,0,0,0,0,0,0,0,0,0,1.0,1,1,1,0.0,998,4,Alta,0,Tarde,Baja,Noche,Bajo Riesgo
15726,2024,5,4,21,8,8123,1,1,B-23,8.5,4,1,2,2.0,0,0,1,1,0,0,1,1,2,0,0,0,0,0,0,0,0,0,0,0,0,0,0,0,0,0,0,0,0,0,0,0,2.0,1,4,1,0.0,998,4,Baja,0,Noche,Baja,Noche,Bajo Riesgo
15727,2024,5,5,8,8,0,1,1,C-37,80.3,4,5,6,19.0,0,0,1,1,0,0,1,1,1,0,0,0,0,0,0,0,0,0,0,0,0,0,0,0,0,0,0,0,0,0,0,0,1.0,1,1,1,0.0,998,4,Media,0,Mañana,Baja,Mañana,Bajo Riesgo
15728,2024,5,5,9,8,8260,1,1,B-140,2.6,4,5,6,4.0,0,0,2,2,0,0,2,2,2,0,0,0,0,0,0,0,0,0,0,0,0,0,0,0,0,0,0,0,0,0,0,0,2.0,1,1,1,0.0,998,4,Baja,0,Mañana,Baja,Mañana,Bajo Riesgo