ID_ACCIDENTE,ANYO,MES,DIA_SEMANA,HORA,COD_PROVINCIA,COD_MUNICIPIO,ZONA,ZONA_AGRUPADA,CARRETERA,KM,SENTIDO_1F,TITULARIDAD_VIA,TIPO_VIA,TIPO_ACCIDENTE,TOTAL_MU24H,TOTAL_HG24H,TOTAL_HL24H,TOTAL_VICTIMAS_24H,TOTAL_MU30DF,TOTAL_HG30DF,TOTAL_HL30DF,TOTAL_VICTIMAS_30DF,TOTAL_VEHICULOS,TOT_PEAT_MU24H,TOT_BICI_MU24H,TOT_CICLO_MU24H,TOT_MOTO_MU24H,TOT_TUR_MU24H,TOT_FURG_MU24H,TOT_CAM_MENOS3500_MU24H,TOT_CAM_MAS3500_MU24H,TOT_BUS_MU24H,TOT_OTRO_MU24H,TOT_SINESPECIF_MU24H,TOT_PEAT_MU30DF,TOT_BICI_MU30DF,TOT_CICLO_MU30DF,TOT_MOTO_MU30DF,TOT_TUR_MU30DF,TOT_FURG_MU30DF,TOT_CAM_MENOS3500_MU30DF,TOT_CAM_MAS3500_MU30DF,TOT_BUS_MU30DF,TOT_VMP_MU30DF,TOT_OTRO_MU30DF,TOT_SINESPECIF_MU30DF,NUDO,CONDICION_FIRME,CONDICION_ILUMINACION,CONDICION_METEO,CONDICION_NIEBLA,ACERA,TRAZADO_PLANTA,ZONA_KM,HAY_NIEBLA,TRAMO_HORA,gravedad_accidente,tramo_horario,zona_riesgo
19108,2024,7,4,19,8,8112,3,2,No inventariada,13.6,4,5,14,2.0,0,0,1,1,0,0,1,1,3,0,0,0,0,0,0,0,0,0,0,0,0,0,0,0,0,0,0,0,0,0,0,0,2.0,1,1,1,0.0,998,998,Baja,0,Noche,Baja,Noche,Bajo Riesgo
19109,2024,6,7,12,8,8112,3,2,No inventariada,13.6,4,5,14,2.0,0,0,1,1,0,0,1,1,2,0,0,0,0,0,0,0,0,0,0,0,0,0,0,0,0,0,0,0,0,0,0,0,1.0,1,1,1,0.0,998,998,Baja,0,Mañana,Baja,Tarde,Bajo Riesgo
19110,2024,7,3,15,8,8015,3,2,No inventariada,13.6,4,5,14,2.0,0,0,1,1,0,0,1,1,2,0,0,0,0,0,0,0,0,0,0,0,0,0,0,0,0,0,0,0,0,0,0,0,2.0,1,1,1,0.0,998,998,Baja,0,Tarde,Baja,Tarde,Bajo Riesgo
19111,2024,8,1,18,8,8040,3,2,No inventariada,71.0,4,5,14,2.0,0,0,1,1,0,0,1,1,2,0,0,0,0,0,0,0,0,0,0,0,0,0,0,0,0,0,0,0,0,0,0,0,1.0,1,1,1,0.0,998,998,Media,0,Tarde,Baja,Noche,Bajo Riesgo
19112,2024,9,2,0,8,8184,3,2,No inventariada,13.6,4,5,14,20.0,1,0,1,2,1,0,1,2,1,0,0,0,0,1,0,0,0,0,0,0,0,0,0,0,1,0,0,0,0,0,0,0,1.0,1,1,1,0.0,998,998,Baja,0,,Alta,Madrugada,Bajo Riesgo
19113,2024,7,1,11,8,8125,1,1,C-58,4.5,4,5,2,4.0,0,0,1,1,0,0,1,1,2,0,0,0,0,0,0,0,0,0,0,0,0,0,0,0,0,0,0,0,0,0,0,0,2.0,1,1,1,0.0,998,4,Baja,0,Mañana,Baja,Mañana,Bajo Riesgo
19114,2024,8,6,3,8,8202,1,1,AP-7,109.5,4,1,2,19.0,0,0,3,3,0,0,3,3,1,0,0,0,0,0,0,0,0,0,0,0,0,0,0,0,0,0,0,0,0,0,0,0,1.0,1,6,1,0.0,998,4,Alta,0,Madrugada,Media,Madrugada,Bajo Riesgo
19115,2024,8,5,14,8,8252,3,2,No inventariada,13.6,4,5,14,2.0,0,0,1,1,0,0,1,1,2,0,0,0,0,0,0,0,0,0,0,0,0,0,0,0,0,0,0,0,0,0,0,0,2.0,1,1,1,0.0,998,998,Baja,0,Tarde,Baja,Tarde,Bajo Riesgo
19116,2024,8,7,1,8,8073,1,1,A-2,608.6,4,1,3,4.0,0,0,1,1,0,0,1,1,2,0,0,0,0,0,0,0,0,0,0,0,0,0,0,0,0,0,0,0,0,0,0,0,1.0,1,4,1,0.0,998,4,Muy Alta,0,Madrugada,Baja,Madrugada,Bajo Riesgo
19117,2024,8,7,22,8,8001,1,1,A-2,584.0,4,1,3,3.0,0,0,1,1,0,0,1,1,2,0,0,0,0,0,0,0,0,0,0,0,0,0,0,0,0,0,0,0,0,0,0,0,1.0,1,4,1,0.0,998,4,Muy Alta,0,Noche,Baja,Noche,Bajo Riesgo
19118,2024,8,1,15,8,0,1,1,A-2,574.0,4,1,3,3.0,0,0,2,2,0,0,2,2,2,0,0,0,0,0,0,0,0,0,0,0,0,0,0,0,0,0,0,0,0,0,0,0,1.0,1,1,1,0.0,998,4,Muy Alta,0,Tarde,Baja,Tarde,Bajo Riesgo
19119,2024,8,4,12,8,0,1,1,AP-7,173.5,4,1,2,3.0,0,0,2,2,0,0,2,2,3,0,0,0,0,0,0,0,0,0,0,0,0,0,0,0,0,0,0,0,0,0,0,0,1.0,1,1,1,0.0,998,4,Alta,0,Mañana,Baja,Tarde,Bajo Riesgo
19120,2024,8,4,17,8,8205,1,1,AP-7,153.5,4,1,2,4.0,0,0,3,3,0,0,3,3,2,0,0,0,0,0,0,0,0,0,0,0,0,0,0,0,0,0,0,0,0,0,0,0,2.0,1,1,1,0.0,998,4,Alta,0,Tarde,Media,Tarde,Bajo Riesgo
19121,2024,9,2,7,8,0,2,2,C-55,22.1,4,5,6,3.0,0,0,1,1,0,0,1,1,2,0,0,0,0,0,0,0,0,0,0,0,0,0,0,0,0,0,0,0,0,0,0,0,2.0,1,1,1,0.0,998,4,Baja,0,Mañana,Baja,Mañana,Bajo Riesgo
19122,2024,9,2,6,8,8217,1,1,A-2,606.0,4,1,3,4.0,0,0,1,1,0,0,1,1,2,0,0,0,0,0,0,0,0,0,0,0,0,0,0,0,0,0,0,0,0,0,0,0,1.0,1,1,1,0.0,998,4,Muy Alta,0,Madrugada,Baja,Mañana,Bajo Riesgo
19123,2024,9,2,7,8,8001,1,1,A-2,584.1,4,1,3,4.0,0,0,3,3,0,0,3,3,2,0,0,0,0,0,0,0,0,0,0,0,0,0,0,0,0,0,0,0,0,0,0,0,1.0,1,1,1,0.0,998,4,Muy Alta,0,Mañana,Media,Mañana,Bajo Riesgo
19124,2024,9,2,7,8,8125,1,1,C-58,3.9,4,5,2,9.0,0,0,1,1,0,0,1,1,1,0,0,0,0,0,0,0,0,0,0,0,0,0,0,0,0,0,0,0,0,0,0,0,1.0,1,1,1,0.0,998,4,Baja,0,Mañana,Baja,Mañana,Bajo Riesgo
19125,2024,9,2,7,8,8245,1,1,B-20,17.6,2,1,2,3.0,0,1,0,1,0,1,0,1,3,0,0,0,0,0,0,0,0,0,0,0,0,0,0,0,0,0,0,0,0,0,0,0,1.0,1,5,1,0.0,998,1,Baja,0,Mañana,Baja,Mañana,Bajo Riesgo
19126,2024,9,2,9,8,8245,1,1,B-20,17.1,4,1,2,4.0,0,0,6,6,0,0,6,6,3,0,0,0,0,0,0,0,0,0,0,0,0,0,0,0,0,0,0,0,0,0,0,0,2.0,1,1,1,0.0,998,4,Baja,0,Mañana,Media,Mañana,Bajo Riesgo
19127,2024,9,2,11,8,8187,1,1,C-58,11.0,4,5,2,3.0,0,0,1,1,0,0,1,1,2,0,0,0,0,0,0,0,0,0,0,0,0,0,0,0,0,0,0,0,0,0,0,0,1.0,3,1,3,0.0,998,4,Baja,0,Mañana,Baja,Mañana,Bajo Riesgo
19128,2024,9,2,12,8,8124,1,1,AP-7,139.6,4,1,2,2.0,0,0,1,1,0,0,1,1,3,0,0,0,0,0,0,0,0,0,0,0,0,0,0,0,0,0,0,0,0,0,0,0,1.0,3,1,3,0.0,998,4,Alta,0,Mañana,Baja,Tarde,Bajo Riesgo
19129,2024,9,2,13,8,8121,1,1,BV-5031,1.5,4,5,6,9.0,0,0,1,1,0,0,1,1,1,0,0,0,0,0,0,0,0,0,0,0,0,0,0,0,0,0,0,0,0,0,0,0,2.0,3,1,3,0.0,998,4,Baja,0,Tarde,Baja,Tarde,Bajo Riesgo
19130,2024,9,2,13,8,8043,1,1,C-15z,5.2,4,5,6,9.0,0,0,1,1,0,0,1,1,1,0,0,0,0,0,0,0,0,0,0,0,0,0,0,0,0,0,0,0,0,0,0,0,2.0,3,1,3,0.0,998,4,Baja,0,Tarde,Baja,Tarde,Bajo Riesgo
19131,2024,9,2,14,8,8252,1,1,B-30,11.0,4,1,2,4.0,0,0,1,1,0,0,1,1,2,0,0,0,0,0,0,0,0,0,0,0,0,0,0,0,0,0,0,0,0,0,0,0,1.0,3,1,3,0.0,998,4,Baja,0,Tarde,Baja,Tarde,Bajo Riesgo
19132,2024,9,2,13,8,8009,1,1,C-32,99.8,4,5,2,4.0,0,0,2,2,0,0,2,2,2,0,0,0,0,0,0,0,0,0,0,0,0,0,0,0,0,0,0,0,0,0,0,0,1.0,3,1,3,0.0,998,4,Media,0,Tarde,Baja,Tarde,Bajo Riesgo
19133,2024,9,2,14,8,8902,1,1,BP-5002,12.0,4,5,6,20.0,0,0,1,1,0,0,1,1,2,0,0,0,0,0,0,0,0,0,0,0,0,0,0,0,0,0,0,0,0,0,0,0,2.0,3,1,4,0.0,998,4,Baja,0,Tarde,Baja,Tarde,Bajo Riesgo
19134,2024,9,2,16,8,8056,1,1,C-32,46.5,4,5,2,9.0,0,0,1,1,0,0,1,1,1,0,0,0,0,0,0,0,0,0,0,0,0,0,0,0,0,0,0,0,0,0,0,0,1.0,3,1,3,0.0,998,4,Baja,0,Tarde,Baja,Tarde,Bajo Riesgo
19135,2024,9,2,16,8,0,1,1,BV-2421,0.0,4,5,6,9.0,0,0,1,1,0,0,1,1,1,0,0,0,0,0,0,0,0,0,0,0,0,0,0,0,0,0,0,0,0,0,0,0,2.0,3,1,3,0.0,998,4,,0,Tarde,Baja,Tarde,Bajo Riesgo
19136,2024,9,2,16,8,8051,1,1,B-124,9.5,4,5,6,1.0,0,0,3,3,0,0,3,3,2,0,0,0,0,0,0,0,0,0,0,0,0,0,0,0,0,0,0,0,0,0,0,0,1.0,1,1,1,0.0,998,4,Baja,0,Tarde,Media,Tarde,Bajo Riesgo
19137,2024,9,2,15,8,8231,1,1,BV-2111,7.6,4,5,6,9.0,0,0,1,1,0,0,1,1,2,0,0,0,0,0,0,0,0,0,0,0,0,0,0,0,0,0,0,0,0,0,0,0,1.0,3,1,1,0.0,998,4,Baja,0,Tarde,Baja,Tarde,Bajo Riesgo
19138,2024,9,2,18,8,8123,1,1,B-23,9.0,4,1,2,3.0,0,0,2,2,0,0,2,2,3,0,0,0,0,0,0,0,0,0,0,0,0,0,0,0,0,0,0,0,0,0,0,0,1.0,1,1,1,0.0,998,4,Baja,0,Tarde,Baja,Noche,Bajo Riesgo
19139,2024,9,2,10,8,8073,3,2,No inventariada,13.6,4,4,14,9.0,0,0,1,1,0,0,1,1,1,0,0,0,0,0,0,0,0,0,0,0,0,0,0,0,0,0,0,0,0,0,0,0,2.0,3,1,3,0.0,998,998,Baja,0,Mañana,Baja,Mañana,Bajo Riesgo
19140,2024,8,2,3,8,8089,3,2,No inventariada,13.6,4,5,14,2.0,0,0,1,1,0,0,1,1,2,0,0,0,0,0,0,0,0,0,0,0,0,0,0,0,0,0,0,0,0,0,0,0,2.0,1,4,1,0.0,998,998,Baja,0,Madrugada,Baja,Madrugada,Bajo Riesgo
19141,2024,9,3,5,8,8015,3,2,No inventariada,13.6,4,5,14,19.0,0,0,1,1,0,0,1,1,1,0,0,0,0,0,0,0,0,0,0,0,0,0,0,0,0,0,0,0,0,0,0,0,1.0,1,4,1,0.0,998,998,Baja,0,Madrugada,Baja,Madrugada,Bajo Riesgo
19142,2024,8,3,17,8,8089,3,2,No inventariada,13.6,4,5,14,6.0,0,0,1,1,0,0,1,1,4,0,0,0,0,0,0,0,0,0,0,0,0,0,0,0,0,0,0,0,0,0,0,0,1.0,1,1,1,0.0,0,998,Baja,0,Tarde,Baja,Tarde,Bajo Riesgo
19143,2024,8,5,20,8,8279,3,2,No inventariada,13.6,4,5,14,20.0,0,0,2,2,0,0,2,2,2,0,0,0,0,0,0,0,0,0,0,0,0,0,0,0,0,0,0,0,0,0,0,0,1.0,1,1,1,0.0,998,998,Baja,0,Noche,Baja,Noche,Bajo Riesgo
19144,2024,7,1,11,8,8015,3,2,No inventariada,13.6,4,5,14,4.0,0,0,1,1,0,0,1,1,2,0,0,0,0,0,0,0,0,0,0,0,0,0,0,0,0,0,0,0,0,0,0,0,1.0,1,1,1,0.0,998,998,Baja,0,Mañana,Baja,Mañana,Bajo Riesgo
19145,2024,7,6,9,8,8054,1,1,AP-7,165.0,4,1,2,4.0,0,0,2,2,0,0,2,2,2,0,0,0,0,0,0,0,0,0,0,0,0,0,0,0,0,0,0,0,0,0,0,0,1.0,1,1,1,0.0,998,4,Alta,0,Mañana,Baja,Mañana,Bajo Riesgo
19146,2024,8,4,18,8,0,1,1,BV-2116,3.3,4,5,6,3.0,0,0,1,1,0,0,1,1,2,0,0,0,0,0,0,0,0,0,0,0,0,0,0,0,0,0,0,0,0,0,0,0,2.0,1,1,1,0.0,998,4,Baja,0,Tarde,Baja,Noche,Bajo Riesgo
19147,2024,9,2,10,8,0,1,1,N-2a,546.0,4,5,6,19.0,0,0,1,1,0,0,1,1,1,0,0,0,0,0,0,0,0,0,0,0,0,0,0,0,0,0,0,0,0,0,0,0,2.0,3,1,4,0.0,998,4,Muy Alta,0,Mañana,Baja,Mañana,Bajo Riesgo
19148,2024,9,2,11,8,0,1,1,B-433,6.1,4,5,6,19.0,0,0,1,1,0,0,1,1,1,0,0,0,0,0,0,0,0,0,0,0,0,0,0,0,0,0,0,0,0,0,0,0,1.0,3,1,3,0.0,998,4,Baja,0,Mañana,Baja,Mañana,Bajo Riesgo
19149,2024,9,2,22,8,8245,1,1,B-20,17.0,4,1,2,9.0,0,0,1,1,0,0,1,1,1,0,0,0,0,0,0,0,0,0,0,0,0,0,0,0,0,0,0,0,0,0,0,0,2.0,3,4,3,0.0,998,4,Baja,0,Noche,Baja,Noche,Bajo Riesgo
19150,2024,9,3,8,8,8200,1,1,No inventariada,54.0,4,5,6,9.0,0,0,1,1,0,0,1,1,1,0,0,0,0,0,0,0,0,0,0,0,0,0,0,0,0,0,0,0,0,0,0,0,1.0,1,1,1,0.0,998,4,Media,0,Mañana,Baja,Mañana,Bajo Riesgo
19151,2024,9,3,14,8,8252,1,1,B-141,1.8,4,5,6,9.0,0,0,1,1,0,0,1,1,1,0,0,0,0,0,0,0,0,0,0,0,0,0,0,0,0,0,0,0,0,0,0,0,2.0,3,1,1,0.0,998,4,Baja,0,Tarde,Baja,Tarde,Bajo Riesgo
19152,2024,9,3,14,8,8180,1,1,C-58,7.1,4,5,6,19.0,0,0,1,1,0,0,1,1,1,0,0,0,0,0,0,0,0,0,0,0,0,0,0,0,0,0,0,0,0,0,0,0,2.0,3,1,1,0.0,998,4,Baja,0,Tarde,Baja,Tarde,Bajo Riesgo
19153,2024,9,3,13,8,8040,1,1,C-32,115.5,4,5,2,2.0,0,0,1,1,0,0,1,1,2,0,0,0,0,0,0,0,0,0,0,0,0,0,0,0,0,0,0,0,0,0,0,0,1.0,3,1,3,0.0,998,4,Alta,0,Tarde,Baja,Tarde,Bajo Riesgo
19154,2024,9,3,14,8,8138,1,1,N-141c,32.9,4,5,6,19.0,0,0,1,1,0,0,1,1,1,0,0,0,0,0,0,0,0,0,0,0,0,0,0,0,0,0,0,0,0,0,0,0,1.0,3,1,1,0.0,998,4,Baja,0,Tarde,Baja,Tarde,Bajo Riesgo
19155,2024,9,3,14,8,0,1,1,C-62,28.1,4,5,6,19.0,0,0,1,1,0,0,1,1,1,0,0,0,0,0,0,0,0,0,0,0,0,0,0,0,0,0,0,0,0,0,0,0,1.0,3,1,3,0.0,998,4,Baja,0,Tarde,Baja,Tarde,Bajo Riesgo
19156,2024,9,3,14,8,8184,1,1,No inventariada,8.2,4,5,6,19.0,0,0,1,1,0,0,1,1,1,0,0,0,0,0,0,0,0,0,0,0,0,0,0,0,0,0,0,0,0,0,0,0,1.0,1,1,1,0.0,998,4,Baja,0,Tarde,Baja,Tarde,Bajo Riesgo
19157,2024,9,3,15,8,8205,1,1,BP-1417,6.5,4,5,6,9.0,0,0,1,1,0,0,1,1,1,0,0,0,0,0,0,0,0,0,0,0,0,0,0,0,0,0,0,0,0,0,0,0,1.0,3,1,1,0.0,998,4,Baja,0,Tarde,Baja,Tarde,Bajo Riesgo
19158,2024,9,3,23,8,8051,1,1,No inventariada,29.1,4,5,6,19.0,0,0,1,1,0,0,1,1,1,0,0,0,0,0,0,0,0,0,0,0,0,0,0,0,0,0,0,0,0,0,0,0,1.0,3,6,1,0.0,998,4,Baja,0,Noche,Baja,Noche,Bajo Riesgo
19159,2024,9,4,2,8,8266,1,1,BV-1415,7.5,4,5,6,19.0,0,0,1,1,0,0,1,1,1,0,0,0,0,0,0,0,0,0,0,0,0,0,0,0,0,0,0,0,0,0,0,0,1.0,3,6,3,0.0,998,4,Baja,0,Madrugada,Baja,Madrugada,Bajo Riesgo
19160,2024,8,2,8,8,8035,3,2,No inventariada,13.6,4,5,14,9.0,0,0,1,1,0,0,1,1,1,0,0,0,0,0,0,0,0,0,0,0,0,0,0,0,0,0,0,0,0,0,0,0,2.0,1,1,1,0.0,998,998,Baja,0,Mañana,Baja,Mañana,Bajo Riesgo
19161,2024,8,4,8,8,8035,3,2,No inventariada,13.6,4,5,14,9.0,0,0,1,1,0,0,1,1,1,0,0,0,0,0,0,0,0,0,0,0,0,0,0,0,0,0,0,0,0,0,0,0,2.0,1,1,1,0.0,998,998,Baja,0,Mañana,Baja,Mañana,Bajo Riesgo
19162,2024,9,3,10,8,8245,3,2,No inventariada,13.6,4,5,14,9.0,0,0,1,1,0,0,1,1,1,0,0,0,0,0,0,0,0,0,0,0,0,0,0,0,0,0,0,0,0,0,0,0,1.0,3,1,3,0.0,998,998,Baja,0,Mañana,Baja,Mañana,Bajo Riesgo
19163,2024,8,1,6,8,8121,3,2,No inventariada,13.6,4,5,14,9.0,0,0,2,2,0,0,2,2,1,0,0,0,0,0,0,0,0,0,0,0,0,0,0,0,0,0,0,0,0,0,0,0,2.0,1,5,1,0.0,998,998,Baja,0,Madrugada,Baja,Mañana,Bajo Riesgo
19164,2024,9,1,19,8,8102,3,2,No inventariada,13.6,4,5,14,4.0,0,0,2,2,0,0,2,2,2,0,0,0,0,0,0,0,0,0,0,0,0,0,0,0,0,0,0,0,0,0,0,0,2.0,1,1,1,0.0,998,998,Baja,0,Noche,Baja,Noche,Bajo Riesgo
19165,2024,7,2,21,8,8121,3,2,No inventariada,13.6,4,5,14,7.0,0,1,0,1,0,1,0,1,1,0,0,0,0,0,0,0,0,0,0,0,0,0,0,0,0,0,0,0,0,0,0,0,1.0,1,4,1,0.0,0,998,Baja,0,Noche,Baja,Noche,Bajo Riesgo
19166,2024,8,6,4,8,8073,3,2,No inventariada,13.6,4,5,14,9.0,0,0,1,1,0,0,1,1,1,0,0,0,0,0,0,0,0,0,0,0,0,0,0,0,0,0,0,0,0,0,0,0,1.0,1,4,1,0.0,998,998,Baja,0,Madrugada,Baja,Madrugada,Bajo Riesgo
19167,2024,9,3,17,8,8073,3,2,No inventariada,13.6,4,5,14,3.0,0,0,2,2,0,0,2,2,2,0,0,0,0,0,0,0,0,0,0,0,0,0,0,0,0,0,0,0,0,0,0,0,1.0,1,1,1,0.0,998,998,Baja,0,Tarde,Baja,Tarde,Bajo Riesgo
19168,2024,9,2,18,8,8015,3,2,No inventariada,13.6,4,5,14,7.0,0,0,1,1,0,0,1,1,1,0,0,0,0,0,0,0,0,0,0,0,0,0,0,0,0,0,0,0,0,0,0,0,1.0,1,1,1,0.0,0,998,Baja,0,Tarde,Baja,Noche,Bajo Riesgo
19169,2024,9,3,20,8,8015,3,2,No inventariada,13.6,4,5,14,7.0,0,0,1,1,0,0,1,1,1,0,0,0,0,0,0,0,0,0,0,0,0,0,0,0,0,0,0,0,0,0,0,0,1.0,1,1,1,0.0,0,998,Baja,0,Noche,Baja,Noche,Bajo Riesgo
19170,2024,8,4,18,8,8101,3,2,No inventariada,13.6,4,5,14,7.0,0,0,1,1,0,0,1,1,1,0,0,0,0,0,0,0,0,0,0,0,0,0,0,0,0,0,0,0,0,0,0,0,2.0,1,1,1,0.0,0,998,Baja,0,Tarde,Baja,Noche,Bajo Riesgo
19171,2024,8,3,15,8,8101,3,2,No inventariada,13.6,4,5,14,4.0,0,0,1,1,0,0,1,1,2,0,0,0,0,0,0,0,0,0,0,0,0,0,0,0,0,0,0,0,0,0,0,0,1.0,1,1,1,0.0,998,998,Baja,0,Tarde,Baja,Tarde,Bajo Riesgo
19172,2024,9,2,15,8,8101,3,2,No inventariada,13.6,4,5,14,2.0,0,0,1,1,0,0,1,1,2,0,0,0,0,0,0,0,0,0,0,0,0,0,0,0,0,0,0,0,0,0,0,0,2.0,3,1,3,0.0,998,998,Baja,0,Tarde,Baja,Tarde,Bajo Riesgo
19173,2024,8,5,13,8,8101,3,2,No inventariada,13.6,4,5,14,7.0,0,0,1,1,0,0,1,1,1,0,0,0,0,0,0,0,0,0,0,0,0,0,0,0,0,0,0,0,0,0,0,0,1.0,1,1,1,0.0,0,998,Baja,0,Tarde,Baja,Tarde,Bajo Riesgo
19174,2024,8,2,15,8,8101,3,2,No inventariada,13.6,4,5,14,2.0,0,0,1,1,0,0,1,1,2,0,0,0,0,0,0,0,0,0,0,0,0,0,0,0,0,0,0,0,0,0,0,0,2.0,1,1,1,0.0,998,998,Baja,0,Tarde,Baja,Tarde,Bajo Riesgo
19175,2024,8,7,13,8,8101,3,2,No inventariada,13.6,4,5,14,3.0,0,0,1,1,0,0,1,1,2,0,0,0,0,0,0,0,0,0,0,0,0,0,0,0,0,0,0,0,0,0,0,0,1.0,1,1,1,0.0,998,998,Baja,0,Tarde,Baja,Tarde,Bajo Riesgo
19176,2024,5,2,13,8,8101,3,2,No inventariada,13.6,4,5,14,7.0,0,0,2,2,0,0,2,2,1,0,0,0,0,0,0,0,0,0,0,0,0,0,0,0,0,0,0,0,0,0,0,0,1.0,1,1,1,0.0,0,998,Baja,0,Tarde,Baja,Tarde,Bajo Riesgo
19177,2024,8,2,22,8,8101,3,2,No inventariada,13.6,4,5,14,2.0,0,0,1,1,0,0,1,1,2,0,0,0,0,0,0,0,0,0,0,0,0,0,0,0,0,0,0,0,0,0,0,0,2.0,1,4,1,0.0,998,998,Baja,0,Noche,Baja,Noche,Bajo Riesgo
19178,2024,7,2,12,8,8121,3,2,No inventariada,13.6,4,5,14,2.0,0,1,0,1,0,1,0,1,2,0,0,0,0,0,0,0,0,0,0,0,0,0,0,0,0,0,0,0,0,0,0,0,2.0,1,1,1,0.0,998,998,Baja,0,Mañana,Baja,Tarde,Bajo Riesgo
19179,2024,8,6,12,8,8040,3,2,No inventariada,24.0,4,5,14,7.0,0,0,1,1,0,0,1,1,1,0,0,0,0,0,0,0,0,0,0,0,0,0,0,0,0,0,0,0,0,0,0,0,1.0,1,1,1,0.0,0,998,Baja,0,Mañana,Baja,Tarde,Bajo Riesgo
19180,2024,3,5,6,8,8200,3,2,No inventariada,13.6,4,5,14,7.0,0,0,1,1,0,0,1,1,1,0,0,0,0,0,0,0,0,0,0,0,0,0,0,0,0,0,0,0,0,0,0,0,1.0,1,1,1,0.0,0,998,Baja,0,Madrugada,Baja,Mañana,Bajo Riesgo
19181,2024,9,3,20,8,8263,3,2,No inventariada,13.6,4,5,14,9.0,0,0,1,1,0,0,1,1,1,0,0,0,0,0,0,0,0,0,0,0,0,0,0,0,0,0,0,0,0,0,0,0,2.0,1,1,3,0.0,998,998,Baja,0,Noche,Baja,Noche,Bajo Riesgo
19182,2024,8,4,23,8,8200,3,2,No inventariada,13.6,4,5,14,9.0,0,0,1,1,0,0,1,1,1,0,0,0,0,0,0,0,0,0,0,0,0,0,0,0,0,0,0,0,0,0,0,0,1.0,1,4,1,0.0,998,998,Baja,0,Noche,Baja,Noche,Bajo Riesgo
19183,2024,8,6,11,8,0,1,1,AP-7,162.0,4,1,2,4.0,0,0,1,1,0,0,1,1,2,0,0,0,0,0,0,0,0,0,0,0,0,0,0,0,0,0,0,0,0,0,0,0,1.0,1,1,1,0.0,998,4,Alta,0,Mañana,Baja,Mañana,Bajo Riesgo
19184,2024,9,4,6,8,0,1,1,C-17,39.1,4,5,3,20.0,0,0,1,1,0,0,1,1,1,0,0,0,0,0,0,0,0,0,0,0,0,0,0,0,0,0,0,0,0,0,0,0,1.0,3,6,3,0.0,998,4,Baja,0,Madrugada,Baja,Mañana,Bajo Riesgo
19185,2024,9,3,7,8,8284,1,1,GI-600,1.3,4,5,6,4.0,0,0,2,2,0,0,2,2,2,0,0,0,0,0,0,0,0,0,0,0,0,0,0,0,0,0,0,0,0,0,0,0,2.0,1,1,1,0.0,998,4,Baja,0,Mañana,Baja,Mañana,Bajo Riesgo
19186,2024,9,3,12,8,8260,1,1,AP-7,145.1,4,1,2,3.0,0,0,3,3,0,0,3,3,2,0,0,0,0,0,0,0,0,0,0,0,0,0,0,0,0,0,0,0,0,0,0,0,1.0,3,1,3,0.0,998,4,Alta,0,Mañana,Media,Tarde,Bajo Riesgo
19187,2024,9,3,14,8,8009,1,1,C-60,5.0,4,5,2,19.0,0,0,2,2,0,0,2,2,1,0,0,0,0,0,0,0,0,0,0,0,0,0,0,0,0,0,0,0,0,0,0,0,2.0,3,1,3,0.0,998,4,Baja,0,Tarde,Baja,Tarde,Bajo Riesgo
19188,2024,9,3,20,8,8252,1,1,AP-7,147.5,4,1,2,4.0,0,0,1,1,0,0,1,1,3,0,0,0,0,0,0,0,0,0,0,0,0,0,0,0,0,0,0,0,0,0,0,0,1.0,3,1,4,0.0,998,4,Alta,0,Noche,Baja,Noche,Bajo Riesgo
19189,2024,9,3,22,8,8124,1,1,C-17,13.0,4,5,3,2.0,0,0,2,2,0,0,2,2,2,0,0,0,0,0,0,0,0,0,0,0,0,0,0,0,0,0,0,0,0,0,0,0,1.0,3,4,3,0.0,998,4,Baja,0,Noche,Baja,Noche,Bajo Riesgo
19190,2024,9,4,0,8,8009,1,1,C-32,98.0,4,5,2,19.0,0,0,1,1,0,0,1,1,1,0,0,0,0,0,0,0,0,0,0,0,0,0,0,0,0,0,0,0,0,0,0,0,1.0,3,4,3,0.0,998,4,Media,0,,Baja,Madrugada,Bajo Riesgo
19191,2024,9,4,7,8,8252,1,1,B-30,10.0,4,1,2,20.0,0,0,1,1,0,0,1,1,2,0,0,0,0,0,0,0,0,0,0,0,0,0,0,0,0,0,0,0,0,0,0,0,1.0,1,1,1,0.0,998,4,Baja,0,Mañana,Baja,Mañana,Bajo Riesgo
19192,2024,9,4,10,8,8187,1,1,C-155,0.2,4,5,6,4.0,0,0,2,2,0,0,2,2,2,0,0,0,0,0,0,0,0,0,0,0,0,0,0,0,0,0,0,0,0,0,0,0,1.0,1,1,1,0.0,998,4,Baja,0,Mañana,Baja,Mañana,Bajo Riesgo
19193,2024,9,4,15,8,8260,1,1,C-59,3.0,4,5,3,3.0,0,0,2,2,0,0,2,2,2,0,0,0,0,0,0,0,0,0,0,0,0,0,0,0,0,0,0,0,0,0,0,0,1.0,1,1,1,0.0,998,4,Baja,0,Tarde,Baja,Tarde,Bajo Riesgo
19194,2024,9,4,15,8,8217,1,1,A-2,608.1,4,1,3,4.0,0,0,4,4,0,0,4,4,2,0,0,0,0,0,0,0,0,0,0,0,0,0,0,0,0,0,0,0,0,0,0,0,1.0,1,1,1,0.0,998,4,Muy Alta,0,Tarde,Media,Tarde,Bajo Riesgo
19195,2024,9,4,17,8,8089,1,1,B-210,2.8,4,5,6,9.0,0,0,1,1,0,0,1,1,1,0,0,0,0,0,0,0,0,0,0,0,0,0,0,0,0,0,0,0,0,0,0,0,2.0,1,1,1,0.0,998,4,Baja,0,Tarde,Baja,Tarde,Bajo Riesgo
19196,2024,9,4,17,8,0,1,1,AP-7,162.1,4,1,2,4.0,0,0,1,1,0,0,1,1,3,0,0,0,0,0,0,0,0,0,0,0,0,0,0,0,0,0,0,0,0,0,0,0,1.0,1,1,1,0.0,998,4,Alta,0,Tarde,Baja,Tarde,Bajo Riesgo
19197,2024,9,4,17,8,0,1,1,C-25,150.6,4,5,3,4.0,0,0,1,1,0,0,1,1,2,0,0,0,0,0,0,0,0,0,0,0,0,0,0,0,0,0,0,0,0,0,0,0,1.0,1,1,1,0.0,998,4,Alta,0,Tarde,Baja,Tarde,Bajo Riesgo