ID_ACCIDENTE,ANYO,MES,DIA_SEMANA,HORA,COD_PROVINCIA,COD_MUNICIPIO,ZONA,ZONA_AGRUPADA,CARRETERA,KM,SENTIDO_1F,TITULARIDAD_VIA,TIPO_VIA,TIPO_ACCIDENTE,TOTAL_MU24H,TOTAL_HG24H,TOTAL_HL24H,TOTAL_VICTIMAS_24H,TOTAL_MU30DF,TOTAL_HG30DF,TOTAL_HL30DF,TOTAL_VICTIMAS_30DF,TOTAL_VEHICULOS,TOT_PEAT_MU24H,TOT_BICI_MU24H,TOT_CICLO_MU24H,TOT_MOTO_MU24H,TOT_TUR_MU24H,TOT_FURG_MU24H,TOT_CAM_MENOS3500_MU24H,TOT_CAM_MAS3500_MU24H,TOT_BUS_MU24H,TOT_OTRO_MU24H,TOT_SINESPECIF_MU24H,TOT_PEAT_MU30DF,TOT_BICI_MU30DF,TOT_CICLO_MU30DF,TOT_MOTO_MU30DF,TOT_TUR_MU30DF,TOT_FURG_MU30DF,TOT_CAM_MENOS3500_MU30DF,TOT_CAM_MAS3500_MU30DF,TOT_BUS_MU30DF,TOT_VMP_MU30DF,TOT_OTRO_MU30DF,TOT_SINESPECIF_MU30DF,NUDO,CONDICION_FIRME,CONDICION_ILUMINACION,CONDICION_METEO,CONDICION_NIEBLA,ACERA,TRAZADO_PLANTA,ZONA_KM,HAY_NIEBLA,TRAMO_HORA,gravedad_accidente,tramo_horario,zona_riesgo
20528,2024,9,5,18,8,8200,1,1,C-32,53.0,4,5,2,6.0,0,0,1,1,0,0,1,1,1,0,0,0,0,0,0,0,0,0,0,0,0,0,0,0,0,0,0,0,0,0,0,0,2.0,1,1,1,0.0,998,4,Media,0,Tarde,Baja,Noche,Bajo Riesgo
20529,2024,10,4,12,8,8113,1,1,C-55,31.0,4,5,3,19.0,0,0,1,1,0,0,1,1,1,0,0,0,0,0,0,0,0,0,0,0,0,0,0,0,0,0,0,0,0,0,0,0,1.0,3,1,4,0.0,998,4,Baja,0,Mañana,Baja,Tarde,Bajo Riesgo
20530,2024,10,4,16,8,8205,1,1,C-16,13.3,4,5,2,4.0,0,0,1,1,0,0,1,1,2,0,0,0,0,0,0,0,0,0,0,0,0,0,0,0,0,0,0,0,0,0,0,0,2.0,1,1,1,0.0,998,4,Baja,0,Tarde,Baja,Tarde,Bajo Riesgo
20531,2024,10,5,7,8,8270,1,1,C-31,163.7,4,5,6,9.0,0,0,1,1,0,0,1,1,1,0,0,0,0,0,0,0,0,0,0,0,0,0,0,0,0,0,0,0,0,0,0,0,1.0,1,1,1,0.0,998,4,Alta,0,Mañana,Baja,Mañana,Bajo Riesgo
20532,2024,10,5,13,8,0,1,1,C-16,113.7,4,5,6,4.0,0,0,1,1,0,0,1,1,4,0,0,0,0,0,0,0,0,0,0,0,0,0,0,0,0,0,0,0,0,0,0,0,1.0,3,1,3,0.0,998,4,Alta,0,Tarde,Baja,Tarde,Bajo Riesgo
20533,2024,10,5,14,8,8251,1,1,AP-7,200.9,4,1,2,4.0,0,0,1,1,0,0,1,1,2,0,0,0,0,0,0,0,0,0,0,0,0,0,0,0,0,0,0,0,0,0,0,0,1.0,1,1,1,0.0,998,4,Muy Alta,0,Tarde,Baja,Tarde,Bajo Riesgo
20534,2024,10,5,14,8,8073,1,1,C-32,60.5,4,5,3,9.0,0,0,1,1,0,0,1,1,1,0,0,0,0,0,0,0,0,0,0,0,0,0,0,0,0,0,0,0,0,0,0,0,1.0,1,1,1,0.0,998,4,Media,0,Tarde,Baja,Tarde,Bajo Riesgo
20535,2024,10,5,16,8,0,1,1,BV-4601,2.9,4,5,6,19.0,0,0,1,1,0,0,1,1,1,0,0,0,0,0,0,0,0,0,0,0,0,0,0,0,0,0,0,0,0,0,0,0,2.0,1,1,1,0.0,998,4,Baja,0,Tarde,Baja,Tarde,Bajo Riesgo
20536,2024,10,5,15,8,8184,1,1,BP-1503,19.3,4,5,6,4.0,0,0,2,2,0,0,2,2,5,0,0,0,0,0,0,0,0,0,0,0,0,0,0,0,0,0,0,0,0,0,0,0,2.0,1,1,1,0.0,998,4,Baja,0,Tarde,Baja,Tarde,Bajo Riesgo
20537,2024,10,5,16,8,8205,1,1,BP-1417,5.9,4,5,6,9.0,0,0,1,1,0,0,1,1,1,0,0,0,0,0,0,0,0,0,0,0,0,0,0,0,0,0,0,0,0,0,0,0,1.0,1,1,1,0.0,998,4,Baja,0,Tarde,Baja,Tarde,Bajo Riesgo
20538,2024,10,5,22,8,8307,1,1,C-15,2.5,4,5,3,2.0,0,0,1,1,0,0,1,1,2,0,0,0,0,0,0,0,0,0,0,0,0,0,0,0,0,0,0,0,0,0,0,0,2.0,1,4,1,0.0,998,4,Baja,0,Noche,Baja,Noche,Bajo Riesgo
20539,2024,10,2,14,8,8217,3,2,No inventariada,13.6,4,5,14,2.0,0,0,1,1,0,0,1,1,2,0,0,0,0,0,0,0,0,0,0,0,0,0,0,0,0,0,0,0,0,0,0,0,1.0,1,1,1,0.0,998,998,Baja,0,Tarde,Baja,Tarde,Bajo Riesgo
20540,2024,10,1,16,8,8217,3,2,No inventariada,13.6,4,5,14,2.0,0,0,1,1,0,0,1,1,2,0,0,0,0,0,0,0,0,0,0,0,0,0,0,0,0,0,0,0,0,0,0,0,2.0,1,1,1,0.0,998,998,Baja,0,Tarde,Baja,Tarde,Bajo Riesgo
20541,2024,10,4,18,8,8217,3,2,No inventariada,13.6,4,5,14,3.0,0,0,1,1,0,0,1,1,2,0,0,0,0,0,0,0,0,0,0,0,0,0,0,0,0,0,0,0,0,0,0,0,2.0,1,1,1,0.0,998,998,Baja,0,Tarde,Baja,Noche,Bajo Riesgo
20542,2024,10,2,19,8,8015,3,2,No inventariada,13.6,4,5,14,7.0,0,0,1,1,0,0,1,1,1,0,0,0,0,0,0,0,0,0,0,0,0,0,0,0,0,0,0,0,0,0,0,0,2.0,1,4,1,0.0,0,998,Baja,0,Noche,Baja,Noche,Bajo Riesgo
20543,2024,10,6,18,8,8073,3,2,No inventariada,13.6,4,5,14,9.0,0,0,2,2,0,0,2,2,1,0,0,0,0,0,0,0,0,0,0,0,0,0,0,0,0,0,0,0,0,0,0,0,2.0,8,1,1,0.0,998,998,Baja,0,Tarde,Baja,Noche,Bajo Riesgo
20544,2024,10,5,23,8,8015,3,2,No inventariada,13.6,4,5,14,9.0,0,0,1,1,0,0,1,1,1,0,0,0,0,0,0,0,0,0,0,0,0,0,0,0,0,0,0,0,0,0,0,0,2.0,1,5,1,0.0,998,998,Baja,0,Noche,Baja,Noche,Bajo Riesgo
20545,2024,6,3,14,8,8194,3,2,No inventariada,13.6,4,5,14,3.0,0,0,2,2,0,0,2,2,2,0,0,0,0,0,0,0,0,0,0,0,0,0,0,0,0,0,0,0,0,0,0,0,1.0,1,1,1,0.0,998,998,Baja,0,Tarde,Baja,Tarde,Bajo Riesgo
20546,2024,6,3,13,8,8194,3,2,No inventariada,13.6,4,5,14,9.0,0,0,1,1,0,0,1,1,1,0,0,0,0,0,0,0,0,0,0,0,0,0,0,0,0,0,0,0,0,0,0,0,1.0,1,1,1,0.0,998,998,Baja,0,Tarde,Baja,Tarde,Bajo Riesgo
20547,2024,6,4,19,8,8194,3,2,No inventariada,13.6,4,5,14,2.0,0,0,1,1,0,0,1,1,2,0,0,0,0,0,0,0,0,0,0,0,0,0,0,0,0,0,0,0,0,0,0,0,2.0,1,1,1,0.0,998,998,Baja,0,Noche,Baja,Noche,Bajo Riesgo
20548,2024,6,5,2,8,8194,3,2,No inventariada,13.6,4,5,14,6.0,0,0,1,1,0,0,1,1,1,0,0,0,0,0,0,0,0,0,0,0,0,0,0,0,0,0,0,0,0,0,0,0,1.0,1,4,1,0.0,998,998,Baja,0,Madrugada,Baja,Madrugada,Bajo Riesgo
20549,2024,6,2,15,8,8194,3,2,No inventariada,13.6,4,5,14,7.0,0,0,1,1,0,0,1,1,1,0,0,0,0,0,0,0,0,0,0,0,0,0,0,0,0,0,0,0,0,0,0,0,1.0,1,1,1,0.0,0,998,Baja,0,Tarde,Baja,Tarde,Bajo Riesgo
20550,2024,6,1,12,8,8194,3,2,No inventariada,13.6,4,5,14,9.0,0,0,1,1,0,0,1,1,1,0,0,0,0,0,0,0,0,0,0,0,0,0,0,0,0,0,0,0,0,0,0,0,1.0,1,1,1,0.0,998,998,Baja,0,Mañana,Baja,Tarde,Bajo Riesgo
20551,2024,10,3,13,8,8088,1,1,C-17,31.5,4,5,3,3.0,0,0,1,1,0,0,1,1,2,0,0,0,0,0,0,0,0,0,0,0,0,0,0,0,0,0,0,0,0,0,0,0,1.0,1,1,1,0.0,998,4,Baja,0,Tarde,Baja,Tarde,Bajo Riesgo
20552,2024,10,5,10,8,8125,1,1,BV-5011,7.5,4,5,6,9.0,0,0,1,1,0,0,1,1,1,0,0,0,0,0,0,0,0,0,0,0,0,0,0,0,0,0,0,0,0,0,0,0,1.0,1,1,1,0.0,998,4,Baja,0,Mañana,Baja,Mañana,Bajo Riesgo
20553,2024,10,5,13,8,8208,1,1,B-224,19.5,4,5,6,4.0,0,0,2,2,0,0,2,2,2,0,0,0,0,0,0,0,0,0,0,0,0,0,0,0,0,0,0,0,0,0,0,0,2.0,1,1,1,0.0,998,4,Baja,0,Tarde,Baja,Tarde,Bajo Riesgo
20554,2024,10,6,5,8,8167,1,1,B-142,1.4,4,5,6,4.0,0,0,1,1,0,0,1,1,2,0,0,0,0,0,0,0,0,0,0,0,0,0,0,0,0,0,0,0,0,0,0,0,1.0,1,6,1,0.0,998,4,Baja,0,Madrugada,Baja,Madrugada,Bajo Riesgo
20555,2024,10,6,4,8,0,1,1,No inventariada,161.0,4,5,6,4.0,0,0,5,5,0,0,5,5,2,0,0,0,0,0,0,0,0,0,0,0,0,0,0,0,0,0,0,0,0,0,0,0,2.0,1,6,1,0.0,998,4,Alta,0,Madrugada,Media,Madrugada,Bajo Riesgo
20556,2024,10,6,8,8,0,1,1,B-220,12.0,4,5,6,9.0,0,0,1,1,0,0,1,1,1,0,0,0,0,0,0,0,0,0,0,0,0,0,0,0,0,0,0,0,0,0,0,0,1.0,1,1,1,0.0,998,4,Baja,0,Mañana,Baja,Mañana,Bajo Riesgo
20557,2024,10,6,10,8,8187,1,1,C-58,11.0,4,5,2,4.0,0,0,1,1,0,0,1,1,2,0,0,0,0,0,0,0,0,0,0,0,0,0,0,0,0,0,0,0,0,0,0,0,2.0,1,1,1,0.0,998,4,Baja,0,Mañana,Baja,Mañana,Bajo Riesgo
20558,2024,10,6,10,8,8019,1,1,C-58,0.6,4,5,6,4.0,0,0,3,3,0,0,3,3,5,0,0,0,0,0,0,0,0,0,0,0,0,0,0,0,0,0,0,0,0,0,0,0,1.0,1,1,1,0.0,998,4,Baja,0,Mañana,Media,Mañana,Bajo Riesgo
20559,2024,10,6,14,8,8252,1,1,B-30,10.9,4,1,2,4.0,0,0,1,1,0,0,1,1,2,0,0,0,0,0,0,0,0,0,0,0,0,0,0,0,0,0,0,0,0,0,0,0,1.0,1,1,1,0.0,998,4,Baja,0,Tarde,Baja,Tarde,Bajo Riesgo
20560,2024,10,6,14,8,8270,1,1,C-31,176.5,4,5,6,4.0,0,0,1,1,0,0,1,1,2,0,0,0,0,0,0,0,0,0,0,0,0,0,0,0,0,0,0,0,0,0,0,0,2.0,1,1,1,0.0,998,4,Alta,0,Tarde,Baja,Tarde,Bajo Riesgo
20561,2024,10,6,15,8,8096,1,1,C-17,21.0,4,5,3,20.0,0,0,1,1,0,0,1,1,1,0,0,0,0,0,0,0,0,0,0,0,0,0,0,0,0,0,0,0,0,0,0,0,1.0,1,1,1,0.0,998,4,Baja,0,Tarde,Baja,Tarde,Bajo Riesgo
20562,2024,10,6,17,8,8213,1,1,C-16C,1.0,4,5,6,9.0,0,0,1,1,0,0,1,1,1,0,0,0,0,0,0,0,0,0,0,0,0,0,0,0,0,0,0,0,0,0,0,0,1.0,1,1,1,0.0,998,4,Baja,0,Tarde,Baja,Tarde,Bajo Riesgo
20563,2024,9,7,20,8,8135,3,2,No inventariada,13.6,4,4,14,3.0,0,0,1,1,0,0,1,1,2,0,0,0,0,0,0,0,0,0,0,0,0,0,0,0,0,0,0,0,0,0,0,0,1.0,1,4,1,0.0,998,998,Baja,0,Noche,Baja,Noche,Bajo Riesgo
20564,2024,10,7,13,8,8073,3,2,No inventariada,13.6,4,5,14,9.0,0,1,0,1,0,1,0,1,1,0,0,0,0,0,0,0,0,0,0,0,0,0,0,0,0,0,0,0,0,0,0,0,1.0,1,1,1,0.0,998,998,Baja,0,Tarde,Baja,Tarde,Bajo Riesgo
20565,2024,8,2,17,8,8266,3,2,No inventariada,13.6,4,5,14,2.0,0,0,1,1,0,0,1,1,2,0,0,0,0,0,0,0,0,0,0,0,0,0,0,0,0,0,0,0,0,0,0,0,2.0,1,1,1,0.0,998,998,Baja,0,Tarde,Baja,Tarde,Bajo Riesgo
20566,2024,8,5,1,8,8266,3,2,No inventariada,13.6,4,5,14,9.0,0,0,1,1,0,0,1,1,1,0,0,0,0,0,0,0,0,0,0,0,0,0,0,0,0,0,0,0,0,0,0,0,2.0,8,4,1,0.0,998,998,Baja,0,Madrugada,Baja,Madrugada,Bajo Riesgo
20567,2024,7,3,13,8,8194,3,2,No inventariada,13.6,4,5,14,2.0,0,0,1,1,0,0,1,1,2,0,0,0,0,0,0,0,0,0,0,0,0,0,0,0,0,0,0,0,0,0,0,0,1.0,8,1,1,0.0,998,998,Baja,0,Tarde,Baja,Tarde,Bajo Riesgo
20568,2024,8,5,13,8,8266,3,2,No inventariada,13.6,4,5,14,2.0,0,0,1,1,0,0,1,1,2,0,0,0,0,0,0,0,0,0,0,0,0,0,0,0,0,0,0,0,0,0,0,0,1.0,1,1,1,0.0,998,998,Baja,0,Tarde,Baja,Tarde,Bajo Riesgo
20569,2024,8,5,15,8,8266,3,2,No inventariada,13.6,4,5,14,4.0,0,0,1,1,0,0,1,1,2,0,0,0,0,0,0,0,0,0,0,0,0,0,0,0,0,0,0,0,0,0,0,0,2.0,1,1,1,0.0,998,998,Baja,0,Tarde,Baja,Tarde,Bajo Riesgo
20570,2024,8,1,11,8,8266,3,2,No inventariada,13.6,4,5,14,9.0,0,1,0,1,0,1,0,1,1,0,0,0,0,0,0,0,0,0,0,0,0,0,0,0,0,0,0,0,0,0,0,0,1.0,8,1,1,0.0,998,998,Baja,0,Mañana,Baja,Mañana,Bajo Riesgo
20571,2024,7,2,21,8,8194,3,2,No inventariada,13.6,4,5,14,9.0,0,0,1,1,0,0,1,1,1,0,0,0,0,0,0,0,0,0,0,0,0,0,0,0,0,0,0,0,0,0,0,0,1.0,1,4,1,0.0,998,998,Baja,0,Noche,Baja,Noche,Bajo Riesgo
20572,2024,9,1,9,8,8266,3,2,No inventariada,13.6,4,5,14,7.0,0,0,1,1,0,0,1,1,1,0,0,0,0,0,0,0,0,0,0,0,0,0,0,0,0,0,0,0,0,0,0,0,2.0,1,1,1,0.0,0,998,Baja,0,Mañana,Baja,Mañana,Bajo Riesgo
20573,2024,8,4,22,8,8266,3,2,No inventariada,13.6,4,5,14,2.0,0,0,1,1,0,0,1,1,2,0,0,0,0,0,0,0,0,0,0,0,0,0,0,0,0,0,0,0,0,0,0,0,2.0,1,4,1,0.0,998,998,Baja,0,Noche,Baja,Noche,Bajo Riesgo
20574,2024,7,3,16,8,8194,3,2,No inventariada,13.6,4,5,14,9.0,0,0,1,1,0,0,1,1,1,0,0,0,0,0,0,0,0,0,0,0,0,0,0,0,0,0,0,0,0,0,0,0,1.0,1,1,1,0.0,998,998,Baja,0,Tarde,Baja,Tarde,Bajo Riesgo
20575,2024,8,2,13,8,8266,3,2,No inventariada,13.6,4,5,14,2.0,0,0,1,1,0,0,1,1,2,0,0,0,0,0,0,0,0,0,0,0,0,0,0,0,0,0,0,0,0,0,0,0,2.0,1,1,1,0.0,998,998,Baja,0,Tarde,Baja,Tarde,Bajo Riesgo
20576,2024,8,2,16,8,8266,3,2,No inventariada,13.6,4,5,14,6.0,0,0,1,1,0,0,1,1,3,0,0,0,0,0,0,0,0,0,0,0,0,0,0,0,0,0,0,0,0,0,0,0,2.0,1,1,1,0.0,998,998,Baja,0,Tarde,Baja,Tarde,Bajo Riesgo
20577,2024,9,2,14,8,8266,3,2,No inventariada,13.6,4,5,14,9.0,0,0,1,1,0,0,1,1,2,0,0,0,0,0,0,0,0,0,0,0,0,0,0,0,0,0,0,0,0,0,0,0,2.0,3,1,3,0.0,998,998,Baja,0,Tarde,Baja,Tarde,Bajo Riesgo
20578,2024,9,6,2,8,8266,3,2,No inventariada,13.6,4,5,14,6.0,0,0,1,1,0,0,1,1,3,0,0,0,0,0,0,0,0,0,0,0,0,0,0,0,0,0,0,0,0,0,0,0,1.0,3,4,4,0.0,998,998,Baja,0,Madrugada,Baja,Madrugada,Bajo Riesgo
20579,2024,9,4,21,8,8051,2,2,B-124,6.5,2,2,14,4.0,0,0,1,1,0,0,1,1,3,0,0,0,0,0,0,0,0,0,0,0,0,0,0,0,0,0,0,0,0,0,0,0,1.0,1,4,1,0.0,998,1,Baja,0,Noche,Baja,Noche,Bajo Riesgo
20580,2024,9,4,17,8,8096,3,2,No inventariada,13.6,3,4,14,4.0,0,1,0,1,0,1,0,1,2,0,0,0,0,0,0,0,0,0,0,0,0,0,0,0,0,0,0,0,0,0,0,0,1.0,1,1,1,0.0,998,998,Baja,0,Tarde,Baja,Tarde,Bajo Riesgo
20581,2024,10,7,23,8,8279,3,2,No inventariada,13.6,4,5,14,6.0,0,0,1,1,0,0,1,1,1,0,0,0,0,0,0,0,0,0,0,0,0,0,0,0,0,0,0,0,0,0,0,0,1.0,1,1,1,0.0,998,998,Baja,0,Noche,Baja,Noche,Bajo Riesgo
20582,2024,10,5,19,8,8187,3,2,No inventariada,13.6,4,5,14,20.0,0,1,0,1,0,1,0,1,2,0,0,0,0,0,0,0,0,0,0,0,0,0,0,0,0,0,0,0,0,0,0,0,1.0,1,1,1,0.0,998,998,Baja,0,Noche,Baja,Noche,Bajo Riesgo
20583,2024,10,6,22,8,8101,3,2,No inventariada,13.6,4,5,14,20.0,0,0,1,1,0,0,1,1,2,0,0,0,0,0,0,0,0,0,0,0,0,0,0,0,0,0,0,0,0,0,0,0,1.0,1,1,1,0.0,998,998,Baja,0,Noche,Baja,Noche,Bajo Riesgo
20584,2024,9,1,2,8,8266,3,2,No inventariada,13.6,4,5,14,19.0,0,0,1,1,0,0,1,1,1,0,0,0,0,0,0,0,0,0,0,0,0,0,0,0,0,0,0,0,0,0,0,0,2.0,1,4,1,0.0,998,998,Baja,0,Madrugada,Baja,Madrugada,Bajo Riesgo
20585,2024,9,2,19,8,8056,1,1,C-32,47.0,4,5,2,9.0,0,0,1,1,0,0,1,1,1,0,0,0,0,0,0,0,0,0,0,0,0,0,0,0,0,0,0,0,0,0,0,0,2.0,3,5,3,0.0,998,4,Baja,0,Noche,Baja,Noche,Bajo Riesgo
20586,2024,9,2,23,8,8200,1,1,B-204,3.5,4,5,6,4.0,0,0,2,2,0,0,2,2,2,0,0,0,0,0,0,0,0,0,0,0,0,0,0,0,0,0,0,0,0,0,0,0,2.0,3,5,3,0.0,998,4,Baja,0,Noche,Baja,Noche,Bajo Riesgo
20587,2024,4,6,10,8,8046,3,2,No inventariada,13.6,4,5,14,2.0,0,0,1,1,0,0,1,1,2,0,0,0,0,0,0,0,0,0,0,0,0,0,0,0,0,0,0,0,0,0,0,0,1.0,1,1,1,0.0,998,998,Baja,0,Mañana,Baja,Mañana,Bajo Riesgo
20588,2024,10,3,2,8,0,1,1,A-2,560.0,4,1,3,19.0,0,0,2,2,0,0,2,2,1,0,0,0,0,0,0,0,0,0,0,0,0,0,0,0,0,0,0,0,0,0,0,0,1.0,1,6,1,0.0,998,4,Muy Alta,0,Madrugada,Baja,Madrugada,Bajo Riesgo
20589,2024,10,5,9,8,0,1,1,N-2a,556.0,4,5,6,3.0,0,0,1,1,0,0,1,1,3,0,0,0,0,0,0,0,0,0,0,0,0,0,0,0,0,0,0,0,0,0,0,0,2.0,1,1,1,0.0,998,4,Muy Alta,0,Mañana,Baja,Mañana,Bajo Riesgo
20590,2024,10,6,11,8,0,1,1,C-37,45.2,2,2,6,2.0,0,1,3,4,0,1,3,4,2,0,0,0,0,0,0,0,0,0,0,0,0,0,0,0,0,0,0,0,0,0,0,0,2.0,1,1,1,0.0,998,1,Baja,0,Mañana,Media,Mañana,Bajo Riesgo
20591,2024,10,7,6,8,0,1,1,N-141c,45.5,4,5,6,19.0,0,0,1,1,0,0,1,1,1,0,0,0,0,0,0,0,0,0,0,0,0,0,0,0,0,0,0,0,0,0,0,0,1.0,1,6,1,0.0,998,4,Baja,0,Madrugada,Baja,Mañana,Bajo Riesgo
20592,2024,10,7,9,8,8267,1,1,No inventariada,31.5,4,5,6,9.0,0,0,2,2,0,0,2,2,2,0,0,0,0,0,0,0,0,0,0,0,0,0,0,0,0,0,0,0,0,0,0,0,1.0,1,1,1,0.0,998,4,Baja,0,Mañana,Baja,Mañana,Bajo Riesgo
20593,2024,10,7,10,8,0,1,1,BV-4241,6.0,4,5,6,9.0,0,0,1,1,0,0,1,1,2,0,0,0,0,0,0,0,0,0,0,0,0,0,0,0,0,0,0,0,0,0,0,0,1.0,1,1,1,0.0,998,4,Baja,0,Mañana,Baja,Mañana,Bajo Riesgo
20594,2024,10,7,9,8,8231,1,1,C-15B,0.3,4,5,6,4.0,0,0,1,1,0,0,1,1,2,0,0,0,0,0,0,0,0,0,0,0,0,0,0,0,0,0,0,0,0,0,0,0,2.0,1,1,1,0.0,998,4,Baja,0,Mañana,Baja,Mañana,Bajo Riesgo
20595,2024,10,7,11,8,8051,1,1,B-124,14.1,4,5,6,3.0,0,0,1,1,0,0,1,1,2,0,0,0,0,0,0,0,0,0,0,0,0,0,0,0,0,0,0,0,0,0,0,0,1.0,1,1,1,0.0,998,4,Baja,0,Mañana,Baja,Mañana,Bajo Riesgo
20596,2024,10,7,12,8,8279,1,1,No inventariada,12.1,4,5,6,9.0,0,0,1,1,0,0,1,1,1,0,0,0,0,0,0,0,0,0,0,0,0,0,0,0,0,0,0,0,0,0,0,0,1.0,1,1,1,0.0,998,4,Baja,0,Mañana,Baja,Tarde,Bajo Riesgo
20597,2024,10,7,12,8,0,1,1,No inventariada,13.6,4,5,6,19.0,0,0,1,1,0,0,1,1,1,0,0,0,0,0,0,0,0,0,0,0,0,0,0,0,0,0,0,0,0,0,0,0,1.0,8,1,1,0.0,998,4,Baja,0,Mañana,Baja,Tarde,Bajo Riesgo
20598,2024,10,7,12,8,0,1,1,A-2,572.0,4,1,3,4.0,0,0,4,4,0,0,4,4,2,0,0,0,0,0,0,0,0,0,0,0,0,0,0,0,0,0,0,0,0,0,0,0,2.0,1,1,1,0.0,998,4,Muy Alta,0,Mañana,Media,Tarde,Bajo Riesgo
20599,2024,10,7,14,8,0,1,1,BV-2122,3.9,4,5,6,19.0,0,0,1,1,0,0,1,1,1,0,0,0,0,0,0,0,0,0,0,0,0,0,0,0,0,0,0,0,0,0,0,0,1.0,1,1,1,0.0,998,4,Baja,0,Tarde,Baja,Tarde,Bajo Riesgo
20600,2024,10,7,13,8,8119,1,1,B-224,15.0,4,5,6,1.0,0,0,3,3,0,0,3,3,2,0,0,0,0,0,0,0,0,0,0,0,0,0,0,0,0,0,0,0,0,0,0,0,2.0,1,1,1,0.0,998,4,Baja,0,Tarde,Media,Tarde,Bajo Riesgo
20601,2024,10,7,18,8,0,1,1,BV-1031,12.3,4,5,6,19.0,0,0,1,1,0,0,1,1,1,0,0,0,0,0,0,0,0,0,0,0,0,0,0,0,0,0,0,0,0,0,0,0,1.0,1,2,1,0.0,998,4,Baja,0,Tarde,Baja,Noche,Bajo Riesgo
20602,2024,10,7,21,8,8291,1,1,C-58,30.4,4,5,6,8.0,0,0,1,1,0,0,1,1,1,0,0,0,0,0,0,0,0,0,0,0,0,0,0,0,0,0,0,0,0,0,0,0,1.0,1,5,1,0.0,998,4,Baja,0,Noche,Baja,Noche,Bajo Riesgo
20603,2024,10,1,2,8,8088,1,1,BP-1432,32.0,4,5,6,19.0,0,0,3,3,0,0,3,3,1,0,0,0,0,0,0,0,0,0,0,0,0,0,0,0,0,0,0,0,0,0,0,0,2.0,1,4,1,0.0,998,4,Baja,0,Madrugada,Media,Madrugada,Bajo Riesgo
20604,2024,6,2,12,8,8305,3,2,No inventariada,13.6,4,5,14,4.0,0,0,1,1,0,0,1,1,2,0,0,0,0,0,0,0,0,0,0,0,0,0,0,0,0,0,0,0,0,0,0,0,2.0,1,1,1,0.0,998,998,Baja,0,Mañana,Baja,Tarde,Bajo Riesgo
20605,2024,10,3,12,8,8102,3,2,No inventariada,13.6,4,5,14,2.0,0,0,1,1,0,0,1,1,2,0,0,0,0,0,0,0,0,0,0,0,0,0,0,0,0,0,0,0,0,0,0,0,2.0,1,1,1,0.0,998,998,Baja,0,Mañana,Baja,Tarde,Bajo Riesgo
20606,2024,10,6,15,8,8102,3,2,No inventariada,13.6,4,5,14,2.0,0,0,1,1,0,0,1,1,2,0,0,0,0,0,0,0,0,0,0,0,0,0,0,0,0,0,0,0,0,0,0,0,2.0,1,1,1,0.0,998,998,Baja,0,Tarde,Baja,Tarde,Bajo Riesgo
20607,2024,10,3,12,8,8245,3,2,No inventariada,13.6,4,5,14,4.0,0,0,1,1,0,0,1,1,2,0,0,0,0,0,0,0,0,0,0,0,0,0,0,0,0,0,0,0,0,0,0,0,1.0,1,1,1,0.0,998,998,Baja,0,Mañana,Baja,Tarde,Bajo Riesgo
20608,2024,10,4,7,8,8245,3,2,No inventariada,13.6,4,5,14,4.0,0,0,1,1,0,0,1,1,2,0,0,0,0,0,0,0,0,0,0,0,0,0,0,0,0,0,0,0,0,0,0,0,2.0,1,1,1,0.0,998,998,Baja,0,Mañana,Baja,Mañana,Bajo Riesgo
20609,2024,10,3,17,8,8121,3,2,No inventariada,13.6,4,5,14,2.0,0,0,1,1,0,0,1,1,2,0,0,0,0,0,0,0,0,0,0,0,0,0,0,0,0,0,0,0,0,0,0,0,2.0,1,1,1,0.0,998,998,Baja,0,Tarde,Baja,Tarde,Bajo Riesgo
20610,2024,6,5,13,8,8305,3,2,No inventariada,13.6,4,5,14,2.0,0,0,1,1,0,0,1,1,2,0,0,0,0,0,0,0,0,0,0,0,0,0,0,0,0,0,0,0,0,0,0,0,2.0,1,1,1,0.0,998,998,Baja,0,Tarde,Baja,Tarde,Bajo Riesgo
20611,2024,6,2,13,8,8305,3,2,No inventariada,13.6,4,5,14,9.0,0,1,0,1,0,1,0,1,1,0,0,0,0,0,0,0,0,0,0,0,0,0,0,0,0,0,0,0,0,0,0,0,1.0,1,1,1,0.0,998,998,Baja,0,Tarde,Baja,Tarde,Bajo Riesgo
20612,2024,10,5,17,8,8089,3,2,No inventariada,13.6,4,5,14,2.0,0,1,0,1,0,1,0,1,2,0,0,0,0,0,0,0,0,0,0,0,0,0,0,0,0,0,0,0,0,0,0,0,2.0,1,1,1,0.0,998,998,Baja,0,Tarde,Baja,Tarde,Bajo Riesgo
20613,2024,10,7,13,8,8089,3,2,No inventariada,13.6,4,5,14,2.0,0,0,1,1,0,0,1,1,2,0,0,0,0,0,0,0,0,0,0,0,0,0,0,0,0,0,0,0,0,0,0,0,2.0,8,1,1,0.0,998,998,Baja,0,Tarde,Baja,Tarde,Bajo Riesgo
20614,2024,10,3,18,8,8015,3,2,No inventariada,13.6,4,5,14,4.0,0,0,1,1,0,0,1,1,2,0,0,0,0,0,0,0,0,0,0,0,0,0,0,0,0,0,0,0,0,0,0,0,2.0,1,1,1,0.0,998,998,Baja,0,Tarde,Baja,Noche,Bajo Riesgo
20615,2024,10,3,21,8,8015,3,2,No inventariada,13.6,4,5,14,2.0,0,0,1,1,0,0,1,1,2,0,0,0,0,0,0,0,0,0,0,0,0,0,0,0,0,0,0,0,0,0,0,0,2.0,3,4,3,0.0,998,998,Baja,0,Noche,Baja,Noche,Bajo Riesgo