ID_ACCIDENTE,ANYO,MES,DIA_SEMANA,HORA,COD_PROVINCIA,COD_MUNICIPIO,ZONA,ZONA_AGRUPADA,CARRETERA,KM,SENTIDO_1F,TITULARIDAD_VIA,TIPO_VIA,TIPO_ACCIDENTE,TOTAL_MU24H,TOTAL_HG24H,TOTAL_HL24H,TOTAL_VICTIMAS_24H,TOTAL_MU30DF,TOTAL_HG30DF,TOTAL_HL30DF,TOTAL_VICTIMAS_30DF,TOTAL_VEHICULOS,TOT_PEAT_MU24H,TOT_BICI_MU24H,TOT_CICLO_MU24H,TOT_MOTO_MU24H,TOT_TUR_MU24H,TOT_FURG_MU24H,TOT_CAM_MENOS3500_MU24H,TOT_CAM_MAS3500_MU24H,TOT_BUS_MU24H,TOT_OTRO_MU24H,TOT_SINESPECIF_MU24H,TOT_PEAT_MU30DF,TOT_BICI_MU30DF,TOT_CICLO_MU30DF,TOT_MOTO_MU30DF,TOT_TUR_MU30DF,TOT_FURG_MU30DF,TOT_CAM_MENOS3500_MU30DF,TOT_CAM_MAS3500_MU30DF,TOT_BUS_MU30DF,TOT_VMP_MU30DF,TOT_OTRO_MU30DF,TOT_SINESPECIF_MU30DF,NUDO,CONDICION_FIRME,CONDICION_ILUMINACION,CONDICION_METEO,CONDICION_NIEBLA,ACERA,TRAZADO_PLANTA,ZONA_KM,HAY_NIEBLA,TRAMO_HORA,gravedad_accidente,tramo_horario,zona_riesgo
21413,2024,11,2,18,8,8248,2,2,C-1415b,3.4,4,5,6,2.0,0,0,1,1,0,0,1,1,2,0,0,0,0,0,0,0,0,0,0,0,0,0,0,0,0,0,0,0,0,0,0,0,2.0,1,4,1,0.0,998,4,Baja,0,Tarde,Baja,Noche,Bajo Riesgo
21414,2024,11,2,18,8,8301,1,1,C-32,52.0,4,5,2,4.0,0,0,1,1,0,0,1,1,3,0,0,0,0,0,0,0,0,0,0,0,0,0,0,0,0,0,0,0,0,0,0,0,2.0,3,5,1,0.0,998,4,Media,0,Tarde,Baja,Noche,Bajo Riesgo
21415,2024,11,3,1,8,8262,1,1,BV-1229,3.6,4,5,6,19.0,0,0,1,1,0,0,1,1,1,0,0,0,0,0,0,0,0,0,0,0,0,0,0,0,0,0,0,0,0,0,0,0,1.0,1,6,1,0.0,998,4,Baja,0,Madrugada,Baja,Madrugada,Bajo Riesgo
21416,2024,11,6,9,8,8102,3,2,No inventariada,13.6,4,5,14,2.0,0,0,1,1,0,0,1,1,2,0,0,0,0,0,0,0,0,0,0,0,0,0,0,0,0,0,0,0,0,0,0,0,2.0,1,1,1,0.0,998,998,Baja,0,Mañana,Baja,Mañana,Bajo Riesgo
21417,2024,10,4,20,8,8169,3,2,No inventariada,13.6,4,5,14,9.0,0,0,1,1,0,0,1,1,2,0,0,0,0,0,0,0,0,0,0,0,0,0,0,0,0,0,0,0,0,0,0,0,2.0,3,5,3,0.0,998,998,Baja,0,Noche,Baja,Noche,Bajo Riesgo
21418,2024,10,5,12,8,8211,3,2,No inventariada,13.6,4,5,14,7.0,0,0,1,1,0,0,1,1,1,0,0,0,0,0,0,0,0,0,0,0,0,0,0,0,0,0,0,0,0,0,0,0,2.0,1,1,1,0.0,0,998,Baja,0,Mañana,Baja,Tarde,Bajo Riesgo
21419,2024,11,5,11,8,8121,3,2,No inventariada,13.6,4,5,14,2.0,0,0,1,1,0,0,1,1,2,0,0,0,0,0,0,0,0,0,0,0,0,0,0,0,0,0,0,0,0,0,0,0,2.0,1,1,1,0.0,998,998,Baja,0,Mañana,Baja,Mañana,Bajo Riesgo
21420,2024,10,3,15,8,8121,3,2,No inventariada,13.6,4,5,14,2.0,0,0,1,1,0,0,1,1,2,0,0,0,0,0,0,0,0,0,0,0,0,0,0,0,0,0,0,0,0,0,0,0,1.0,1,1,1,0.0,998,998,Baja,0,Tarde,Baja,Tarde,Bajo Riesgo
21421,2024,10,3,10,8,8089,3,2,No inventariada,13.6,4,5,14,8.0,0,0,1,1,0,0,1,1,1,0,0,0,0,0,0,0,0,0,0,0,0,0,0,0,0,0,0,0,0,0,0,0,1.0,1,1,1,0.0,998,998,Baja,0,Mañana,Baja,Mañana,Bajo Riesgo
21422,2024,11,2,20,8,8245,3,2,No inventariada,13.6,4,5,14,9.0,0,0,2,2,0,0,2,2,1,0,0,0,0,0,0,0,0,0,0,0,0,0,0,0,0,0,0,0,0,0,0,0,2.0,3,4,1,0.0,0,998,Baja,0,Noche,Baja,Noche,Bajo Riesgo
21423,2024,11,3,19,8,8121,3,2,No inventariada,13.6,4,5,14,2.0,0,0,1,1,0,0,1,1,2,0,0,0,0,0,0,0,0,0,0,0,0,0,0,0,0,0,0,0,0,0,0,0,2.0,1,2,1,0.0,998,998,Baja,0,Noche,Baja,Noche,Bajo Riesgo
21424,2024,10,4,16,8,8089,3,2,No inventariada,13.6,4,5,14,2.0,0,0,1,1,0,0,1,1,2,0,0,0,0,0,0,0,0,0,0,0,0,0,0,0,0,0,0,0,0,0,0,0,2.0,1,1,1,0.0,998,998,Baja,0,Tarde,Baja,Tarde,Bajo Riesgo
21425,2024,11,7,17,8,8121,3,2,No inventariada,13.6,4,5,14,6.0,0,0,2,2,0,0,2,2,4,0,0,0,0,0,0,0,0,0,0,0,0,0,0,0,0,0,0,0,0,0,0,0,1.0,3,1,3,0.0,998,998,Baja,0,Tarde,Baja,Tarde,Bajo Riesgo
21426,2024,9,3,11,8,8305,3,2,No inventariada,13.6,4,5,14,2.0,0,0,1,1,0,0,1,1,2,0,0,0,0,0,0,0,0,0,0,0,0,0,0,0,0,0,0,0,0,0,0,0,2.0,1,1,1,0.0,998,998,Baja,0,Mañana,Baja,Mañana,Bajo Riesgo
21427,2024,11,1,9,8,8298,3,2,No inventariada,13.6,4,5,14,2.0,0,0,1,1,0,0,1,1,2,0,0,0,0,0,0,0,0,0,0,0,0,0,0,0,0,0,0,0,0,0,0,0,2.0,1,1,1,0.0,998,998,Baja,0,Mañana,Baja,Mañana,Bajo Riesgo
21428,2024,6,4,12,8,8029,3,2,No inventariada,13.6,4,5,14,2.0,0,0,1,1,0,0,1,1,2,0,0,0,0,0,0,0,0,0,0,0,0,0,0,0,0,0,0,0,0,0,0,0,1.0,1,1,1,0.0,998,998,Baja,0,Mañana,Baja,Tarde,Bajo Riesgo
21429,2024,9,6,8,8,8015,3,2,No inventariada,13.6,4,5,14,9.0,0,0,1,1,0,0,1,1,1,0,0,0,0,0,0,0,0,0,0,0,0,0,0,0,0,0,0,0,0,0,0,0,1.0,1,1,1,0.0,998,998,Baja,0,Mañana,Baja,Mañana,Bajo Riesgo
21430,2024,10,3,14,8,8096,3,2,No inventariada,13.6,4,5,14,9.0,0,1,0,1,0,1,0,1,1,0,0,0,0,0,0,0,0,0,0,0,0,0,0,0,0,0,0,0,0,0,0,0,2.0,1,1,1,0.0,998,998,Baja,0,Tarde,Baja,Tarde,Bajo Riesgo
21431,2024,10,4,16,8,8096,3,2,No inventariada,13.6,4,5,14,7.0,0,1,0,1,0,1,0,1,1,0,0,0,0,0,0,0,0,0,0,0,0,0,0,0,0,0,0,0,0,0,0,0,1.0,1,1,1,0.0,0,998,Baja,0,Tarde,Baja,Tarde,Bajo Riesgo
21432,2024,10,3,13,8,8172,3,2,No inventariada,0.0,2,4,14,7.0,0,0,1,1,0,0,1,1,1,0,0,0,0,0,0,0,0,0,0,0,0,0,0,0,0,0,0,0,0,0,0,0,2.0,1,1,1,0.0,0,998,,0,Tarde,Baja,Tarde,Bajo Riesgo
21433,2024,11,2,7,8,8279,3,2,No inventariada,13.6,4,5,14,20.0,0,0,2,2,0,0,2,2,2,0,0,0,0,0,0,0,0,0,0,0,0,0,0,0,0,0,0,0,0,0,0,0,1.0,1,1,1,0.0,998,998,Baja,0,Mañana,Baja,Mañana,Bajo Riesgo
21434,2024,10,5,15,8,8263,1,1,A-2,601.0,4,1,3,4.0,0,0,1,1,0,0,1,1,2,0,0,0,0,0,0,0,0,0,0,0,0,0,0,0,0,0,0,0,0,0,0,0,1.0,1,1,1,0.0,998,4,Muy Alta,0,Tarde,Baja,Tarde,Bajo Riesgo
21435,2024,10,5,20,8,8056,1,1,C-32,43.5,4,5,2,6.0,0,0,1,1,0,0,1,1,5,0,0,0,0,0,0,0,0,0,0,0,0,0,0,0,0,0,0,0,0,0,0,0,1.0,1,5,1,0.0,998,4,Baja,0,Noche,Baja,Noche,Bajo Riesgo
21436,2024,11,4,18,8,8181,1,1,C-352,21.3,4,5,6,20.0,0,0,1,1,0,0,1,1,2,0,0,0,0,0,0,0,0,0,0,0,0,0,0,0,0,0,0,0,0,0,0,0,1.0,3,5,3,0.0,998,4,Baja,0,Tarde,Baja,Noche,Bajo Riesgo
21437,2024,11,7,11,8,0,1,1,BV-2115,9.5,4,5,6,7.0,0,0,1,1,0,0,1,1,1,0,0,0,0,0,0,0,0,0,0,0,0,0,0,0,0,0,0,0,0,0,0,0,1.0,1,1,1,0.0,0,4,Baja,0,Mañana,Baja,Mañana,Bajo Riesgo
21438,2024,11,1,13,8,8187,1,1,C-58,10.9,4,5,2,4.0,0,0,1,1,0,0,1,1,2,0,0,0,0,0,0,0,0,0,0,0,0,0,0,0,0,0,0,0,0,0,0,0,2.0,1,1,1,0.0,998,4,Baja,0,Tarde,Baja,Tarde,Bajo Riesgo
21439,2024,11,2,17,8,8194,1,1,B-10,2.9,4,5,3,9.0,0,0,1,1,0,0,1,1,1,0,0,0,0,0,0,0,0,0,0,0,0,0,0,0,0,0,0,0,0,0,0,0,1.0,3,1,3,0.0,998,4,Baja,0,Tarde,Baja,Tarde,Bajo Riesgo
21440,2024,11,2,17,8,8015,1,1,C-31,211.9,4,5,2,4.0,0,0,3,3,0,0,3,3,3,0,0,0,0,0,0,0,0,0,0,0,0,0,0,0,0,0,0,0,0,0,0,0,1.0,3,5,3,0.0,998,4,Muy Alta,0,Tarde,Media,Tarde,Bajo Riesgo
21441,2024,11,3,5,8,8159,1,1,AP-7,137.0,4,1,2,4.0,0,0,2,2,0,0,2,2,3,0,0,0,0,0,0,0,0,0,0,0,0,0,0,0,0,0,0,0,0,0,0,0,1.0,3,2,3,0.0,998,4,Alta,0,Madrugada,Baja,Madrugada,Bajo Riesgo
21442,2024,11,3,6,8,8001,1,1,A-2,584.5,4,1,3,4.0,0,0,2,2,0,0,2,2,4,0,0,0,0,0,0,0,0,0,0,0,0,0,0,0,0,0,0,0,0,0,0,0,1.0,3,4,3,0.0,998,4,Muy Alta,0,Madrugada,Baja,Mañana,Bajo Riesgo
21443,2024,11,3,8,8,8125,1,1,C-17,6.5,4,5,3,19.0,0,0,1,1,0,0,1,1,1,0,0,0,0,0,0,0,0,0,0,0,0,0,0,0,0,0,0,0,0,0,0,0,1.0,3,1,1,0.0,998,4,Baja,0,Mañana,Baja,Mañana,Bajo Riesgo
21444,2024,11,3,8,8,8307,1,1,C-15,1.3,4,5,3,6.0,0,0,1,1,0,0,1,1,1,0,0,0,0,0,0,0,0,0,0,0,0,0,0,0,0,0,0,0,0,0,0,0,1.0,3,1,3,0.0,998,4,Baja,0,Mañana,Baja,Mañana,Bajo Riesgo
21445,2024,11,3,8,8,8019,1,1,B-10,17.5,4,1,3,20.0,0,1,0,1,0,1,0,1,1,0,0,0,0,0,0,0,0,0,0,0,0,0,0,0,0,0,0,0,0,0,0,0,1.0,1,1,1,0.0,998,4,Baja,0,Mañana,Baja,Mañana,Bajo Riesgo
21446,2024,11,3,7,8,8157,1,1,A-2,596.8,4,1,3,3.0,0,0,1,1,0,0,1,1,2,0,0,0,0,0,0,0,0,0,0,0,0,0,0,0,0,0,0,0,0,0,0,0,1.0,3,1,3,0.0,998,4,Muy Alta,0,Mañana,Baja,Mañana,Bajo Riesgo
21447,2024,11,3,9,8,0,1,1,AP-7,162.0,4,1,2,6.0,0,0,1,1,0,0,1,1,1,0,0,0,0,0,0,0,0,0,0,0,0,0,0,0,0,0,0,0,0,0,0,0,1.0,3,1,3,0.0,998,4,Alta,0,Mañana,Baja,Mañana,Bajo Riesgo
21448,2024,11,3,9,8,8205,1,1,BP-1417,6.7,4,5,6,19.0,0,0,1,1,0,0,1,1,1,0,0,0,0,0,0,0,0,0,0,0,0,0,0,0,0,0,0,0,0,0,0,0,1.0,3,1,3,0.0,998,4,Baja,0,Mañana,Baja,Mañana,Bajo Riesgo
21449,2024,11,3,11,8,8270,1,1,C-31,166.0,4,5,6,19.0,0,0,1,1,0,0,1,1,1,0,0,0,0,0,0,0,0,0,0,0,0,0,0,0,0,0,0,0,0,0,0,0,1.0,3,1,4,0.0,998,4,Alta,0,Mañana,Baja,Mañana,Bajo Riesgo
21450,2024,11,3,12,8,8124,1,1,AP-7,140.2,4,1,2,2.0,0,0,2,2,0,0,2,2,2,0,0,0,0,0,0,0,0,0,0,0,0,0,0,0,0,0,0,0,0,0,0,0,1.0,3,1,3,0.0,998,4,Alta,0,Mañana,Baja,Tarde,Bajo Riesgo
21451,2024,11,3,12,8,8076,1,1,A-2,580.0,4,1,3,4.0,0,0,1,1,0,0,1,1,2,0,0,0,0,0,0,0,0,0,0,0,0,0,0,0,0,0,0,0,0,0,0,0,1.0,3,1,3,0.0,998,4,Muy Alta,0,Mañana,Baja,Tarde,Bajo Riesgo
21452,2024,11,3,13,8,8307,1,1,C-15,1.6,4,5,3,6.0,0,0,1,1,0,0,1,1,1,0,0,0,0,0,0,0,0,0,0,0,0,0,0,0,0,0,0,0,0,0,0,0,1.0,3,1,3,0.0,998,4,Baja,0,Tarde,Baja,Tarde,Bajo Riesgo
21453,2024,11,3,16,8,8221,1,1,B-23,3.0,4,1,2,6.0,0,0,1,1,0,0,1,1,1,0,0,0,0,0,0,0,0,0,0,0,0,0,0,0,0,0,0,0,0,0,0,0,1.0,3,1,1,0.0,998,4,Baja,0,Tarde,Baja,Tarde,Bajo Riesgo
21454,2024,11,3,19,8,8001,1,1,A-2,583.0,4,1,3,4.0,0,0,1,1,0,0,1,1,2,0,0,0,0,0,0,0,0,0,0,0,0,0,0,0,0,0,0,0,0,0,0,0,1.0,1,4,1,0.0,998,4,Muy Alta,0,Noche,Baja,Noche,Bajo Riesgo
21455,2024,11,5,12,8,8169,3,2,No inventariada,13.6,4,5,14,9.0,0,0,1,1,0,0,1,1,1,0,0,0,0,0,0,0,0,0,0,0,0,0,0,0,0,0,0,0,0,0,0,0,2.0,1,1,1,0.0,998,998,Baja,0,Mañana,Baja,Tarde,Bajo Riesgo
21456,2024,11,5,22,8,8089,3,2,No inventariada,13.6,4,5,14,2.0,0,0,1,1,0,0,1,1,2,0,0,0,0,0,0,0,0,0,0,0,0,0,0,0,0,0,0,0,0,0,0,0,2.0,1,4,1,0.0,998,998,Baja,0,Noche,Baja,Noche,Bajo Riesgo
21457,2024,11,7,19,8,8169,3,2,No inventariada,13.6,4,5,14,6.0,0,0,1,1,0,0,1,1,1,0,0,0,0,0,0,0,0,0,0,0,0,0,0,0,0,0,0,0,0,0,0,0,1.0,3,2,1,0.0,998,998,Baja,0,Noche,Baja,Noche,Bajo Riesgo
21458,2024,11,4,15,8,8169,3,2,No inventariada,13.6,4,5,14,4.0,0,0,2,2,0,0,2,2,3,0,0,0,0,0,0,0,0,0,0,0,0,0,0,0,0,0,0,0,0,0,0,0,1.0,1,1,1,0.0,998,998,Baja,0,Tarde,Baja,Tarde,Bajo Riesgo
21459,2024,11,6,8,8,8089,2,2,C-245,5.6,4,5,14,3.0,0,0,1,1,0,0,1,1,2,0,0,0,0,0,0,0,0,0,0,0,0,0,0,0,0,0,0,0,0,0,0,0,2.0,1,1,1,0.0,998,4,Baja,0,Mañana,Baja,Mañana,Bajo Riesgo
21460,2024,7,1,8,8,8015,3,2,No inventariada,13.6,4,5,14,7.0,0,0,1,1,0,0,1,1,1,0,0,0,0,0,0,0,0,0,0,0,0,0,0,0,0,0,0,0,0,0,0,0,1.0,1,1,1,0.0,0,998,Baja,0,Mañana,Baja,Mañana,Bajo Riesgo
21461,2024,11,5,16,8,8121,3,2,No inventariada,13.6,4,5,14,2.0,0,0,1,1,0,0,1,1,2,0,0,0,0,0,0,0,0,0,0,0,0,0,0,0,0,0,0,0,0,0,0,0,2.0,1,1,1,0.0,998,998,Baja,0,Tarde,Baja,Tarde,Bajo Riesgo
21462,2024,11,3,12,8,8245,3,2,No inventariada,13.6,4,5,14,7.0,0,0,1,1,0,0,1,1,1,0,0,0,0,0,0,0,0,0,0,0,0,0,0,0,0,0,0,0,0,0,0,0,2.0,3,1,1,0.0,0,998,Baja,0,Mañana,Baja,Tarde,Bajo Riesgo
21463,2024,9,2,12,8,8305,3,2,No inventariada,13.6,4,5,14,2.0,0,0,1,1,0,0,1,1,2,0,0,0,0,0,0,0,0,0,0,0,0,0,0,0,0,0,0,0,0,0,0,0,2.0,1,1,1,0.0,998,998,Baja,0,Mañana,Baja,Tarde,Bajo Riesgo
21464,2024,11,3,13,8,8245,3,2,No inventariada,13.6,4,5,14,9.0,0,0,1,1,0,0,1,1,1,0,0,0,0,0,0,0,0,0,0,0,0,0,0,0,0,0,0,0,0,0,0,0,2.0,3,1,3,0.0,998,998,Baja,0,Tarde,Baja,Tarde,Bajo Riesgo
21465,2024,10,4,19,8,8056,3,2,No inventariada,13.6,4,5,14,6.0,0,0,1,1,0,0,1,1,1,0,0,0,0,0,0,0,0,0,0,0,0,0,0,0,0,0,0,0,0,0,0,0,1.0,1,4,1,0.0,998,998,Baja,0,Noche,Baja,Noche,Bajo Riesgo
21466,2024,11,3,10,8,8260,1,1,B-140,2.9,4,5,6,3.0,0,0,1,1,0,0,1,1,2,0,0,0,0,0,0,0,0,0,0,0,0,0,0,0,0,0,0,0,0,0,0,0,2.0,1,1,1,0.0,998,4,Baja,0,Mañana,Baja,Mañana,Bajo Riesgo
21467,2024,11,2,13,8,8125,1,1,N-152a,13.6,4,5,6,4.0,0,0,1,1,0,0,1,1,2,0,0,0,0,0,0,0,0,0,0,0,0,0,0,0,0,0,0,0,0,0,0,0,2.0,1,1,1,0.0,998,4,Baja,0,Tarde,Baja,Tarde,Bajo Riesgo
21468,2024,11,3,6,8,8252,1,1,B-140,1.7,4,5,6,9.0,0,0,1,1,0,0,1,1,1,0,0,0,0,0,0,0,0,0,0,0,0,0,0,0,0,0,0,0,0,0,0,0,2.0,3,2,3,0.0,998,4,Baja,0,Madrugada,Baja,Mañana,Bajo Riesgo
21469,2024,10,4,7,8,8284,1,1,GI-600,2.6,4,5,6,1.0,0,0,1,1,0,0,1,1,2,0,0,0,0,0,0,0,0,0,0,0,0,0,0,0,0,0,0,0,0,0,0,0,1.0,3,6,3,0.0,998,4,Baja,0,Mañana,Baja,Mañana,Bajo Riesgo
21470,2024,11,4,6,8,0,1,1,No inventariada,0.0,4,5,6,4.0,0,0,1,1,0,0,1,1,2,0,0,0,0,0,0,0,0,0,0,0,0,0,0,0,0,0,0,0,0,0,0,0,2.0,1,2,1,0.0,998,4,,0,Madrugada,Baja,Mañana,Bajo Riesgo
21471,2024,11,4,8,8,8180,1,1,C-58,6.2,4,5,2,4.0,0,0,1,1,0,0,1,1,2,0,0,0,0,0,0,0,0,0,0,0,0,0,0,0,0,0,0,0,0,0,0,0,1.0,1,1,1,0.0,998,4,Baja,0,Mañana,Baja,Mañana,Bajo Riesgo
21472,2024,11,4,11,8,8183,2,2,C-153,7.1,4,5,14,3.0,0,0,2,2,0,0,2,2,2,0,0,0,0,0,0,0,0,0,0,0,0,0,0,0,0,0,0,0,0,0,0,0,1.0,1,1,1,0.0,998,4,Baja,0,Mañana,Baja,Mañana,Bajo Riesgo
21473,2024,11,4,12,8,8019,1,1,C-58,0.5,4,5,2,4.0,0,0,2,2,0,0,2,2,2,0,0,0,0,0,0,0,0,0,0,0,0,0,0,0,0,0,0,0,0,0,0,0,2.0,1,1,1,0.0,998,4,Baja,0,Mañana,Baja,Tarde,Bajo Riesgo
21474,2024,11,4,16,8,8073,1,1,B-20,1.5,4,1,2,3.0,0,0,1,1,0,0,1,1,2,0,0,0,0,0,0,0,0,0,0,0,0,0,0,0,0,0,0,0,0,0,0,0,1.0,1,1,1,0.0,998,4,Baja,0,Tarde,Baja,Tarde,Bajo Riesgo
21475,2024,11,4,16,8,8217,1,1,A-2,608.0,4,1,3,4.0,0,0,2,2,0,0,2,2,3,0,0,0,0,0,0,0,0,0,0,0,0,0,0,0,0,0,0,0,0,0,0,0,1.0,1,1,1,0.0,998,4,Muy Alta,0,Tarde,Baja,Tarde,Bajo Riesgo
21476,2024,11,4,18,8,8009,1,1,C-60,4.0,4,5,2,4.0,0,0,1,1,0,0,1,1,3,0,0,0,0,0,0,0,0,0,0,0,0,0,0,0,0,0,0,0,0,0,0,0,1.0,1,4,1,0.0,998,4,Baja,0,Tarde,Baja,Noche,Bajo Riesgo
21477,2024,11,4,11,8,0,1,1,C-26,141.7,4,5,6,19.0,0,0,1,1,0,0,1,1,1,0,0,0,0,0,0,0,0,0,0,0,0,0,0,0,0,0,0,0,0,0,0,0,1.0,1,1,1,0.0,998,4,Alta,0,Mañana,Baja,Mañana,Bajo Riesgo
21478,2024,11,4,18,8,8181,1,1,C-60,9.4,4,5,2,4.0,0,0,1,1,0,0,1,1,2,0,0,0,0,0,0,0,0,0,0,0,0,0,0,0,0,0,0,0,0,0,0,0,2.0,1,6,1,0.0,998,4,Baja,0,Tarde,Baja,Noche,Bajo Riesgo
21479,2024,11,4,18,8,8217,1,1,A-2,608.0,4,1,3,3.0,0,0,1,1,0,0,1,1,2,0,0,0,0,0,0,0,0,0,0,0,0,0,0,0,0,0,0,0,0,0,0,0,1.0,1,4,1,0.0,998,4,Muy Alta,0,Tarde,Baja,Noche,Bajo Riesgo
21480,2024,11,5,3,8,8043,1,1,C-15z,6.7,4,5,6,19.0,0,0,1,1,0,0,1,1,1,0,0,0,0,0,0,0,0,0,0,0,0,0,0,0,0,0,0,0,0,0,0,0,1.0,1,5,1,0.0,998,4,Baja,0,Madrugada,Baja,Madrugada,Bajo Riesgo
21481,2024,11,3,9,8,8096,3,2,No inventariada,13.6,4,5,14,19.0,0,0,1,1,0,0,1,1,2,0,0,0,0,0,0,0,0,0,0,0,0,0,0,0,0,0,0,0,0,0,0,0,2.0,1,1,1,0.0,998,998,Baja,0,Mañana,Baja,Mañana,Bajo Riesgo
21482,2024,8,2,10,8,8305,3,2,No inventariada,13.6,4,5,14,3.0,0,0,1,1,0,0,1,1,2,0,0,0,0,0,0,0,0,0,0,0,0,0,0,0,0,0,0,0,0,0,0,0,2.0,1,1,1,0.0,998,998,Baja,0,Mañana,Baja,Mañana,Bajo Riesgo
21483,2024,11,3,16,8,8245,3,2,No inventariada,13.6,4,5,14,2.0,0,0,1,1,0,0,1,1,2,0,0,0,0,0,0,0,0,0,0,0,0,0,0,0,0,0,0,0,0,0,0,0,2.0,1,1,1,0.0,998,998,Baja,0,Tarde,Baja,Tarde,Bajo Riesgo
21484,2024,11,3,18,8,8245,3,2,No inventariada,13.6,4,5,14,4.0,0,0,2,2,0,0,2,2,3,0,0,0,0,0,0,0,0,0,0,0,0,0,0,0,0,0,0,0,0,0,0,0,2.0,1,4,1,0.0,998,998,Baja,0,Tarde,Baja,Noche,Bajo Riesgo
21485,2024,10,7,18,8,8307,3,2,No inventariada,13.6,4,5,14,9.0,0,0,1,1,0,0,1,1,1,0,0,0,0,0,0,0,0,0,0,0,0,0,0,0,0,0,0,0,0,0,0,0,1.0,1,1,1,0.0,998,998,Baja,0,Tarde,Baja,Noche,Bajo Riesgo
21486,2024,8,2,19,8,8305,3,2,No inventariada,13.6,4,5,14,7.0,0,0,1,1,0,0,1,1,1,0,0,0,0,0,0,0,0,0,0,0,0,0,0,0,0,0,0,0,0,0,0,0,2.0,1,1,1,0.0,0,998,Baja,0,Noche,Baja,Noche,Bajo Riesgo
21487,2024,11,3,20,8,8245,3,2,No inventariada,13.6,4,5,14,7.0,0,0,1,1,0,0,1,1,1,0,0,0,0,0,0,0,0,0,0,0,0,0,0,0,0,0,0,0,0,0,0,0,1.0,1,4,1,0.0,0,998,Baja,0,Noche,Baja,Noche,Bajo Riesgo
21488,2024,11,4,22,8,8245,3,2,No inventariada,13.6,4,5,14,1.0,0,0,1,1,0,0,1,1,2,0,0,0,0,0,0,0,0,0,0,0,0,0,0,0,0,0,0,0,0,0,0,0,2.0,1,4,1,0.0,998,998,Baja,0,Noche,Baja,Noche,Bajo Riesgo
21489,2024,9,3,19,8,8305,3,2,No inventariada,13.6,4,5,14,2.0,0,1,0,1,0,1,0,1,2,0,0,0,0,0,0,0,0,0,0,0,0,0,0,0,0,0,0,0,0,0,0,0,2.0,3,1,3,0.0,998,998,Baja,0,Noche,Baja,Noche,Bajo Riesgo
21490,2024,9,7,13,8,8015,3,2,No inventariada,13.6,4,5,14,3.0,0,0,1,1,0,0,1,1,3,0,0,0,0,0,0,0,0,0,0,0,0,0,0,0,0,0,0,0,0,0,0,0,2.0,1,1,1,0.0,998,998,Baja,0,Tarde,Baja,Tarde,Bajo Riesgo
21491,2024,7,2,15,8,8029,3,2,No inventariada,13.6,4,5,14,9.0,0,0,1,1,0,0,1,1,1,0,0,0,0,0,0,0,0,0,0,0,0,0,0,0,0,0,0,0,0,0,0,0,1.0,8,1,1,0.0,998,998,Baja,0,Tarde,Baja,Tarde,Bajo Riesgo
21492,2024,11,7,6,8,8101,3,2,No inventariada,13.6,4,5,14,9.0,0,0,1,1,0,0,1,1,1,0,0,0,0,0,0,0,0,0,0,0,0,0,0,0,0,0,0,0,0,0,0,0,1.0,1,1,1,0.0,998,998,Baja,0,Madrugada,Baja,Mañana,Bajo Riesgo
21493,2024,11,1,0,8,8101,3,2,No inventariada,13.6,4,5,14,9.0,0,0,1,1,0,0,1,1,1,0,0,0,0,0,0,0,0,0,0,0,0,0,0,0,0,0,0,0,0,0,0,0,1.0,1,4,1,0.0,998,998,Baja,0,,Baja,Madrugada,Bajo Riesgo
21494,2024,11,5,17,8,8101,3,2,No inventariada,13.6,4,5,14,6.0,0,0,1,1,0,0,1,1,1,0,0,0,0,0,0,0,0,0,0,0,0,0,0,0,0,0,0,0,0,0,0,0,1.0,1,1,1,0.0,998,998,Baja,0,Tarde,Baja,Tarde,Bajo Riesgo
21495,2024,10,5,20,8,8101,3,2,No inventariada,13.6,4,5,14,6.0,0,0,1,1,0,0,1,1,1,0,0,0,0,0,0,0,0,0,0,0,0,0,0,0,0,0,0,0,0,0,0,0,1.0,1,2,1,0.0,998,998,Baja,0,Noche,Baja,Noche,Bajo Riesgo
21496,2024,11,2,18,8,8101,3,2,No inventariada,13.6,4,5,14,6.0,0,0,1,1,0,0,1,1,1,0,0,0,0,0,0,0,0,0,0,0,0,0,0,0,0,0,0,0,0,0,0,0,1.0,1,1,1,0.0,998,998,Baja,0,Tarde,Baja,Noche,Bajo Riesgo
21497,2024,11,1,14,8,8101,3,2,No inventariada,13.6,4,5,14,9.0,0,0,1,1,0,0,1,1,1,0,0,0,0,0,0,0,0,0,0,0,0,0,0,0,0,0,0,0,0,0,0,0,2.0,1,1,1,0.0,998,998,Baja,0,Tarde,Baja,Tarde,Bajo Riesgo
21498,2024,11,5,14,8,8073,3,2,No inventariada,13.6,4,5,14,4.0,0,0,1,1,0,0,1,1,2,0,0,0,0,0,0,0,0,0,0,0,0,0,0,0,0,0,0,0,0,0,0,0,1.0,1,1,1,0.0,998,998,Baja,0,Tarde,Baja,Tarde,Bajo Riesgo
21499,2024,10,1,14,8,8101,3,2,No inventariada,13.6,4,5,14,9.0,0,0,1,1,0,0,1,1,1,0,0,0,0,0,0,0,0,0,0,0,0,0,0,0,0,0,0,0,0,0,0,0,1.0,1,1,1,0.0,998,998,Baja,0,Tarde,Baja,Tarde,Bajo Riesgo
21500,2024,11,1,21,8,8101,3,2,No inventariada,13.6,4,5,14,9.0,0,0,1,1,0,0,1,1,1,0,0,0,0,0,0,0,0,0,0,0,0,0,0,0,0,0,0,0,0,0,0,0,1.0,1,4,1,0.0,998,998,Baja,0,Noche,Baja,Noche,Bajo Riesgo