ID_ACCIDENTE,ANYO,MES,DIA_SEMANA,HORA,COD_PROVINCIA,COD_MUNICIPIO,ZONA,ZONA_AGRUPADA,CARRETERA,KM,SENTIDO_1F,TITULARIDAD_VIA,TIPO_VIA,TIPO_ACCIDENTE,TOTAL_MU24H,TOTAL_HG24H,TOTAL_HL24H,TOTAL_VICTIMAS_24H,TOTAL_MU30DF,TOTAL_HG30DF,TOTAL_HL30DF,TOTAL_VICTIMAS_30DF,TOTAL_VEHICULOS,TOT_PEAT_MU24H,TOT_BICI_MU24H,TOT_CICLO_MU24H,TOT_MOTO_MU24H,TOT_TUR_MU24H,TOT_FURG_MU24H,TOT_CAM_MENOS3500_MU24H,TOT_CAM_MAS3500_MU24H,TOT_BUS_MU24H,TOT_OTRO_MU24H,TOT_SINESPECIF_MU24H,TOT_PEAT_MU30DF,TOT_BICI_MU30DF,TOT_CICLO_MU30DF,TOT_MOTO_MU30DF,TOT_TUR_MU30DF,TOT_FURG_MU30DF,TOT_CAM_MENOS3500_MU30DF,TOT_CAM_MAS3500_MU30DF,TOT_BUS_MU30DF,TOT_VMP_MU30DF,TOT_OTRO_MU30DF,TOT_SINESPECIF_MU30DF,NUDO,CONDICION_FIRME,CONDICION_ILUMINACION,CONDICION_METEO,CONDICION_NIEBLA,ACERA,TRAZADO_PLANTA,ZONA_KM,HAY_NIEBLA,TRAMO_HORA,gravedad_accidente,tramo_horario,zona_riesgo
23871,2024,10,4,6,8,8019,3,2,No inventariada,13.6,4,5,14,2.0,0,0,1,1,0,0,1,1,2,0,0,0,0,0,0,0,0,0,0,0,0,0,0,0,0,0,0,0,0,0,0,0,2.0,3,5,3,1.0,998,998,Baja,1,Madrugada,Baja,Mañana,Bajo Riesgo
23872,2024,10,3,20,8,8019,3,2,No inventariada,13.6,4,5,14,9.0,0,0,1,1,0,0,1,1,2,0,0,0,0,0,0,0,0,0,0,0,0,0,0,0,0,0,0,0,0,0,0,0,1.0,3,5,3,1.0,998,998,Baja,1,Noche,Baja,Noche,Bajo Riesgo
23873,2024,10,3,21,8,8019,1,1,B-10,16.0,4,1,3,20.0,0,0,1,1,0,0,1,1,2,0,0,0,0,0,0,0,0,0,0,0,0,0,0,0,0,0,0,0,0,0,0,0,1.0,3,5,4,1.0,998,4,Baja,1,Noche,Baja,Noche,Bajo Riesgo
23874,2024,10,4,5,8,8019,3,2,No inventariada,13.6,4,5,14,20.0,0,0,1,1,0,0,1,1,2,0,0,0,0,0,0,0,0,0,0,0,0,0,0,0,0,0,0,0,0,0,0,0,1.0,3,5,4,1.0,998,998,Baja,1,Madrugada,Baja,Madrugada,Bajo Riesgo
23875,2024,10,4,7,8,8019,3,2,No inventariada,13.6,4,5,14,9.0,0,0,1,1,0,0,1,1,2,0,0,0,0,0,0,0,0,0,0,0,0,0,0,0,0,0,0,0,0,0,0,0,2.0,3,5,3,1.0,998,998,Baja,1,Mañana,Baja,Mañana,Bajo Riesgo
23876,2024,10,3,9,8,8019,3,2,No inventariada,13.6,4,5,14,7.0,0,0,1,1,0,0,1,1,1,0,0,0,0,0,0,0,0,0,0,0,0,0,0,0,0,0,0,0,0,0,0,0,2.0,1,1,1,1.0,0,998,Baja,1,Mañana,Baja,Mañana,Bajo Riesgo
23877,2024,10,4,10,8,8019,3,2,No inventariada,13.6,4,5,14,2.0,0,0,2,2,0,0,2,2,3,0,0,0,0,0,0,0,0,0,0,0,0,0,0,0,0,0,0,0,0,0,0,0,2.0,1,1,1,1.0,998,998,Baja,1,Mañana,Baja,Mañana,Bajo Riesgo
23878,2024,10,4,11,8,8019,3,2,No inventariada,13.6,4,5,14,3.0,0,1,1,2,0,1,1,2,2,0,0,0,0,0,0,0,0,0,0,0,0,0,0,0,0,0,0,0,0,0,0,0,2.0,1,1,1,1.0,998,998,Baja,1,Mañana,Baja,Mañana,Bajo Riesgo
23879,2024,10,4,12,8,8019,3,2,No inventariada,13.6,4,5,14,3.0,0,0,1,1,0,0,1,1,3,0,0,0,0,0,0,0,0,0,0,0,0,0,0,0,0,0,0,0,0,0,0,0,2.0,1,1,1,1.0,998,998,Baja,1,Mañana,Baja,Tarde,Bajo Riesgo
23880,2024,10,4,8,8,8019,1,1,B-20,8.3,4,5,14,9.0,0,0,1,1,0,0,1,1,2,0,0,0,0,0,0,0,0,0,0,0,0,0,0,0,0,0,0,0,0,0,0,0,1.0,3,1,1,1.0,998,4,Baja,1,Mañana,Baja,Mañana,Bajo Riesgo
23881,2024,10,4,14,8,8019,3,2,No inventariada,13.6,4,5,14,20.0,0,0,1,1,0,0,1,1,2,0,0,0,0,0,0,0,0,0,0,0,0,0,0,0,0,0,0,0,0,0,0,0,1.0,1,5,1,1.0,998,998,Baja,1,Tarde,Baja,Tarde,Bajo Riesgo
23882,2024,10,4,12,8,8019,3,2,No inventariada,13.6,4,5,14,2.0,0,0,1,1,0,0,1,1,2,0,0,0,0,0,0,0,0,0,0,0,0,0,0,0,0,0,0,0,0,0,0,0,2.0,1,1,1,1.0,998,998,Baja,1,Mañana,Baja,Tarde,Bajo Riesgo
23883,2024,10,4,13,8,8019,3,2,No inventariada,13.6,4,5,14,3.0,0,0,1,1,0,0,1,1,2,0,0,0,0,0,0,0,0,0,0,0,0,0,0,0,0,0,0,0,0,0,0,0,2.0,1,1,1,1.0,998,998,Baja,1,Tarde,Baja,Tarde,Bajo Riesgo
23884,2024,10,4,16,8,8019,3,2,No inventariada,13.6,4,5,14,7.0,0,0,1,1,0,0,1,1,1,0,0,0,0,0,0,0,0,0,0,0,0,0,0,0,0,0,0,0,0,0,0,0,1.0,1,1,1,1.0,0,998,Baja,1,Tarde,Baja,Tarde,Bajo Riesgo
23885,2024,10,4,17,8,8019,3,2,No inventariada,13.6,4,5,14,7.0,0,0,1,1,0,0,1,1,1,0,0,0,0,0,0,0,0,0,0,0,0,0,0,0,0,0,0,0,0,0,0,0,2.0,1,1,1,1.0,0,998,Baja,1,Tarde,Baja,Tarde,Bajo Riesgo
23886,2024,10,4,14,8,8019,3,2,No inventariada,13.6,4,5,14,2.0,0,0,1,1,0,0,1,1,2,0,0,0,0,0,0,0,0,0,0,0,0,0,0,0,0,0,0,0,0,0,0,0,2.0,1,1,1,1.0,998,998,Baja,1,Tarde,Baja,Tarde,Bajo Riesgo
23887,2024,10,4,9,8,8019,3,2,No inventariada,13.6,4,5,14,3.0,0,0,1,1,0,0,1,1,2,0,0,0,0,0,0,0,0,0,0,0,0,0,0,0,0,0,0,0,0,0,0,0,2.0,1,1,1,1.0,998,998,Baja,1,Mañana,Baja,Mañana,Bajo Riesgo
23888,2024,10,4,14,8,8019,3,2,No inventariada,13.6,4,5,14,20.0,0,0,1,1,0,0,1,1,2,0,0,0,0,0,0,0,0,0,0,0,0,0,0,0,0,0,0,0,0,0,0,0,1.0,1,1,1,1.0,998,998,Baja,1,Tarde,Baja,Tarde,Bajo Riesgo
23889,2024,10,4,18,8,8019,3,2,No inventariada,13.6,4,5,14,20.0,0,0,1,1,0,0,1,1,1,0,0,0,0,0,0,0,0,0,0,0,0,0,0,0,0,0,0,0,0,0,0,0,1.0,1,1,1,1.0,998,998,Baja,1,Tarde,Baja,Noche,Bajo Riesgo
23890,2024,10,4,14,8,8019,3,2,No inventariada,13.6,4,5,14,1.0,0,0,1,1,0,0,1,1,2,0,0,0,0,0,0,0,0,0,0,0,0,0,0,0,0,0,0,0,0,0,0,0,1.0,1,1,1,1.0,998,998,Baja,1,Tarde,Baja,Tarde,Bajo Riesgo
23891,2024,10,4,14,8,8019,3,2,No inventariada,13.6,4,5,14,3.0,0,0,1,1,0,0,1,1,2,0,0,0,0,0,0,0,0,0,0,0,0,0,0,0,0,0,0,0,0,0,0,0,1.0,1,1,1,1.0,998,998,Baja,1,Tarde,Baja,Tarde,Bajo Riesgo
23892,2024,10,4,12,8,8019,3,2,No inventariada,13.6,4,5,14,3.0,0,0,1,1,0,0,1,1,2,0,0,0,0,0,0,0,0,0,0,0,0,0,0,0,0,0,0,0,0,0,0,0,2.0,1,1,1,1.0,998,998,Baja,1,Mañana,Baja,Tarde,Bajo Riesgo
23893,2024,6,3,17,8,8019,3,2,No inventariada,13.6,4,5,14,7.0,0,0,1,1,0,0,1,1,1,0,0,0,0,0,0,0,0,0,0,0,0,0,0,0,0,0,0,0,0,0,0,0,2.0,1,1,1,1.0,0,998,Baja,1,Tarde,Baja,Tarde,Bajo Riesgo
23894,2024,10,5,8,8,8019,3,2,No inventariada,13.6,4,5,14,1.0,0,0,1,1,0,0,1,1,2,0,0,0,0,0,0,0,0,0,0,0,0,0,0,0,0,0,0,0,0,0,0,0,2.0,1,1,1,1.0,998,998,Baja,1,Mañana,Baja,Mañana,Bajo Riesgo
23895,2024,10,5,7,8,8019,3,2,No inventariada,13.6,4,5,14,3.0,0,0,1,1,0,0,1,1,2,0,0,0,0,0,0,0,0,0,0,0,0,0,0,0,0,0,0,0,0,0,0,0,2.0,1,1,1,1.0,998,998,Baja,1,Mañana,Baja,Mañana,Bajo Riesgo
23896,2024,10,5,7,8,8019,3,2,No inventariada,13.6,4,5,14,20.0,0,0,1,1,0,0,1,1,2,0,0,0,0,0,0,0,0,0,0,0,0,0,0,0,0,0,0,0,0,0,0,0,2.0,1,1,1,1.0,998,998,Baja,1,Mañana,Baja,Mañana,Bajo Riesgo
23897,2024,10,5,8,8,8019,3,2,No inventariada,13.6,4,5,14,7.0,0,0,2,2,0,0,2,2,1,0,0,0,0,0,0,0,0,0,0,0,0,0,0,0,0,0,0,0,0,0,0,0,2.0,1,1,1,1.0,0,998,Baja,1,Mañana,Baja,Mañana,Bajo Riesgo
23898,2024,10,5,9,8,8019,3,2,No inventariada,13.6,4,5,14,20.0,0,0,2,2,0,0,2,2,2,0,0,0,0,0,0,0,0,0,0,0,0,0,0,0,0,0,0,0,0,0,0,0,1.0,1,1,1,1.0,0,998,Baja,1,Mañana,Baja,Mañana,Bajo Riesgo
23899,2024,10,5,11,8,8019,3,2,No inventariada,13.6,4,5,14,3.0,0,0,1,1,0,0,1,1,3,0,0,0,0,0,0,0,0,0,0,0,0,0,0,0,0,0,0,0,0,0,0,0,2.0,1,1,1,1.0,998,998,Baja,1,Mañana,Baja,Mañana,Bajo Riesgo
23900,2024,10,5,11,8,8019,3,2,No inventariada,13.6,4,5,14,20.0,0,0,1,1,0,0,1,1,2,0,0,0,0,0,0,0,0,0,0,0,0,0,0,0,0,0,0,0,0,0,0,0,1.0,1,1,1,1.0,998,998,Baja,1,Mañana,Baja,Mañana,Bajo Riesgo
23901,2024,10,5,12,8,8019,3,2,No inventariada,13.6,4,5,14,20.0,0,0,1,1,0,0,1,1,1,0,0,0,0,0,0,0,0,0,0,0,0,0,0,0,0,0,0,0,0,0,0,0,1.0,1,1,1,1.0,998,998,Baja,1,Mañana,Baja,Tarde,Bajo Riesgo
23902,2024,10,5,14,8,8019,3,2,No inventariada,13.6,4,5,14,2.0,0,0,2,2,0,0,2,2,2,0,0,0,0,0,0,0,0,0,0,0,0,0,0,0,0,0,0,0,0,0,0,0,1.0,1,1,1,1.0,998,998,Baja,1,Tarde,Baja,Tarde,Bajo Riesgo
23903,2024,10,5,13,8,8019,3,2,No inventariada,13.6,4,5,14,3.0,0,0,1,1,0,0,1,1,2,0,0,0,0,0,0,0,0,0,0,0,0,0,0,0,0,0,0,0,0,0,0,0,1.0,1,1,1,1.0,998,998,Baja,1,Tarde,Baja,Tarde,Bajo Riesgo
23904,2024,10,5,14,8,8019,3,2,No inventariada,13.6,4,5,14,20.0,0,0,1,1,0,0,1,1,2,0,0,0,0,0,0,0,0,0,0,0,0,0,0,0,0,0,0,0,0,0,0,0,2.0,1,1,1,1.0,998,998,Baja,1,Tarde,Baja,Tarde,Bajo Riesgo
23905,2024,10,5,15,8,8019,3,2,No inventariada,13.6,4,5,14,2.0,0,0,1,1,0,0,1,1,2,0,0,0,0,0,0,0,0,0,0,0,0,0,0,0,0,0,0,0,0,0,0,0,2.0,1,1,1,1.0,998,998,Baja,1,Tarde,Baja,Tarde,Bajo Riesgo
23906,2024,10,5,15,8,8019,1,1,B-10,7.5,4,5,14,3.0,0,0,1,1,0,0,1,1,2,0,0,0,0,0,0,0,0,0,0,0,0,0,0,0,0,0,0,0,0,0,0,0,1.0,1,1,1,1.0,998,4,Baja,1,Tarde,Baja,Tarde,Bajo Riesgo
23907,2024,10,5,16,8,8019,3,2,No inventariada,13.6,4,5,14,20.0,0,0,2,2,0,0,2,2,2,0,0,0,0,0,0,0,0,0,0,0,0,0,0,0,0,0,0,0,0,0,0,0,2.0,1,1,1,1.0,998,998,Baja,1,Tarde,Baja,Tarde,Bajo Riesgo
23908,2024,10,5,16,8,8019,3,2,No inventariada,13.6,4,5,14,7.0,0,0,1,1,0,0,1,1,1,0,0,0,0,0,0,0,0,0,0,0,0,0,0,0,0,0,0,0,0,0,0,0,1.0,1,1,1,1.0,0,998,Baja,1,Tarde,Baja,Tarde,Bajo Riesgo
23909,2024,10,5,15,8,8019,3,2,No inventariada,13.6,4,5,14,20.0,0,0,2,2,0,0,2,2,2,0,0,0,0,0,0,0,0,0,0,0,0,0,0,0,0,0,0,0,0,0,0,0,1.0,1,1,1,1.0,998,998,Baja,1,Tarde,Baja,Tarde,Bajo Riesgo
23910,2024,10,5,17,8,8019,3,2,No inventariada,13.6,4,5,14,3.0,0,0,1,1,0,0,1,1,2,0,0,0,0,0,0,0,0,0,0,0,0,0,0,0,0,0,0,0,0,0,0,0,2.0,1,1,1,0.0,998,998,Baja,0,Tarde,Baja,Tarde,Bajo Riesgo
23911,2024,10,5,19,8,8019,3,2,No inventariada,13.6,4,5,14,3.0,0,0,1,1,0,0,1,1,2,0,0,0,0,0,0,0,0,0,0,0,0,0,0,0,0,0,0,0,0,0,0,0,2.0,1,5,1,1.0,998,998,Baja,1,Noche,Baja,Noche,Bajo Riesgo
23912,2024,10,5,20,8,8019,3,2,No inventariada,13.6,4,5,14,20.0,0,0,1,1,0,0,1,1,2,0,0,0,0,0,0,0,0,0,0,0,0,0,0,0,0,0,0,0,0,0,0,0,1.0,1,5,1,1.0,998,998,Baja,1,Noche,Baja,Noche,Bajo Riesgo
23913,2024,10,5,19,8,8019,3,2,No inventariada,13.6,4,5,14,7.0,0,0,1,1,0,0,1,1,1,0,0,0,0,0,0,0,0,0,0,0,0,0,0,0,0,0,0,0,0,0,0,0,1.0,1,2,1,1.0,0,998,Baja,1,Noche,Baja,Noche,Bajo Riesgo
23914,2024,10,5,20,8,8019,3,2,No inventariada,13.6,4,5,14,20.0,0,0,2,2,0,0,2,2,2,0,0,0,0,0,0,0,0,0,0,0,0,0,0,0,0,0,0,0,0,0,0,0,1.0,1,5,1,1.0,998,998,Baja,1,Noche,Baja,Noche,Bajo Riesgo
23915,2024,10,5,21,8,8019,3,2,No inventariada,13.6,4,5,14,3.0,0,0,1,1,0,0,1,1,2,0,0,0,0,0,0,0,0,0,0,0,0,0,0,0,0,0,0,0,0,0,0,0,1.0,1,5,1,1.0,998,998,Baja,1,Noche,Baja,Noche,Bajo Riesgo
23916,2024,10,6,1,8,8019,3,2,No inventariada,13.6,4,5,14,3.0,0,0,1,1,0,0,1,1,2,0,0,0,0,0,0,0,0,0,0,0,0,0,0,0,0,0,0,0,0,0,0,0,1.0,1,5,1,1.0,998,998,Baja,1,Madrugada,Baja,Madrugada,Bajo Riesgo
23917,2024,10,5,21,8,8019,3,2,No inventariada,13.6,4,5,14,9.0,0,0,1,1,0,0,1,1,2,0,0,0,0,0,0,0,0,0,0,0,0,0,0,0,0,0,0,0,0,0,0,0,2.0,1,2,1,1.0,998,998,Baja,1,Noche,Baja,Noche,Bajo Riesgo
23918,2024,10,5,21,8,8019,3,2,No inventariada,13.6,4,5,14,9.0,0,0,1,1,0,0,1,1,1,0,0,0,0,0,0,0,0,0,0,0,0,0,0,0,0,0,0,0,0,0,0,0,1.0,1,5,1,1.0,0,998,Baja,1,Noche,Baja,Noche,Bajo Riesgo
23919,2024,10,6,10,8,8019,3,2,No inventariada,13.6,4,5,14,20.0,0,0,2,2,0,0,2,2,2,0,0,0,0,0,0,0,0,0,0,0,0,0,0,0,0,0,0,0,0,0,0,0,1.0,1,1,1,1.0,998,998,Baja,1,Mañana,Baja,Mañana,Bajo Riesgo
23920,2024,10,6,10,8,8019,3,2,No inventariada,13.6,4,5,14,3.0,0,0,2,2,0,0,2,2,2,0,0,0,0,0,0,0,0,0,0,0,0,0,0,0,0,0,0,0,0,0,0,0,2.0,1,1,1,1.0,998,998,Baja,1,Mañana,Baja,Mañana,Bajo Riesgo
23921,2024,10,6,12,8,8019,3,2,No inventariada,13.6,4,5,14,20.0,0,0,1,1,0,0,1,1,2,0,0,0,0,0,0,0,0,0,0,0,0,0,0,0,0,0,0,0,0,0,0,0,1.0,1,1,1,1.0,998,998,Baja,1,Mañana,Baja,Tarde,Bajo Riesgo
23922,2024,10,6,15,8,8019,3,2,No inventariada,13.6,4,5,14,7.0,0,0,2,2,0,0,2,2,1,0,0,0,0,0,0,0,0,0,0,0,0,0,0,0,0,0,0,0,0,0,0,0,1.0,1,1,1,1.0,0,998,Baja,1,Tarde,Baja,Tarde,Bajo Riesgo
23923,2024,10,6,13,8,8019,3,2,No inventariada,13.6,4,5,14,20.0,0,0,2,2,0,0,2,2,1,0,0,0,0,0,0,0,0,0,0,0,0,0,0,0,0,0,0,0,0,0,0,0,1.0,1,1,1,1.0,0,998,Baja,1,Tarde,Baja,Tarde,Bajo Riesgo
23924,2024,10,6,16,8,8019,3,2,No inventariada,13.6,4,5,14,6.0,0,0,1,1,0,0,1,1,6,0,0,0,0,0,0,0,0,0,0,0,0,0,0,0,0,0,0,0,0,0,0,0,1.0,1,1,1,1.0,998,998,Baja,1,Tarde,Baja,Tarde,Bajo Riesgo
23925,2024,10,6,13,8,8019,3,2,No inventariada,13.6,4,5,14,2.0,0,0,2,2,0,0,2,2,2,0,0,0,0,0,0,0,0,0,0,0,0,0,0,0,0,0,0,0,0,0,0,0,2.0,1,1,1,1.0,998,998,Baja,1,Tarde,Baja,Tarde,Bajo Riesgo
23926,2024,10,6,14,8,8019,3,2,No inventariada,13.6,4,5,14,2.0,0,0,1,1,0,0,1,1,2,0,0,0,0,0,0,0,0,0,0,0,0,0,0,0,0,0,0,0,0,0,0,0,2.0,1,1,1,1.0,998,998,Baja,1,Tarde,Baja,Tarde,Bajo Riesgo
23927,2024,10,6,17,8,8019,3,2,No inventariada,13.6,4,5,14,2.0,0,0,2,2,0,0,2,2,2,0,0,0,0,0,0,0,0,0,0,0,0,0,0,0,0,0,0,0,0,0,0,0,2.0,1,1,1,1.0,998,998,Baja,1,Tarde,Baja,Tarde,Bajo Riesgo
23928,2024,10,6,16,8,8019,3,2,No inventariada,13.6,4,5,14,20.0,0,0,2,2,0,0,2,2,2,0,0,0,0,0,0,0,0,0,0,0,0,0,0,0,0,0,0,0,0,0,0,0,1.0,1,1,1,1.0,998,998,Baja,1,Tarde,Baja,Tarde,Bajo Riesgo
23929,2024,10,6,18,8,8019,3,2,No inventariada,13.6,4,5,14,7.0,0,0,1,1,0,0,1,1,1,0,0,0,0,0,0,0,0,0,0,0,0,0,0,0,0,0,0,0,0,0,0,0,1.0,1,1,1,1.0,0,998,Baja,1,Tarde,Baja,Noche,Bajo Riesgo
23930,2024,10,6,20,8,8019,3,2,No inventariada,13.6,4,5,14,20.0,0,0,1,1,0,0,1,1,4,0,0,0,0,0,0,0,0,0,0,0,0,0,0,0,0,0,0,0,0,0,0,0,1.0,1,5,1,1.0,998,998,Baja,1,Noche,Baja,Noche,Bajo Riesgo
23931,2024,10,6,18,8,8019,3,2,No inventariada,13.6,4,5,14,9.0,0,0,1,1,0,0,1,1,1,0,0,0,0,0,0,0,0,0,0,0,0,0,0,0,0,0,0,0,0,0,0,0,2.0,8,1,1,1.0,998,998,Baja,1,Tarde,Baja,Noche,Bajo Riesgo
23932,2024,10,6,20,8,8019,1,1,B-10,12.5,4,1,3,20.0,0,0,1,1,0,0,1,1,2,0,0,0,0,0,0,0,0,0,0,0,0,0,0,0,0,0,0,0,0,0,0,0,1.0,1,5,1,1.0,998,4,Baja,1,Noche,Baja,Noche,Bajo Riesgo
23933,2024,10,6,21,8,8019,1,1,B-10,8.5,4,5,14,3.0,0,0,1,1,0,0,1,1,2,0,0,0,0,0,0,0,0,0,0,0,0,0,0,0,0,0,0,0,0,0,0,0,1.0,1,5,1,1.0,998,4,Baja,1,Noche,Baja,Noche,Bajo Riesgo
23934,2024,10,6,23,8,8019,3,2,No inventariada,13.6,4,5,14,3.0,0,0,1,1,0,0,1,1,2,0,0,0,0,0,0,0,0,0,0,0,0,0,0,0,0,0,0,0,0,0,0,0,2.0,1,5,1,1.0,998,998,Baja,1,Noche,Baja,Noche,Bajo Riesgo
23935,2024,10,6,22,8,8019,3,2,No inventariada,13.6,4,5,14,3.0,0,0,1,1,0,0,1,1,2,0,0,0,0,0,0,0,0,0,0,0,0,0,0,0,0,0,0,0,0,0,0,0,2.0,1,5,1,1.0,998,998,Baja,1,Noche,Baja,Noche,Bajo Riesgo
23936,2024,10,7,2,8,8019,3,2,No inventariada,13.6,4,5,14,7.0,0,0,2,2,0,0,2,2,1,0,0,0,0,0,0,0,0,0,0,0,0,0,0,0,0,0,0,0,0,0,0,0,1.0,1,5,1,1.0,0,998,Baja,1,Madrugada,Baja,Madrugada,Bajo Riesgo
23937,2024,10,7,2,8,8019,3,2,No inventariada,13.6,4,5,14,6.0,1,1,0,2,1,1,0,2,1,0,0,0,1,0,0,0,0,0,0,0,0,0,0,1,0,0,0,0,0,0,0,0,1.0,1,5,1,1.0,998,998,Baja,1,Madrugada,Alta,Madrugada,Bajo Riesgo
23938,2024,10,7,1,8,8019,3,2,No inventariada,13.6,4,5,14,3.0,0,0,2,2,0,0,2,2,2,0,0,0,0,0,0,0,0,0,0,0,0,0,0,0,0,0,0,0,0,0,0,0,1.0,1,5,1,1.0,998,998,Baja,1,Madrugada,Baja,Madrugada,Bajo Riesgo
23939,2024,10,7,8,8,8019,3,2,No inventariada,13.6,4,5,14,9.0,0,0,1,1,0,0,1,1,1,0,0,0,0,0,0,0,0,0,0,0,0,0,0,0,0,0,0,0,0,0,0,0,1.0,1,1,1,1.0,998,998,Baja,1,Mañana,Baja,Mañana,Bajo Riesgo
23940,2024,10,7,13,8,8019,3,2,No inventariada,13.6,4,5,14,9.0,0,0,1,1,0,0,1,1,1,0,0,0,0,0,0,0,0,0,0,0,0,0,0,0,0,0,0,0,0,0,0,0,2.0,1,1,1,1.0,998,998,Baja,1,Tarde,Baja,Tarde,Bajo Riesgo
23941,2024,10,7,14,8,8019,3,2,No inventariada,13.6,4,5,14,3.0,0,0,1,1,0,0,1,1,2,0,0,0,0,0,0,0,0,0,0,0,0,0,0,0,0,0,0,0,0,0,0,0,2.0,1,1,1,1.0,998,998,Baja,1,Tarde,Baja,Tarde,Bajo Riesgo
23942,2024,10,7,10,8,8019,3,2,No inventariada,13.6,4,5,14,3.0,0,0,1,1,0,0,1,1,2,0,0,0,0,0,0,0,0,0,0,0,0,0,0,0,0,0,0,0,0,0,0,0,2.0,1,1,1,1.0,998,998,Baja,1,Mañana,Baja,Mañana,Bajo Riesgo
23943,2024,10,7,16,8,8019,3,2,No inventariada,13.6,4,5,14,20.0,0,0,1,1,0,0,1,1,1,0,0,0,0,0,0,0,0,0,0,0,0,0,0,0,0,0,0,0,0,0,0,0,1.0,1,1,1,1.0,998,998,Baja,1,Tarde,Baja,Tarde,Bajo Riesgo
23944,2024,10,7,20,8,8019,3,2,No inventariada,13.6,4,5,14,9.0,0,0,1,1,0,0,1,1,1,0,0,0,0,0,0,0,0,0,0,0,0,0,0,0,0,0,0,0,0,0,0,0,1.0,1,5,1,1.0,998,998,Baja,1,Noche,Baja,Noche,Bajo Riesgo
23945,2024,10,1,2,8,8019,3,2,No inventariada,13.6,4,5,14,2.0,0,0,1,1,0,0,1,1,2,0,0,0,0,0,0,0,0,0,0,0,0,0,0,0,0,0,0,0,0,0,0,0,1.0,1,5,1,1.0,998,998,Baja,1,Madrugada,Baja,Madrugada,Bajo Riesgo
23946,2024,10,1,6,8,8019,3,2,No inventariada,13.6,4,5,14,7.0,0,0,1,1,0,0,1,1,1,0,0,0,0,0,0,0,0,0,0,0,0,0,0,0,0,0,0,0,0,0,0,0,1.0,1,5,1,1.0,0,998,Baja,1,Madrugada,Baja,Mañana,Bajo Riesgo
23947,2024,10,1,7,8,8019,3,2,No inventariada,13.6,4,5,14,20.0,0,0,1,1,0,0,1,1,2,0,0,0,0,0,0,0,0,0,0,0,0,0,0,0,0,0,0,0,0,0,0,0,1.0,1,1,1,1.0,998,998,Baja,1,Mañana,Baja,Mañana,Bajo Riesgo
23948,2024,10,1,8,8,8019,3,2,No inventariada,13.6,4,5,14,20.0,0,0,1,1,0,0,1,1,2,0,0,0,0,0,0,0,0,0,0,0,0,0,0,0,0,0,0,0,0,0,0,0,1.0,1,1,1,1.0,998,998,Baja,1,Mañana,Baja,Mañana,Bajo Riesgo
23949,2024,10,1,11,8,8019,3,2,No inventariada,13.6,4,5,14,9.0,0,0,1,1,0,0,1,1,2,0,0,0,0,0,0,0,0,0,0,0,0,0,0,0,0,0,0,0,0,0,0,0,2.0,1,1,1,1.0,998,998,Baja,1,Mañana,Baja,Mañana,Bajo Riesgo
23950,2024,10,1,11,8,8019,3,2,No inventariada,13.6,4,5,14,20.0,0,0,1,1,0,0,1,1,2,0,0,0,0,0,0,0,0,0,0,0,0,0,0,0,0,0,0,0,0,0,0,0,1.0,1,1,1,1.0,998,998,Baja,1,Mañana,Baja,Mañana,Bajo Riesgo
23951,2024,10,1,12,8,8019,3,2,No inventariada,13.6,4,5,14,7.0,0,0,1,1,0,0,1,1,1,0,0,0,0,0,0,0,0,0,0,0,0,0,0,0,0,0,0,0,0,0,0,0,2.0,1,1,1,1.0,0,998,Baja,1,Mañana,Baja,Tarde,Bajo Riesgo
23952,2024,10,1,13,8,8019,3,2,No inventariada,13.6,4,5,14,3.0,0,0,1,1,0,0,1,1,2,0,0,0,0,0,0,0,0,0,0,0,0,0,0,0,0,0,0,0,0,0,0,0,1.0,1,1,1,1.0,998,998,Baja,1,Tarde,Baja,Tarde,Bajo Riesgo
23953,2024,10,1,15,8,8019,3,2,No inventariada,13.6,4,5,14,20.0,0,0,1,1,0,0,1,1,2,0,0,0,0,0,0,0,0,0,0,0,0,0,0,0,0,0,0,0,0,0,0,0,1.0,1,1,1,1.0,998,998,Baja,1,Tarde,Baja,Tarde,Bajo Riesgo
23954,2024,10,1,10,8,8019,3,2,No inventariada,13.6,4,5,14,20.0,0,0,1,1,0,0,1,1,2,0,0,0,0,0,0,0,0,0,0,0,0,0,0,0,0,0,0,0,0,0,0,0,1.0,1,1,1,1.0,998,998,Baja,1,Mañana,Baja,Mañana,Bajo Riesgo
23955,2024,10,1,14,8,8019,3,2,No inventariada,13.6,4,5,14,3.0,0,0,1,1,0,0,1,1,2,0,0,0,0,0,0,0,0,0,0,0,0,0,0,0,0,0,0,0,0,0,0,0,2.0,1,1,1,1.0,998,998,Baja,1,Tarde,Baja,Tarde,Bajo Riesgo