ID_ACCIDENTE,ANYO,MES,DIA_SEMANA,HORA,COD_PROVINCIA,COD_MUNICIPIO,ZONA,ZONA_AGRUPADA,CARRETERA,KM,SENTIDO_1F,TITULARIDAD_VIA,TIPO_VIA,TIPO_ACCIDENTE,TOTAL_MU24H,TOTAL_HG24H,TOTAL_HL24H,TOTAL_VICTIMAS_24H,TOTAL_MU30DF,TOTAL_HG30DF,TOTAL_HL30DF,TOTAL_VICTIMAS_30DF,TOTAL_VEHICULOS,TOT_PEAT_MU24H,TOT_BICI_MU24H,TOT_CICLO_MU24H,TOT_MOTO_MU24H,TOT_TUR_MU24H,TOT_FURG_MU24H,TOT_CAM_MENOS3500_MU24H,TOT_CAM_MAS3500_MU24H,TOT_BUS_MU24H,TOT_OTRO_MU24H,TOT_SINESPECIF_MU24H,TOT_PEAT_MU30DF,TOT_BICI_MU30DF,TOT_CICLO_MU30DF,TOT_MOTO_MU30DF,TOT_TUR_MU30DF,TOT_FURG_MU30DF,TOT_CAM_MENOS3500_MU30DF,TOT_CAM_MAS3500_MU30DF,TOT_BUS_MU30DF,TOT_VMP_MU30DF,TOT_OTRO_MU30DF,TOT_SINESPECIF_MU30DF,NUDO,CONDICION_FIRME,CONDICION_ILUMINACION,CONDICION_METEO,CONDICION_NIEBLA,ACERA,TRAZADO_PLANTA,ZONA_KM,HAY_NIEBLA,TRAMO_HORA,gravedad_accidente,tramo_horario,zona_riesgo
26630,2024,5,4,13,8,8019,3,2,No inventariada,13.6,4,5,14,20.0,0,0,1,1,0,0,1,1,2,0,0,0,0,0,0,0,0,0,0,0,0,0,0,0,0,0,0,0,0,0,0,0,2.0,1,1,1,1.0,998,998,Baja,1,Tarde,Baja,Tarde,Bajo Riesgo
26631,2024,5,4,13,8,8019,3,2,No inventariada,13.6,4,5,14,20.0,0,0,1,1,0,0,1,1,2,0,0,0,0,0,0,0,0,0,0,0,0,0,0,0,0,0,0,0,0,0,0,0,1.0,1,1,1,1.0,998,998,Baja,1,Tarde,Baja,Tarde,Bajo Riesgo
26632,2024,5,4,12,8,8019,3,2,No inventariada,13.6,4,5,14,20.0,0,0,3,3,0,0,3,3,2,0,0,0,0,0,0,0,0,0,0,0,0,0,0,0,0,0,0,0,0,0,0,0,1.0,1,1,1,1.0,998,998,Baja,1,Mañana,Media,Tarde,Bajo Riesgo
26633,2024,5,4,12,8,8019,3,2,No inventariada,13.6,4,5,14,20.0,0,0,1,1,0,0,1,1,2,0,0,0,0,0,0,0,0,0,0,0,0,0,0,0,0,0,0,0,0,0,0,0,1.0,1,1,1,1.0,998,998,Baja,1,Mañana,Baja,Tarde,Bajo Riesgo
26634,2024,5,4,20,8,8019,3,2,No inventariada,13.6,4,5,14,20.0,0,0,1,1,0,0,1,1,2,0,0,0,0,0,0,0,0,0,0,0,0,0,0,0,0,0,0,0,0,0,0,0,1.0,1,1,1,1.0,998,998,Baja,1,Noche,Baja,Noche,Bajo Riesgo
26635,2024,5,4,12,8,8019,3,2,No inventariada,13.6,4,5,14,7.0,0,0,1,1,0,0,1,1,1,0,0,0,0,0,0,0,0,0,0,0,0,0,0,0,0,0,0,0,0,0,0,0,1.0,1,1,1,1.0,0,998,Baja,1,Mañana,Baja,Tarde,Bajo Riesgo
26636,2024,5,4,11,8,8019,3,2,No inventariada,13.6,4,5,14,20.0,0,0,1,1,0,0,1,1,2,0,0,0,0,0,0,0,0,0,0,0,0,0,0,0,0,0,0,0,0,0,0,0,1.0,1,1,1,1.0,998,998,Baja,1,Mañana,Baja,Mañana,Bajo Riesgo
26637,2024,5,3,19,8,8019,3,2,No inventariada,13.6,4,5,14,7.0,0,0,1,1,0,0,1,1,1,0,0,0,0,0,0,0,0,0,0,0,0,0,0,0,0,0,0,0,0,0,0,0,1.0,1,1,1,1.0,0,998,Baja,1,Noche,Baja,Noche,Bajo Riesgo
26638,2024,5,4,8,8,8019,3,2,No inventariada,13.6,4,5,14,3.0,0,0,1,1,0,0,1,1,2,0,0,0,0,0,0,0,0,0,0,0,0,0,0,0,0,0,0,0,0,0,0,0,1.0,1,1,1,1.0,998,998,Baja,1,Mañana,Baja,Mañana,Bajo Riesgo
26639,2024,5,4,13,8,8019,1,1,B-10,7.8,4,5,14,4.0,0,0,1,1,0,0,1,1,2,0,0,0,0,0,0,0,0,0,0,0,0,0,0,0,0,0,0,0,0,0,0,0,1.0,1,1,1,1.0,998,4,Baja,1,Tarde,Baja,Tarde,Bajo Riesgo
26640,2024,5,4,10,8,8019,3,2,No inventariada,13.6,4,5,14,3.0,0,0,1,1,0,0,1,1,2,0,0,0,0,0,0,0,0,0,0,0,0,0,0,0,0,0,0,0,0,0,0,0,1.0,1,1,1,1.0,998,998,Baja,1,Mañana,Baja,Mañana,Bajo Riesgo
26641,2024,5,4,10,8,8019,3,2,No inventariada,13.6,4,5,14,7.0,0,0,1,1,0,0,1,1,1,0,0,0,0,0,0,0,0,0,0,0,0,0,0,0,0,0,0,0,0,0,0,0,2.0,1,1,1,1.0,0,998,Baja,1,Mañana,Baja,Mañana,Bajo Riesgo
26642,2024,5,5,7,8,8019,3,2,No inventariada,13.6,4,5,14,2.0,0,0,1,1,0,0,1,1,2,0,0,0,0,0,0,0,0,0,0,0,0,0,0,0,0,0,0,0,0,0,0,0,2.0,1,1,1,1.0,998,998,Baja,1,Mañana,Baja,Mañana,Bajo Riesgo
26643,2024,5,5,6,8,8019,3,2,No inventariada,13.6,4,5,14,20.0,0,0,1,1,0,0,1,1,2,0,0,0,0,0,0,0,0,0,0,0,0,0,0,0,0,0,0,0,0,0,0,0,1.0,1,1,1,1.0,998,998,Baja,1,Madrugada,Baja,Mañana,Bajo Riesgo
26644,2024,5,4,17,8,8019,3,2,No inventariada,13.6,4,5,14,2.0,0,0,1,1,0,0,1,1,4,0,0,0,0,0,0,0,0,0,0,0,0,0,0,0,0,0,0,0,0,0,0,0,2.0,1,1,1,1.0,998,998,Baja,1,Tarde,Baja,Tarde,Bajo Riesgo
26645,2024,5,4,10,8,8019,3,2,No inventariada,13.6,4,5,14,3.0,0,0,1,1,0,0,1,1,2,0,0,0,0,0,0,0,0,0,0,0,0,0,0,0,0,0,0,0,0,0,0,0,1.0,1,1,1,1.0,998,998,Baja,1,Mañana,Baja,Mañana,Bajo Riesgo
26646,2024,5,5,10,8,8019,3,2,No inventariada,13.6,4,5,14,9.0,0,0,2,2,0,0,2,2,1,0,0,0,0,0,0,0,0,0,0,0,0,0,0,0,0,0,0,0,0,0,0,0,1.0,1,1,1,1.0,998,998,Baja,1,Mañana,Baja,Mañana,Bajo Riesgo
26647,2024,5,5,11,8,8019,3,2,No inventariada,13.6,4,5,14,7.0,0,0,1,1,0,0,1,1,1,0,0,0,0,0,0,0,0,0,0,0,0,0,0,0,0,0,0,0,0,0,0,0,1.0,1,1,1,1.0,0,998,Baja,1,Mañana,Baja,Mañana,Bajo Riesgo
26648,2024,5,5,11,8,8019,3,2,No inventariada,13.6,4,5,14,2.0,0,0,1,1,0,0,1,1,2,0,0,0,0,0,0,0,0,0,0,0,0,0,0,0,0,0,0,0,0,0,0,0,2.0,1,1,1,1.0,998,998,Baja,1,Mañana,Baja,Mañana,Bajo Riesgo
26649,2024,5,5,12,8,8019,3,2,No inventariada,13.6,4,5,14,3.0,0,0,1,1,0,0,1,1,2,0,0,0,0,0,0,0,0,0,0,0,0,0,0,0,0,0,0,0,0,0,0,0,2.0,1,1,1,1.0,998,998,Baja,1,Mañana,Baja,Tarde,Bajo Riesgo
26650,2024,5,5,13,8,8019,3,2,No inventariada,13.6,4,5,14,20.0,0,0,1,1,0,0,1,1,2,0,0,0,0,0,0,0,0,0,0,0,0,0,0,0,0,0,0,0,0,0,0,0,2.0,1,1,1,1.0,998,998,Baja,1,Tarde,Baja,Tarde,Bajo Riesgo
26651,2024,5,5,14,8,8019,3,2,No inventariada,13.6,4,5,14,20.0,0,0,1,1,0,0,1,1,2,0,0,0,0,0,0,0,0,0,0,0,0,0,0,0,0,0,0,0,0,0,0,0,1.0,1,1,1,1.0,998,998,Baja,1,Tarde,Baja,Tarde,Bajo Riesgo
26652,2024,5,5,14,8,8019,3,2,No inventariada,13.6,4,5,14,3.0,0,0,1,1,0,0,1,1,2,0,0,0,0,0,0,0,0,0,0,0,0,0,0,0,0,0,0,0,0,0,0,0,2.0,1,1,1,1.0,998,998,Baja,1,Tarde,Baja,Tarde,Bajo Riesgo
26653,2024,5,5,17,8,8019,3,2,No inventariada,13.6,4,5,14,20.0,0,0,1,1,0,0,1,1,2,0,0,0,0,0,0,0,0,0,0,0,0,0,0,0,0,0,0,0,0,0,0,0,1.0,1,1,1,1.0,998,998,Baja,1,Tarde,Baja,Tarde,Bajo Riesgo
26654,2024,6,1,20,8,8019,3,2,No inventariada,13.6,4,5,14,2.0,0,0,2,2,0,0,2,2,2,0,0,0,0,0,0,0,0,0,0,0,0,0,0,0,0,0,0,0,0,0,0,0,1.0,1,2,1,1.0,998,998,Baja,1,Noche,Baja,Noche,Bajo Riesgo
26655,2024,5,5,14,8,8019,3,2,No inventariada,13.6,4,5,14,3.0,0,0,1,1,0,0,1,1,2,0,0,0,0,0,0,0,0,0,0,0,0,0,0,0,0,0,0,0,0,0,0,0,2.0,1,1,1,1.0,998,998,Baja,1,Tarde,Baja,Tarde,Bajo Riesgo
26656,2024,5,5,23,8,8019,3,2,No inventariada,13.6,4,5,14,9.0,0,0,1,1,0,0,1,1,1,0,0,0,0,0,0,0,0,0,0,0,0,0,0,0,0,0,0,0,0,0,0,0,1.0,1,5,1,1.0,998,998,Baja,1,Noche,Baja,Noche,Bajo Riesgo
26657,2024,5,1,2,8,8019,3,2,No inventariada,13.6,4,5,14,3.0,0,0,1,1,0,0,1,1,2,0,0,0,0,0,0,0,0,0,0,0,0,0,0,0,0,0,0,0,0,0,0,0,2.0,1,1,1,1.0,998,998,Baja,1,Madrugada,Baja,Madrugada,Bajo Riesgo
26658,2024,5,5,22,8,8019,3,2,No inventariada,13.6,4,5,14,2.0,0,1,0,1,0,1,0,1,2,0,0,0,0,0,0,0,0,0,0,0,0,0,0,0,0,0,0,0,0,0,0,0,2.0,1,5,1,1.0,998,998,Baja,1,Noche,Baja,Noche,Bajo Riesgo
26659,2024,5,5,19,8,8019,3,2,No inventariada,13.6,4,5,14,3.0,0,0,1,1,0,0,1,1,2,0,0,0,0,0,0,0,0,0,0,0,0,0,0,0,0,0,0,0,0,0,0,0,2.0,1,1,1,1.0,998,998,Baja,1,Noche,Baja,Noche,Bajo Riesgo
26660,2024,5,5,23,8,8019,3,2,No inventariada,13.6,4,5,14,2.0,0,0,1,1,0,0,1,1,2,0,0,0,0,0,0,0,0,0,0,0,0,0,0,0,0,0,0,0,0,0,0,0,2.0,1,5,1,1.0,998,998,Baja,1,Noche,Baja,Noche,Bajo Riesgo
26661,2024,5,5,21,8,8019,3,2,No inventariada,13.6,4,5,14,20.0,0,0,1,1,0,0,1,1,2,0,0,0,0,0,0,0,0,0,0,0,0,0,0,0,0,0,0,0,0,0,0,0,1.0,1,5,1,1.0,998,998,Baja,1,Noche,Baja,Noche,Bajo Riesgo
26662,2024,5,5,22,8,8019,3,2,No inventariada,13.6,4,5,14,2.0,0,0,1,1,0,0,1,1,2,0,0,0,0,0,0,0,0,0,0,0,0,0,0,0,0,0,0,0,0,0,0,0,2.0,1,5,1,1.0,998,998,Baja,1,Noche,Baja,Noche,Bajo Riesgo
26663,2024,5,6,11,8,8019,3,2,No inventariada,13.6,4,5,14,7.0,0,0,1,1,0,0,1,1,1,0,0,0,0,0,0,0,0,0,0,0,0,0,0,0,0,0,0,0,0,0,0,0,1.0,1,1,1,1.0,0,998,Baja,1,Mañana,Baja,Mañana,Bajo Riesgo
26664,2024,5,4,15,8,8019,3,2,No inventariada,13.6,4,5,14,7.0,0,0,1,1,0,0,1,1,1,0,0,0,0,0,0,0,0,0,0,0,0,0,0,0,0,0,0,0,0,0,0,0,1.0,1,1,1,1.0,0,998,Baja,1,Tarde,Baja,Tarde,Bajo Riesgo
26665,2024,6,6,15,8,8019,3,2,No inventariada,13.6,4,5,14,7.0,0,0,1,1,0,0,1,1,1,0,0,0,0,0,0,0,0,0,0,0,0,0,0,0,0,0,0,0,0,0,0,0,2.0,1,1,1,1.0,0,998,Baja,1,Tarde,Baja,Tarde,Bajo Riesgo
26666,2024,5,5,18,8,8019,1,1,B-20,10.6,4,5,14,3.0,0,0,1,1,0,0,1,1,2,0,0,0,0,0,0,0,0,0,0,0,0,0,0,0,0,0,0,0,0,0,0,0,1.0,1,1,1,1.0,998,4,Baja,1,Tarde,Baja,Noche,Bajo Riesgo
26667,2024,6,6,13,8,8019,3,2,No inventariada,13.6,4,5,14,3.0,0,0,2,2,0,0,2,2,2,0,0,0,0,0,0,0,0,0,0,0,0,0,0,0,0,0,0,0,0,0,0,0,1.0,1,1,1,1.0,998,998,Baja,1,Tarde,Baja,Tarde,Bajo Riesgo
26668,2024,6,6,18,8,8019,3,2,No inventariada,13.6,4,5,14,6.0,0,0,1,1,0,0,1,1,2,0,0,0,0,0,0,0,0,0,0,0,0,0,0,0,0,0,0,0,0,0,0,0,1.0,1,1,1,1.0,998,998,Baja,1,Tarde,Baja,Noche,Bajo Riesgo
26669,2024,6,6,17,8,8019,3,2,No inventariada,13.6,4,5,14,20.0,0,0,3,3,0,0,3,3,3,0,0,0,0,0,0,0,0,0,0,0,0,0,0,0,0,0,0,0,0,0,0,0,1.0,1,1,1,1.0,998,998,Baja,1,Tarde,Media,Tarde,Bajo Riesgo
26670,2024,6,6,19,8,8019,3,2,No inventariada,13.6,4,5,14,3.0,0,0,1,1,0,0,1,1,2,0,0,0,0,0,0,0,0,0,0,0,0,0,0,0,0,0,0,0,0,0,0,0,1.0,1,1,1,1.0,998,998,Baja,1,Noche,Baja,Noche,Bajo Riesgo
26671,2024,6,6,22,8,8019,3,2,No inventariada,13.6,4,5,14,3.0,0,0,1,1,0,0,1,1,2,0,0,0,0,0,0,0,0,0,0,0,0,0,0,0,0,0,0,0,0,0,0,0,2.0,3,5,1,1.0,998,998,Baja,1,Noche,Baja,Noche,Bajo Riesgo
26672,2024,6,6,15,8,8019,3,2,No inventariada,13.6,4,5,14,3.0,0,0,1,1,0,0,1,1,2,0,0,0,0,0,0,0,0,0,0,0,0,0,0,0,0,0,0,0,0,0,0,0,1.0,1,1,1,1.0,998,998,Baja,1,Tarde,Baja,Tarde,Bajo Riesgo
26673,2024,6,7,7,8,8019,3,2,No inventariada,13.6,4,5,14,7.0,0,0,1,1,0,0,1,1,1,0,0,0,0,0,0,0,0,0,0,0,0,0,0,0,0,0,0,0,0,0,0,0,2.0,1,1,1,1.0,0,998,Baja,1,Mañana,Baja,Mañana,Bajo Riesgo
26674,2024,5,5,13,8,8019,3,2,No inventariada,13.6,4,5,14,7.0,0,0,1,1,0,0,1,1,1,0,0,0,0,0,0,0,0,0,0,0,0,0,0,0,0,0,0,0,0,0,0,0,1.0,1,1,1,1.0,0,998,Baja,1,Tarde,Baja,Tarde,Bajo Riesgo
26675,2024,6,7,11,8,8019,3,2,No inventariada,13.6,4,5,14,3.0,0,0,2,2,0,0,2,2,2,0,0,0,0,0,0,0,0,0,0,0,0,0,0,0,0,0,0,0,0,0,0,0,2.0,1,1,1,1.0,998,998,Baja,1,Mañana,Baja,Mañana,Bajo Riesgo
26676,2024,6,7,14,8,8019,3,2,No inventariada,13.6,4,5,14,7.0,0,0,1,1,0,0,1,1,1,0,0,0,0,0,0,0,0,0,0,0,0,0,0,0,0,0,0,0,0,0,0,0,1.0,1,1,1,1.0,0,998,Baja,1,Tarde,Baja,Tarde,Bajo Riesgo
26677,2024,6,7,13,8,8019,3,2,No inventariada,13.6,4,5,14,20.0,0,0,1,1,0,0,1,1,2,0,0,0,0,0,0,0,0,0,0,0,0,0,0,0,0,0,0,0,0,0,0,0,1.0,1,1,1,1.0,998,998,Baja,1,Tarde,Baja,Tarde,Bajo Riesgo
26678,2024,6,7,13,8,8019,3,2,No inventariada,13.6,4,5,14,20.0,0,0,2,2,0,0,2,2,2,0,0,0,0,0,0,0,0,0,0,0,0,0,0,0,0,0,0,0,0,0,0,0,1.0,1,1,1,1.0,998,998,Baja,1,Tarde,Baja,Tarde,Bajo Riesgo
26679,2024,6,3,13,8,8019,3,2,No inventariada,13.6,4,5,14,20.0,0,0,1,1,0,0,1,1,2,0,0,0,0,0,0,0,0,0,0,0,0,0,0,0,0,0,0,0,0,0,0,0,1.0,1,1,1,1.0,998,998,Baja,1,Tarde,Baja,Tarde,Bajo Riesgo
26680,2024,6,7,17,8,8019,3,2,No inventariada,13.6,4,5,14,2.0,0,0,3,3,0,0,3,3,2,0,0,0,0,0,0,0,0,0,0,0,0,0,0,0,0,0,0,0,0,0,0,0,1.0,1,1,1,1.0,998,998,Baja,1,Tarde,Media,Tarde,Bajo Riesgo
26681,2024,6,7,17,8,8019,3,2,No inventariada,13.6,4,5,14,3.0,0,0,1,1,0,0,1,1,2,0,0,0,0,0,0,0,0,0,0,0,0,0,0,0,0,0,0,0,0,0,0,0,2.0,1,1,1,1.0,998,998,Baja,1,Tarde,Baja,Tarde,Bajo Riesgo
26682,2024,6,4,8,8,8019,3,2,No inventariada,13.6,4,5,14,2.0,0,0,1,1,0,0,1,1,2,0,0,0,0,0,0,0,0,0,0,0,0,0,0,0,0,0,0,0,0,0,0,0,2.0,1,1,1,1.0,998,998,Baja,1,Mañana,Baja,Mañana,Bajo Riesgo
26683,2024,6,7,16,8,8019,1,1,B-10,0.1,4,5,14,3.0,0,0,1,1,0,0,1,1,2,0,0,0,0,0,0,0,0,0,0,0,0,0,0,0,0,0,0,0,0,0,0,0,1.0,1,1,1,1.0,998,4,Baja,1,Tarde,Baja,Tarde,Bajo Riesgo
26684,2024,6,7,19,8,8019,3,2,No inventariada,13.6,4,5,14,2.0,0,0,3,3,0,0,3,3,2,0,0,0,0,0,0,0,0,0,0,0,0,0,0,0,0,0,0,0,0,0,0,0,2.0,1,1,1,1.0,998,998,Baja,1,Noche,Media,Noche,Bajo Riesgo
26685,2024,6,1,12,8,8019,3,2,No inventariada,13.6,4,5,14,7.0,0,0,1,1,0,0,1,1,1,0,0,0,0,0,0,0,0,0,0,0,0,0,0,0,0,0,0,0,0,0,0,0,2.0,1,1,1,1.0,0,998,Baja,1,Mañana,Baja,Tarde,Bajo Riesgo
26686,2024,6,7,14,8,8019,3,2,No inventariada,13.6,4,5,14,20.0,0,0,1,1,0,0,1,1,2,0,0,0,0,0,0,0,0,0,0,0,0,0,0,0,0,0,0,0,0,0,0,0,1.0,1,1,1,1.0,998,998,Baja,1,Tarde,Baja,Tarde,Bajo Riesgo
26687,2024,6,7,18,8,8019,3,2,No inventariada,13.6,4,5,14,3.0,0,0,2,2,0,0,2,2,2,0,0,0,0,0,0,0,0,0,0,0,0,0,0,0,0,0,0,0,0,0,0,0,2.0,1,1,1,1.0,998,998,Baja,1,Tarde,Baja,Noche,Bajo Riesgo
26688,2024,5,5,17,8,8019,3,2,No inventariada,13.6,4,5,14,20.0,0,0,1,1,0,0,1,1,2,0,0,0,0,0,0,0,0,0,0,0,0,0,0,0,0,0,0,0,0,0,0,0,1.0,1,1,1,1.0,998,998,Baja,1,Tarde,Baja,Tarde,Bajo Riesgo
26689,2024,6,6,21,8,8019,3,2,No inventariada,13.6,4,5,14,7.0,0,0,1,1,0,0,1,1,1,0,0,0,0,0,0,0,0,0,0,0,0,0,0,0,0,0,0,0,0,0,0,0,1.0,1,1,1,1.0,0,998,Baja,1,Noche,Baja,Noche,Bajo Riesgo
26690,2024,6,1,19,8,8019,1,1,B-20,10.5,4,5,14,9.0,0,0,1,1,0,0,1,1,2,0,0,0,0,0,0,0,0,0,0,0,0,0,0,0,0,0,0,0,0,0,0,0,1.0,1,1,1,1.0,998,4,Baja,1,Noche,Baja,Noche,Bajo Riesgo
26691,2024,6,1,17,8,8019,3,2,No inventariada,13.6,4,5,14,2.0,0,0,1,1,0,0,1,1,2,0,0,0,0,0,0,0,0,0,0,0,0,0,0,0,0,0,0,0,0,0,0,0,2.0,1,1,1,1.0,998,998,Baja,1,Tarde,Baja,Tarde,Bajo Riesgo
26692,2024,6,1,11,8,8019,3,2,No inventariada,13.6,4,5,14,20.0,0,0,1,1,0,0,1,1,2,0,0,0,0,0,0,0,0,0,0,0,0,0,0,0,0,0,0,0,0,0,0,0,1.0,1,1,1,1.0,998,998,Baja,1,Mañana,Baja,Mañana,Bajo Riesgo
26693,2024,6,1,14,8,8019,3,2,No inventariada,13.6,4,5,14,7.0,0,0,1,1,0,0,1,1,1,0,0,0,0,0,0,0,0,0,0,0,0,0,0,0,0,0,0,0,0,0,0,0,1.0,1,1,1,1.0,0,998,Baja,1,Tarde,Baja,Tarde,Bajo Riesgo
26694,2024,6,2,0,8,8019,3,2,No inventariada,13.6,4,5,14,6.0,0,0,1,1,0,0,1,1,3,0,0,0,0,0,0,0,0,0,0,0,0,0,0,0,0,0,0,0,0,0,0,0,1.0,1,5,1,1.0,998,998,Baja,1,,Baja,Madrugada,Bajo Riesgo
26695,2024,6,1,23,8,8019,3,2,No inventariada,13.6,4,5,14,2.0,0,0,1,1,0,0,1,1,2,0,0,0,0,0,0,0,0,0,0,0,0,0,0,0,0,0,0,0,0,0,0,0,2.0,1,5,1,1.0,998,998,Baja,1,Noche,Baja,Noche,Bajo Riesgo
26696,2024,6,2,11,8,8019,3,2,No inventariada,13.6,4,5,14,3.0,0,0,1,1,0,0,1,1,2,0,0,0,0,0,0,0,0,0,0,0,0,0,0,0,0,0,0,0,0,0,0,0,1.0,1,1,1,1.0,998,998,Baja,1,Mañana,Baja,Mañana,Bajo Riesgo
26697,2024,6,2,11,8,8019,3,2,No inventariada,13.6,4,5,14,7.0,0,0,1,1,0,0,1,1,1,0,0,0,0,0,0,0,0,0,0,0,0,0,0,0,0,0,0,0,0,0,0,0,2.0,1,1,1,1.0,0,998,Baja,1,Mañana,Baja,Mañana,Bajo Riesgo
26698,2024,6,1,17,8,8019,3,2,No inventariada,13.6,4,5,14,7.0,0,0,1,1,0,0,1,1,1,0,0,0,0,0,0,0,0,0,0,0,0,0,0,0,0,0,0,0,0,0,0,0,2.0,1,1,1,1.0,0,998,Baja,1,Tarde,Baja,Tarde,Bajo Riesgo
26699,2024,6,2,17,8,8019,1,1,B-20,16.1,4,5,14,3.0,0,1,0,1,0,1,0,1,2,0,0,0,0,0,0,0,0,0,0,0,0,0,0,0,0,0,0,0,0,0,0,0,1.0,1,1,1,1.0,998,4,Baja,1,Tarde,Baja,Tarde,Bajo Riesgo
26700,2024,6,1,2,8,8019,3,2,No inventariada,13.6,4,5,14,1.0,0,0,2,2,0,0,2,2,2,0,0,0,0,0,0,0,0,0,0,0,0,0,0,0,0,0,0,0,0,0,0,0,1.0,1,5,1,1.0,998,998,Baja,1,Madrugada,Baja,Madrugada,Bajo Riesgo
26701,2024,6,2,18,8,8019,3,2,No inventariada,13.6,4,5,14,3.0,0,0,1,1,0,0,1,1,2,0,0,0,0,0,0,0,0,0,0,0,0,0,0,0,0,0,0,0,0,0,0,0,1.0,1,1,1,1.0,998,998,Baja,1,Tarde,Baja,Noche,Bajo Riesgo
26702,2024,6,2,11,8,8019,1,1,B-10,8.0,4,5,14,20.0,0,0,1,1,0,0,1,1,2,0,0,0,0,0,0,0,0,0,0,0,0,0,0,0,0,0,0,0,0,0,0,0,1.0,1,1,1,1.0,998,4,Baja,1,Mañana,Baja,Mañana,Bajo Riesgo
26703,2024,6,2,19,8,8019,1,1,B-20,12.2,4,5,14,20.0,0,0,2,2,0,0,2,2,2,0,0,0,0,0,0,0,0,0,0,0,0,0,0,0,0,0,0,0,0,0,0,0,1.0,1,1,1,1.0,998,4,Baja,1,Noche,Baja,Noche,Bajo Riesgo
26704,2024,6,2,19,8,8019,3,2,No inventariada,13.6,4,5,14,3.0,0,0,1,1,0,0,1,1,2,0,0,0,0,0,0,0,0,0,0,0,0,0,0,0,0,0,0,0,0,0,0,0,2.0,1,1,1,1.0,998,998,Baja,1,Noche,Baja,Noche,Bajo Riesgo
26705,2024,6,2,0,8,8019,3,2,No inventariada,13.6,4,5,14,3.0,0,0,1,1,0,0,1,1,2,0,0,0,0,0,0,0,0,0,0,0,0,0,0,0,0,0,0,0,0,0,0,0,2.0,1,5,1,1.0,998,998,Baja,1,,Baja,Madrugada,Bajo Riesgo
26706,2024,6,2,18,8,8019,3,2,No inventariada,13.6,4,5,14,2.0,0,0,1,1,0,0,1,1,2,0,0,0,0,0,0,0,0,0,0,0,0,0,0,0,0,0,0,0,0,0,0,0,2.0,1,1,1,1.0,998,998,Baja,1,Tarde,Baja,Noche,Bajo Riesgo
26707,2024,6,2,7,8,8019,1,1,B-20,13.0,4,5,14,3.0,0,0,1,1,0,0,1,1,2,0,0,0,0,0,0,0,0,0,0,0,0,0,0,0,0,0,0,0,0,0,0,0,1.0,1,1,1,1.0,998,4,Baja,1,Mañana,Baja,Mañana,Bajo Riesgo
26708,2024,6,2,20,8,8019,3,2,No inventariada,13.6,4,5,14,7.0,0,1,0,1,0,1,0,1,1,0,0,0,0,0,0,0,0,0,0,0,0,0,0,0,0,0,0,0,0,0,0,0,1.0,1,1,1,1.0,0,998,Baja,1,Noche,Baja,Noche,Bajo Riesgo
26709,2024,6,2,7,8,8019,3,2,No inventariada,13.6,4,5,14,3.0,0,0,1,1,0,0,1,1,2,0,0,0,0,0,0,0,0,0,0,0,0,0,0,0,0,0,0,0,0,0,0,0,2.0,1,1,1,1.0,998,998,Baja,1,Mañana,Baja,Mañana,Bajo Riesgo
26710,2024,6,2,12,8,8019,3,2,No inventariada,13.6,4,5,14,20.0,0,0,1,1,0,0,1,1,2,0,0,0,0,0,0,0,0,0,0,0,0,0,0,0,0,0,0,0,0,0,0,0,1.0,1,1,1,1.0,998,998,Baja,1,Mañana,Baja,Tarde,Bajo Riesgo
26711,2024,6,3,7,8,8019,3,2,No inventariada,13.6,4,5,14,2.0,0,0,1,1,0,0,1,1,2,0,0,0,0,0,0,0,0,0,0,0,0,0,0,0,0,0,0,0,0,0,0,0,2.0,1,1,1,1.0,998,998,Baja,1,Mañana,Baja,Mañana,Bajo Riesgo
26712,2024,6,3,8,8,8019,3,2,No inventariada,13.6,4,5,14,1.0,0,0,1,1,0,0,1,1,2,0,0,0,0,0,0,0,0,0,0,0,0,0,0,0,0,0,0,0,0,0,0,0,2.0,1,1,1,1.0,998,998,Baja,1,Mañana,Baja,Mañana,Bajo Riesgo
26713,2024,6,2,10,8,8019,3,2,No inventariada,13.6,4,5,14,2.0,0,0,1,1,0,0,1,1,4,0,0,0,0,0,0,0,0,0,0,0,0,0,0,0,0,0,0,0,0,0,0,0,2.0,1,1,1,1.0,998,998,Baja,1,Mañana,Baja,Mañana,Bajo Riesgo
26714,2024,6,3,10,8,8019,3,2,No inventariada,13.6,4,5,14,7.0,0,0,1,1,0,0,1,1,1,0,0,0,0,0,0,0,0,0,0,0,0,0,0,0,0,0,0,0,0,0,0,0,2.0,1,1,1,1.0,0,998,Baja,1,Mañana,Baja,Mañana,Bajo Riesgo
26715,2024,6,1,11,8,8019,3,2,No inventariada,13.6,4,5,14,7.0,0,0,1,1,0,0,1,1,1,0,0,0,0,0,0,0,0,0,0,0,0,0,0,0,0,0,0,0,0,0,0,0,2.0,1,1,1,1.0,0,998,Baja,1,Mañana,Baja,Mañana,Bajo Riesgo
26716,2024,6,3,8,8,8019,3,2,No inventariada,13.6,4,5,14,20.0,0,0,2,2,0,0,2,2,2,0,0,0,0,0,0,0,0,0,0,0,0,0,0,0,0,0,0,0,0,0,0,0,1.0,1,1,1,1.0,998,998,Baja,1,Mañana,Baja,Mañana,Bajo Riesgo