ID_ACCIDENTE,ANYO,MES,DIA_SEMANA,HORA,COD_PROVINCIA,COD_MUNICIPIO,ZONA,ZONA_AGRUPADA,CARRETERA,KM,SENTIDO_1F,TITULARIDAD_VIA,TIPO_VIA,TIPO_ACCIDENTE,TOTAL_MU24H,TOTAL_HG24H,TOTAL_HL24H,TOTAL_VICTIMAS_24H,TOTAL_MU30DF,TOTAL_HG30DF,TOTAL_HL30DF,TOTAL_VICTIMAS_30DF,TOTAL_VEHICULOS,TOT_PEAT_MU24H,TOT_BICI_MU24H,TOT_CICLO_MU24H,TOT_MOTO_MU24H,TOT_TUR_MU24H,TOT_FURG_MU24H,TOT_CAM_MENOS3500_MU24H,TOT_CAM_MAS3500_MU24H,TOT_BUS_MU24H,TOT_OTRO_MU24H,TOT_SINESPECIF_MU24H,TOT_PEAT_MU30DF,TOT_BICI_MU30DF,TOT_CICLO_MU30DF,TOT_MOTO_MU30DF,TOT_TUR_MU30DF,TOT_FURG_MU30DF,TOT_CAM_MENOS3500_MU30DF,TOT_CAM_MAS3500_MU30DF,TOT_BUS_MU30DF,TOT_VMP_MU30DF,TOT_OTRO_MU30DF,TOT_SINESPECIF_MU30DF,NUDO,CONDICION_FIRME,CONDICION_ILUMINACION,CONDICION_METEO,CONDICION_NIEBLA,ACERA,TRAZADO_PLANTA,ZONA_KM,HAY_NIEBLA,TRAMO_HORA,gravedad_accidente,tramo_horario,zona_riesgo
33157,2024,12,1,16,12,0,1,1,CV-10,64.8,1,2,6,14.0,0,0,1,1,0,0,1,1,1,0,0,0,0,0,0,0,0,0,0,0,0,0,0,0,0,0,0,0,0,0,0,0,2.0,1,1,1,0.0,998,2,Media,0,Tarde,Baja,Tarde,Bajo Riesgo
33158,2024,12,5,13,12,0,1,1,CV-10,69.561,1,2,6,4.0,0,0,1,1,0,0,1,1,2,0,0,0,0,0,0,0,0,0,0,0,0,0,0,0,0,0,0,0,0,0,0,0,2.0,1,1,1,0.0,998,1,Media,0,Tarde,Baja,Tarde,Bajo Riesgo
33159,2024,5,6,12,12,0,1,1,CV-166,9.8,2,3,6,16.0,0,0,1,1,0,0,1,1,1,0,0,0,0,0,0,0,0,0,0,0,0,0,0,0,0,0,0,0,0,0,0,0,2.0,1,1,1,0.0,998,2,Baja,0,Mañana,Baja,Tarde,Bajo Riesgo
33160,2024,10,7,12,12,0,1,1,CV-166,10.46,2,3,6,12.0,0,0,1,1,0,0,1,1,1,0,0,0,0,0,0,0,0,0,0,0,0,0,0,0,0,0,0,0,0,0,0,0,2.0,8,1,1,0.0,998,2,Baja,0,Mañana,Baja,Tarde,Bajo Riesgo
33161,2024,10,1,17,12,0,1,1,N-232,30.2,2,1,6,15.0,0,0,1,1,0,0,1,1,1,0,0,0,0,0,0,0,0,0,0,0,0,0,0,0,0,0,0,0,0,0,0,0,2.0,3,1,1,0.0,998,2,Baja,0,Tarde,Baja,Tarde,Bajo Riesgo
33162,2024,3,4,1,12,0,1,1,AP-7,458.65,1,1,2,15.0,0,0,1,1,0,0,1,1,1,0,0,0,0,0,0,0,0,0,0,0,0,0,0,0,0,0,0,0,0,0,0,0,2.0,1,6,1,0.0,998,1,Muy Alta,0,Madrugada,Baja,Madrugada,Bajo Riesgo
33163,2024,4,6,0,12,0,1,1,AP-7,460.068,2,1,2,6.0,0,0,1,1,0,0,1,1,2,0,0,0,0,0,0,0,0,0,0,0,0,0,0,0,0,0,0,0,0,0,0,0,2.0,1,6,1,0.0,998,1,Muy Alta,0,,Baja,Madrugada,Bajo Riesgo
33164,2024,4,1,18,12,0,3,2,No inventariada,13.6,4,4,9,20.0,0,0,1,1,0,0,1,1,2,0,0,0,0,0,0,0,0,0,0,0,0,0,0,0,0,0,0,0,0,0,0,0,2.0,1,1,1,0.0,998,998,Baja,0,Tarde,Baja,Noche,Bajo Riesgo
33165,2024,6,6,9,12,0,1,1,N-340,947.7,2,1,6,6.0,0,1,0,1,0,1,0,1,1,0,0,0,0,0,0,0,0,0,0,0,0,0,0,0,0,0,0,0,0,0,0,0,1.0,1,1,1,0.0,998,1,Muy Alta,0,Mañana,Baja,Mañana,Bajo Riesgo
33166,2024,8,4,22,12,0,1,1,N-340,949.543,1,1,6,4.0,0,0,3,3,0,0,3,3,2,0,0,0,0,0,0,0,0,0,0,0,0,0,0,0,0,0,0,0,0,0,0,0,2.0,1,6,1,0.0,998,1,Muy Alta,0,Noche,Media,Noche,Bajo Riesgo
33167,2024,9,5,13,12,0,1,1,AP-7,458.1,2,1,2,12.0,0,0,1,1,0,0,1,1,2,0,0,0,0,0,0,0,0,0,0,0,0,0,0,0,0,0,0,0,0,0,0,0,2.0,1,1,1,0.0,998,1,Muy Alta,0,Tarde,Baja,Tarde,Bajo Riesgo
33168,2024,12,4,6,12,0,1,1,N-340,949.531,2,1,6,4.0,0,0,1,1,0,0,1,1,2,0,0,0,0,0,0,0,0,0,0,0,0,0,0,0,0,0,0,0,0,0,0,0,1.0,1,6,1,0.0,998,1,Muy Alta,0,Madrugada,Baja,Mañana,Bajo Riesgo
33169,2024,12,6,22,12,0,1,1,AP-7,459.285,1,1,6,4.0,0,0,1,1,0,0,1,1,2,0,0,0,0,0,0,0,0,0,0,0,0,0,0,0,0,0,0,0,0,0,0,0,2.0,1,6,1,0.0,998,1,Muy Alta,0,Noche,Baja,Noche,Bajo Riesgo
33170,2024,3,5,11,12,0,1,1,No inventariada,0.0,3,4,10,10.0,0,1,0,1,0,1,0,1,1,0,0,0,0,0,0,0,0,0,0,0,0,0,0,0,0,0,0,0,0,0,0,0,2.0,2,1,1,0.0,998,1,,0,Mañana,Baja,Mañana,Bajo Riesgo
33171,2024,7,2,17,12,0,1,1,CV-219,1.0,1,2,6,19.0,0,0,1,1,0,0,1,1,1,0,0,0,0,0,0,0,0,0,0,0,0,0,0,0,0,0,0,0,0,0,0,0,2.0,2,1,1,0.0,998,2,Baja,0,Tarde,Baja,Tarde,Bajo Riesgo
33172,2024,2,7,12,12,0,1,1,CV-20,18.009,2,2,5,17.0,0,1,0,1,0,1,0,1,1,0,0,0,0,0,0,0,0,0,0,0,0,0,0,0,0,0,0,0,0,0,0,0,2.0,1,1,1,0.0,998,2,Baja,0,Mañana,Baja,Tarde,Bajo Riesgo
33173,2024,5,1,22,12,0,1,1,CV-190,14.88,1,2,6,19.0,0,0,1,1,0,0,1,1,1,0,0,0,0,0,0,0,0,0,0,0,0,0,0,0,0,0,0,0,0,0,0,0,2.0,1,2,1,0.0,998,2,Baja,0,Noche,Baja,Noche,Bajo Riesgo
33174,2024,10,3,8,12,0,1,1,CV-190,14.785,1,2,6,12.0,0,0,1,1,0,0,1,1,1,0,0,0,0,0,0,0,0,0,0,0,0,0,0,0,0,0,0,0,0,0,0,0,2.0,3,6,3,0.0,998,2,Baja,0,Mañana,Baja,Mañana,Bajo Riesgo
33175,2024,9,6,11,12,0,1,1,No inventariada,0.95,2,4,10,15.0,0,0,1,1,0,0,1,1,1,0,0,0,0,0,0,0,0,0,0,0,0,0,0,0,0,0,0,0,0,0,0,0,2.0,1,1,1,0.0,998,3,Baja,0,Mañana,Baja,Mañana,Bajo Riesgo
33176,2024,4,7,11,12,0,1,1,CV-105,41.799,2,3,6,19.0,0,0,1,1,0,0,1,1,1,0,0,0,0,0,0,0,0,0,0,0,0,0,0,0,0,0,0,0,0,0,0,0,2.0,1,6,1,0.0,998,2,Baja,0,Mañana,Baja,Mañana,Bajo Riesgo
33177,2024,6,7,12,12,0,1,1,N-232,22.0,2,1,6,4.0,0,0,1,1,0,0,1,1,1,0,0,0,0,0,0,0,0,0,0,0,0,0,0,0,0,0,0,0,0,0,0,0,2.0,1,1,1,0.0,998,1,Baja,0,Mañana,Baja,Tarde,Bajo Riesgo
33178,2024,1,2,9,12,0,1,1,CV-213,4.566,1,2,6,15.0,0,0,1,1,0,0,1,1,1,0,0,0,0,0,0,0,0,0,0,0,0,0,0,0,0,0,0,0,0,0,0,0,2.0,3,1,2,0.0,998,2,Baja,0,Mañana,Baja,Mañana,Bajo Riesgo
33179,2024,11,3,9,12,0,1,1,N-234,43.3,3,1,6,3.0,0,2,1,3,0,2,1,3,2,0,0,0,0,0,0,0,0,0,0,0,0,0,0,0,0,0,0,0,0,0,0,0,2.0,1,1,1,0.0,998,1,Baja,0,Mañana,Baja,Mañana,Bajo Riesgo
33180,2024,4,7,22,12,0,3,2,No inventariada,13.6,4,4,9,16.0,2,0,2,4,2,0,2,4,1,0,0,0,0,0,2,0,0,0,0,0,0,0,0,0,0,2,0,0,0,0,0,0,2.0,1,4,1,0.0,998,998,Baja,0,Noche,Alta,Noche,Bajo Riesgo
33181,2024,6,1,19,12,0,1,1,CV-190,28.8,2,2,6,12.0,0,0,1,1,0,0,1,1,1,0,0,0,0,0,0,0,0,0,0,0,0,0,0,0,0,0,0,0,0,0,0,0,2.0,3,1,4,0.0,998,2,Baja,0,Noche,Baja,Noche,Bajo Riesgo
33182,2024,8,1,11,12,0,3,2,No inventariada,13.6,4,4,14,7.0,0,0,1,1,0,0,1,1,1,0,0,0,0,0,0,0,0,0,0,0,0,0,0,0,0,0,0,0,0,0,0,0,1.0,1,1,1,0.0,3,998,Baja,0,Mañana,Baja,Mañana,Bajo Riesgo
33183,2024,2,4,13,12,0,1,1,N-340,945.7,2,1,6,3.0,0,0,4,4,0,0,4,4,2,0,0,0,0,0,0,0,0,0,0,0,0,0,0,0,0,0,0,0,0,0,0,0,1.0,1,1,1,0.0,998,1,Muy Alta,0,Tarde,Media,Tarde,Bajo Riesgo
33184,2024,12,5,5,12,0,1,1,AP-7,457.787,1,1,2,18.0,0,0,1,1,0,0,1,1,1,0,0,0,0,0,0,0,0,0,0,0,0,0,0,0,0,0,0,0,0,0,0,0,2.0,1,6,1,0.0,998,1,Muy Alta,0,Madrugada,Baja,Madrugada,Bajo Riesgo
33185,2024,1,2,23,12,0,1,1,CV-120,6.7,1,3,6,12.0,0,0,1,1,0,0,1,1,1,0,0,0,0,0,0,0,0,0,0,0,0,0,0,0,0,0,0,0,0,0,0,0,2.0,1,6,2,0.0,998,2,Baja,0,Noche,Baja,Noche,Bajo Riesgo
33186,2024,3,5,8,12,12077,1,1,AP-7,457.0,2,1,2,4.0,0,0,5,5,0,0,5,5,2,0,0,0,0,0,0,0,0,0,0,0,0,0,0,0,0,0,0,0,0,0,0,0,2.0,1,1,2,2.0,998,1,Muy Alta,1,Mañana,Media,Mañana,Bajo Riesgo
33187,2024,4,7,3,12,12077,1,1,AP-7,456.6,2,1,2,14.0,0,0,2,2,0,0,2,2,1,0,0,0,0,0,0,0,0,0,0,0,0,0,0,0,0,0,0,0,0,0,0,0,2.0,1,6,1,0.0,998,1,Muy Alta,0,Madrugada,Baja,Madrugada,Bajo Riesgo
33188,2024,5,7,17,12,12082,1,1,AP-7,453.78,2,1,2,5.0,0,0,2,2,0,0,2,2,3,0,0,0,0,0,0,0,0,0,0,0,0,0,0,0,0,0,0,0,0,0,0,0,2.0,1,1,1,0.0,998,1,Muy Alta,0,Tarde,Baja,Tarde,Bajo Riesgo
33189,2024,6,1,20,12,12077,3,2,No inventariada,13.6,4,4,9,2.0,0,0,2,2,0,0,2,2,2,0,0,0,0,0,0,0,0,0,0,0,0,0,0,0,0,0,0,0,0,0,0,0,1.0,3,2,2,0.0,998,998,Baja,0,Noche,Baja,Noche,Bajo Riesgo
33190,2024,6,5,0,12,12082,1,1,AP-7,450.5,2,1,2,14.0,0,0,1,1,0,0,1,1,2,0,0,0,0,0,0,0,0,0,0,0,0,0,0,0,0,0,0,0,0,0,0,0,2.0,1,6,1,0.0,998,1,Muy Alta,0,,Baja,Madrugada,Bajo Riesgo
33191,2024,8,5,15,12,12077,1,1,AP-7,457.1,2,1,2,15.0,0,0,1,1,0,0,1,1,1,0,0,0,0,0,0,0,0,0,0,0,0,0,0,0,0,0,0,0,0,0,0,0,2.0,1,1,1,0.0,998,1,Muy Alta,0,Tarde,Baja,Tarde,Bajo Riesgo
33192,2024,8,4,23,12,12077,1,1,AP-7,456.0,2,1,2,6.0,1,6,8,15,2,5,8,15,3,0,0,0,0,1,0,0,0,0,0,0,0,0,0,0,2,0,0,0,0,0,0,0,2.0,1,6,1,0.0,998,1,Muy Alta,0,Noche,Alta,Noche,Bajo Riesgo
33193,2024,7,6,19,12,12077,3,2,No inventariada,13.6,4,4,9,14.0,0,0,1,1,0,0,1,1,1,0,0,0,0,0,0,0,0,0,0,0,0,0,0,0,0,0,0,0,0,0,0,0,2.0,1,1,1,0.0,998,998,Baja,0,Noche,Baja,Noche,Bajo Riesgo
33194,2024,5,5,11,12,12077,3,2,No inventariada,13.6,4,4,9,2.0,0,0,1,1,0,0,1,1,2,0,0,0,0,0,0,0,0,0,0,0,0,0,0,0,0,0,0,0,0,0,0,0,1.0,1,1,1,0.0,998,998,Baja,0,Mañana,Baja,Mañana,Bajo Riesgo
33195,2024,11,2,20,12,12126,1,1,N-225,19.0,1,1,6,2.0,0,0,1,1,0,0,1,1,2,0,0,0,0,0,0,0,0,0,0,0,0,0,0,0,0,0,0,0,0,0,0,0,2.0,1,6,1,0.0,998,2,Baja,0,Noche,Baja,Noche,Bajo Riesgo
33196,2024,12,2,16,12,12077,1,1,AP-7,455.459,2,1,2,4.0,0,0,4,4,0,0,4,4,2,0,0,0,0,0,0,0,0,0,0,0,0,0,0,0,0,0,0,0,0,0,0,0,2.0,1,1,1,0.0,998,1,Muy Alta,0,Tarde,Media,Tarde,Bajo Riesgo
33197,2024,4,5,10,12,0,1,1,CV-195,19.0,1,2,6,16.0,0,0,1,1,0,0,1,1,1,0,0,0,0,0,0,0,0,0,0,0,0,0,0,0,0,0,0,0,0,0,0,0,2.0,1,1,1,0.0,998,2,Baja,0,Mañana,Baja,Mañana,Bajo Riesgo
33198,2024,8,2,17,12,0,1,1,CV-195,18.25,2,2,6,1.0,0,3,3,6,0,3,3,6,2,0,0,0,0,0,0,0,0,0,0,0,0,0,0,0,0,0,0,0,0,0,0,0,2.0,1,1,1,0.0,998,1,Baja,0,Tarde,Media,Tarde,Bajo Riesgo
33199,2024,11,7,10,12,0,1,1,CV-195,19.138,1,2,6,9.0,0,0,1,1,0,0,1,1,1,0,0,0,0,0,0,0,0,0,0,0,0,0,0,0,0,0,0,0,0,0,0,0,2.0,1,1,2,0.0,998,2,Baja,0,Mañana,Baja,Mañana,Bajo Riesgo
33200,2024,8,3,13,12,0,1,1,CV-195,26.0,1,2,6,19.0,0,1,0,1,0,1,0,1,1,0,0,0,0,0,0,0,0,0,0,0,0,0,0,0,0,0,0,0,0,0,0,0,2.0,1,1,1,0.0,998,2,Baja,0,Tarde,Baja,Tarde,Bajo Riesgo
33201,2024,8,5,12,12,0,1,1,CV-20,52.5,1,2,6,19.0,0,1,0,1,0,1,0,1,1,0,0,0,0,0,0,0,0,0,0,0,0,0,0,0,0,0,0,0,0,0,0,0,2.0,1,1,1,0.0,998,1,Media,0,Mañana,Baja,Tarde,Bajo Riesgo
33202,2024,9,6,20,12,0,1,1,CV-20,49.141,2,2,6,18.0,1,0,0,1,1,0,0,1,1,0,0,0,1,0,0,0,0,0,0,0,0,0,0,1,0,0,0,0,0,0,0,0,2.0,1,6,1,0.0,998,2,Baja,0,Noche,Alta,Noche,Bajo Riesgo
33203,2024,9,4,20,12,0,1,1,CV-20,54.0,2,2,6,6.0,0,0,1,1,0,0,1,1,1,0,0,0,0,0,0,0,0,0,0,0,0,0,0,0,0,0,0,0,0,0,0,0,2.0,3,6,3,0.0,998,2,Media,0,Noche,Baja,Noche,Bajo Riesgo
33204,2024,12,6,9,12,0,1,1,CV-20,45.456,1,2,6,18.0,0,0,1,1,0,0,1,1,1,0,0,0,0,0,0,0,0,0,0,0,0,0,0,0,0,0,0,0,0,0,0,0,2.0,1,1,1,0.0,998,1,Baja,0,Mañana,Baja,Mañana,Bajo Riesgo
33205,2024,1,5,16,12,0,1,1,N-232,69.824,1,1,6,18.0,0,0,3,3,0,0,3,3,1,0,0,0,0,0,0,0,0,0,0,0,0,0,0,0,0,0,0,0,0,0,0,0,2.0,6,1,3,0.0,998,1,Media,0,Tarde,Media,Tarde,Bajo Riesgo
33206,2024,7,2,13,12,0,1,1,CNO COLADA,1.8,1,4,10,10.0,0,1,0,1,0,1,0,1,1,0,0,0,0,0,0,0,0,0,0,0,0,0,0,0,0,0,0,0,0,0,0,0,2.0,1,1,1,0.0,998,1,Baja,0,Tarde,Baja,Tarde,Bajo Riesgo
33207,2024,8,3,22,12,0,1,1,N-232,48.1,3,1,6,1.0,2,3,1,6,2,3,1,6,2,0,0,0,0,2,0,0,0,0,0,0,0,0,0,0,2,0,0,0,0,0,0,0,2.0,1,6,1,0.0,998,1,Baja,0,Noche,Alta,Noche,Bajo Riesgo
33208,2024,9,7,16,12,0,1,1,N-232,61.3,2,1,6,2.0,0,1,1,2,0,1,1,2,2,0,0,0,0,0,0,0,0,0,0,0,0,0,0,0,0,0,0,0,0,0,0,0,1.0,3,1,2,0.0,998,2,Media,0,Tarde,Baja,Tarde,Bajo Riesgo
33209,2024,9,3,15,12,0,1,1,N-232,55.549,2,1,6,18.0,0,0,1,1,0,0,1,1,1,0,0,0,0,0,0,0,0,0,0,0,0,0,0,0,0,0,0,0,0,0,0,0,2.0,3,1,3,0.0,998,2,Media,0,Tarde,Baja,Tarde,Bajo Riesgo
33210,2024,10,1,15,12,0,1,1,N-232,62.8,1,1,6,16.0,0,0,2,2,0,0,2,2,1,0,0,0,0,0,0,0,0,0,0,0,0,0,0,0,0,0,0,0,0,0,0,0,2.0,1,1,2,0.0,998,2,Media,0,Tarde,Baja,Tarde,Bajo Riesgo
33211,2024,11,4,18,12,0,1,1,N-232,50.95,1,1,6,14.0,0,1,0,1,0,1,0,1,1,0,0,0,0,0,0,0,0,0,0,0,0,0,0,0,0,0,0,0,0,0,0,0,2.0,1,2,1,0.0,998,1,Media,0,Tarde,Baja,Noche,Bajo Riesgo
33212,2024,11,4,14,12,0,1,1,N-232,61.253,2,1,6,15.0,0,0,1,1,0,0,1,1,1,0,0,0,0,0,0,0,0,0,0,0,0,0,0,0,0,0,0,0,0,0,0,0,2.0,1,1,1,0.0,998,1,Media,0,Tarde,Baja,Tarde,Bajo Riesgo
33213,2024,12,6,14,12,0,1,1,CV-14,14.3,1,2,6,16.0,0,0,1,1,0,0,1,1,1,0,0,0,0,0,0,0,0,0,0,0,0,0,0,0,0,0,0,0,0,0,0,0,2.0,1,1,2,0.0,998,1,Baja,0,Tarde,Baja,Tarde,Bajo Riesgo
33214,2024,7,7,21,12,0,1,1,CV-213,1.77,2,2,6,10.0,0,0,1,1,0,0,1,1,1,0,0,0,0,0,0,0,0,0,0,0,0,0,0,0,0,0,0,0,0,0,0,0,2.0,1,6,1,0.0,998,1,Baja,0,Noche,Baja,Noche,Bajo Riesgo
33215,2024,8,3,10,12,12104,1,1,CV-213,0.078,1,2,6,3.0,0,0,2,2,0,0,2,2,2,0,0,0,0,0,0,0,0,0,0,0,0,0,0,0,0,0,0,0,0,0,0,0,2.0,1,1,1,0.0,998,1,Baja,0,Mañana,Baja,Mañana,Bajo Riesgo
33216,2024,1,6,8,12,12082,1,1,N-340,952.7,2,1,6,4.0,0,0,1,1,0,0,1,1,2,0,0,0,0,0,0,0,0,0,0,0,0,0,0,0,0,0,0,0,0,0,0,0,2.0,1,1,1,0.0,998,1,Muy Alta,0,Mañana,Baja,Mañana,Bajo Riesgo
33217,2024,1,5,18,12,12082,3,2,No inventariada,13.6,4,4,9,7.0,0,0,1,1,0,0,1,1,1,0,0,0,0,0,0,0,0,0,0,0,0,0,0,0,0,0,0,0,0,0,0,0,1.0,1,3,1,0.0,4,998,Baja,0,Tarde,Baja,Noche,Bajo Riesgo
33218,2024,1,6,18,12,12082,3,2,No inventariada,13.6,4,4,9,2.0,0,0,1,1,0,0,1,1,2,0,0,0,0,0,0,0,0,0,0,0,0,0,0,0,0,0,0,0,0,0,0,0,1.0,1,4,7,0.0,998,998,Baja,0,Tarde,Baja,Noche,Bajo Riesgo
33219,2024,3,4,10,12,12082,1,1,N-340,956.257,2,1,6,6.0,0,0,1,1,0,0,1,1,1,0,0,0,0,0,0,0,0,0,0,0,0,0,0,0,0,0,0,0,0,0,0,0,2.0,1,1,1,0.0,998,1,Muy Alta,0,Mañana,Baja,Mañana,Bajo Riesgo
33220,2024,3,5,8,12,12082,1,1,AP-7,450.619,1,1,2,5.0,1,0,0,1,1,0,0,1,4,0,0,0,0,0,0,1,0,0,0,0,0,0,0,0,0,0,1,0,0,0,0,0,2.0,3,1,1,2.0,998,1,Muy Alta,1,Mañana,Alta,Mañana,Bajo Riesgo
33221,2024,3,5,8,12,12082,1,1,AP-7,450.662,1,1,2,5.0,0,1,2,3,0,1,2,3,8,0,0,0,0,0,0,0,0,0,0,0,0,0,0,0,0,0,0,0,0,0,0,0,2.0,3,2,1,2.0,998,1,Muy Alta,1,Mañana,Baja,Mañana,Bajo Riesgo
33222,2024,3,5,8,12,12082,1,1,AP-7,450.642,1,1,2,5.0,0,1,1,2,0,1,1,2,4,0,0,0,0,0,0,0,0,0,0,0,0,0,0,0,0,0,0,0,0,0,0,0,2.0,3,2,1,2.0,998,1,Muy Alta,1,Mañana,Baja,Mañana,Bajo Riesgo
33223,2024,4,2,12,12,12082,1,1,CAMINO ART,5.0,1,4,10,14.0,0,1,0,1,0,1,0,1,1,0,0,0,0,0,0,0,0,0,0,0,0,0,0,0,0,0,0,0,0,0,0,0,2.0,1,1,1,0.0,998,3,Baja,0,Mañana,Baja,Tarde,Bajo Riesgo
33224,2024,4,6,13,12,12082,3,2,No inventariada,13.6,4,4,14,2.0,0,0,1,1,0,0,1,1,2,0,0,0,0,0,0,0,0,0,0,0,0,0,0,0,0,0,0,0,0,0,0,0,1.0,9,1,7,0.0,998,998,Baja,0,Tarde,Baja,Tarde,Bajo Riesgo
33225,2024,7,3,10,12,12082,1,1,A-7,274.5,2,1,3,3.0,0,0,1,1,0,0,1,1,2,0,0,0,0,0,0,0,0,0,0,0,0,0,0,0,0,0,0,0,0,0,0,0,2.0,1,1,1,0.0,998,1,Muy Alta,0,Mañana,Baja,Mañana,Bajo Riesgo
33226,2024,7,6,22,12,12082,1,1,N-340,958.0,1,1,6,1.0,1,1,4,6,1,1,4,6,2,0,0,0,0,1,0,0,0,0,0,0,0,0,0,0,1,0,0,0,0,0,0,0,2.0,1,6,1,0.0,998,1,Muy Alta,0,Noche,Alta,Noche,Bajo Riesgo
33227,2024,7,6,14,12,12082,1,1,N-340,954.842,3,1,6,16.0,0,0,2,2,0,0,2,2,2,0,0,0,0,0,0,0,0,0,0,0,0,0,0,0,0,0,0,0,0,0,0,0,1.0,1,1,1,0.0,998,1,Muy Alta,0,Tarde,Baja,Tarde,Bajo Riesgo
33228,2024,7,7,12,12,12082,1,1,AP-7,451.6,1,1,2,4.0,0,0,1,1,0,0,1,1,3,0,0,0,0,0,0,0,0,0,0,0,0,0,0,0,0,0,0,0,0,0,0,0,2.0,1,1,1,0.0,998,1,Muy Alta,0,Mañana,Baja,Tarde,Bajo Riesgo
33229,2024,9,7,4,12,0,1,1,AP-7,445.9,2,1,2,14.0,0,0,2,2,0,0,2,2,1,0,0,0,0,0,0,0,0,0,0,0,0,0,0,0,0,0,0,0,0,0,0,0,2.0,1,4,1,0.0,998,1,Muy Alta,0,Madrugada,Baja,Madrugada,Bajo Riesgo
33230,2024,10,2,9,12,12082,1,1,N-340,953.626,2,1,6,10.0,0,0,1,1,0,0,1,1,1,0,0,0,0,0,0,0,0,0,0,0,0,0,0,0,0,0,0,0,0,0,0,0,2.0,1,1,1,0.0,998,1,Muy Alta,0,Mañana,Baja,Mañana,Bajo Riesgo
33231,2024,10,3,16,12,12082,1,1,CV-18,14.596,2,2,5,4.0,0,0,1,1,0,0,1,1,2,0,0,0,0,0,0,0,0,0,0,0,0,0,0,0,0,0,0,0,0,0,0,0,1.0,1,1,1,0.0,998,2,Baja,0,Tarde,Baja,Tarde,Bajo Riesgo
33232,2024,11,6,23,12,12082,1,1,CV-2220,2.381,2,4,6,14.0,0,0,1,1,0,0,1,1,1,0,0,0,0,0,0,0,0,0,0,0,0,0,0,0,0,0,0,0,0,0,0,0,2.0,1,6,1,0.0,998,2,Baja,0,Noche,Baja,Noche,Bajo Riesgo
33233,2024,12,3,8,12,12082,1,1,A-7,277.516,2,1,3,4.0,0,0,1,1,0,0,1,1,2,0,0,0,0,0,0,0,0,0,0,0,0,0,0,0,0,0,0,0,0,0,0,0,2.0,1,2,2,0.0,998,1,Muy Alta,0,Mañana,Baja,Mañana,Bajo Riesgo
33234,2024,12,3,7,12,12082,1,1,A-7,277.5,2,1,3,4.0,0,0,3,3,0,0,3,3,3,0,0,0,0,0,0,0,0,0,0,0,0,0,0,0,0,0,0,0,0,0,0,0,2.0,1,2,2,0.0,998,1,Muy Alta,0,Mañana,Media,Mañana,Bajo Riesgo
33235,2024,12,4,8,12,12082,1,1,N-340,957.567,1,1,6,4.0,0,0,1,1,0,0,1,1,2,0,0,0,0,0,0,0,0,0,0,0,0,0,0,0,0,0,0,0,0,0,0,0,2.0,1,2,1,0.0,998,1,Muy Alta,0,Mañana,Baja,Mañana,Bajo Riesgo
33236,2024,8,5,10,12,0,1,1,CV-121,6.273,2,3,6,18.0,0,0,1,1,0,0,1,1,1,0,0,0,0,0,0,0,0,0,0,0,0,0,0,0,0,0,0,0,0,0,0,0,2.0,1,1,1,0.0,998,2,Baja,0,Mañana,Baja,Mañana,Bajo Riesgo
33237,2024,2,1,8,12,12084,1,1,CV-10,7.693,1,2,3,4.0,0,0,2,2,0,0,2,2,2,0,0,0,0,0,0,0,0,0,0,0,0,0,0,0,0,0,0,0,0,0,0,0,2.0,1,1,1,0.0,998,1,Baja,0,Mañana,Baja,Mañana,Bajo Riesgo
33238,2024,2,2,7,12,12084,1,1,CV-21,10.92,1,2,6,3.0,0,0,1,1,0,0,1,1,2,0,0,0,0,0,0,0,0,0,0,0,0,0,0,0,0,0,0,0,0,0,0,0,2.0,1,2,1,0.0,998,1,Baja,0,Mañana,Baja,Mañana,Bajo Riesgo
33239,2024,2,6,22,12,12084,1,1,CV-21,7.4,1,2,6,18.0,0,0,1,1,0,0,1,1,1,0,0,0,0,0,0,0,0,0,0,0,0,0,0,0,0,0,0,0,0,0,0,0,2.0,1,6,1,0.0,998,2,Baja,0,Noche,Baja,Noche,Bajo Riesgo
33240,2024,2,2,13,12,12084,1,1,CV-10,7.902,2,2,3,4.0,0,0,1,1,0,0,1,1,2,0,0,0,0,0,0,0,0,0,0,0,0,0,0,0,0,0,0,0,0,0,0,0,2.0,1,1,1,0.0,998,1,Baja,0,Tarde,Baja,Tarde,Bajo Riesgo
33241,2024,2,3,8,12,12084,3,2,No inventariada,13.6,4,4,9,7.0,0,0,1,1,0,0,1,1,1,0,0,0,0,0,0,0,0,0,0,0,0,0,0,0,0,0,0,0,0,0,0,0,2.0,1,3,1,0.0,4,998,Baja,0,Mañana,Baja,Mañana,Bajo Riesgo
33242,2024,3,7,15,12,12084,1,1,CV-188,1.434,2,3,6,13.0,0,1,0,1,0,1,0,1,1,0,0,0,0,0,0,0,0,0,0,0,0,0,0,0,0,0,0,0,0,0,0,0,2.0,1,1,1,0.0,998,1,Baja,0,Tarde,Baja,Tarde,Bajo Riesgo
33243,2024,3,3,18,12,12084,1,1,CV-10,11.7,1,2,3,16.0,0,0,2,2,0,0,2,2,3,0,0,0,0,0,0,0,0,0,0,0,0,0,0,0,0,0,0,0,0,0,0,0,2.0,1,1,1,0.0,998,3,Baja,0,Tarde,Baja,Noche,Bajo Riesgo
33244,2024,4,6,15,12,12084,1,1,CAMI EMBAS,2.3,1,4,10,1.0,0,1,0,1,0,1,0,1,2,0,0,0,0,0,0,0,0,0,0,0,0,0,0,0,0,0,0,0,0,0,0,0,2.0,1,1,1,0.0,998,3,Baja,0,Tarde,Baja,Tarde,Bajo Riesgo
33245,2024,4,1,8,12,12084,3,2,No inventariada,13.6,4,4,9,7.0,0,0,1,1,0,0,1,1,1,0,0,0,0,0,0,0,0,0,0,0,0,0,0,0,0,0,0,0,0,0,0,0,2.0,1,1,1,0.0,4,998,Baja,0,Mañana,Baja,Mañana,Bajo Riesgo
33246,2024,4,2,18,12,12084,3,2,No inventariada,13.6,4,4,9,2.0,0,0,2,2,0,0,2,2,2,0,0,0,0,0,0,0,0,0,0,0,0,0,0,0,0,0,0,0,0,0,0,0,2.0,1,1,1,0.0,998,998,Baja,0,Tarde,Baja,Noche,Bajo Riesgo