ID_ACCIDENTE,ANYO,MES,DIA_SEMANA,HORA,COD_PROVINCIA,COD_MUNICIPIO,ZONA,ZONA_AGRUPADA,CARRETERA,KM,SENTIDO_1F,TITULARIDAD_VIA,TIPO_VIA,TIPO_ACCIDENTE,TOTAL_MU24H,TOTAL_HG24H,TOTAL_HL24H,TOTAL_VICTIMAS_24H,TOTAL_MU30DF,TOTAL_HG30DF,TOTAL_HL30DF,TOTAL_VICTIMAS_30DF,TOTAL_VEHICULOS,TOT_PEAT_MU24H,TOT_BICI_MU24H,TOT_CICLO_MU24H,TOT_MOTO_MU24H,TOT_TUR_MU24H,TOT_FURG_MU24H,TOT_CAM_MENOS3500_MU24H,TOT_CAM_MAS3500_MU24H,TOT_BUS_MU24H,TOT_OTRO_MU24H,TOT_SINESPECIF_MU24H,TOT_PEAT_MU30DF,TOT_BICI_MU30DF,TOT_CICLO_MU30DF,TOT_MOTO_MU30DF,TOT_TUR_MU30DF,TOT_FURG_MU30DF,TOT_CAM_MENOS3500_MU30DF,TOT_CAM_MAS3500_MU30DF,TOT_BUS_MU30DF,TOT_VMP_MU30DF,TOT_OTRO_MU30DF,TOT_SINESPECIF_MU30DF,NUDO,CONDICION_FIRME,CONDICION_ILUMINACION,CONDICION_METEO,CONDICION_NIEBLA,ACERA,TRAZADO_PLANTA,ZONA_KM,HAY_NIEBLA,TRAMO_HORA,gravedad_accidente,tramo_horario,zona_riesgo
38120,2024,7,7,18,17,17117,1,1,C-31,333.0,4,5,3,9.0,0,0,1,1,0,0,1,1,1,0,0,0,0,0,0,0,0,0,0,0,0,0,0,0,0,0,0,0,0,0,0,0,2.0,1,1,1,0.0,998,4,Muy Alta,0,Tarde,Baja,Noche,Bajo Riesgo
38121,2024,8,2,16,17,0,1,1,C-31,375.2,4,5,6,1.0,0,0,3,3,0,0,3,3,2,0,0,0,0,0,0,0,0,0,0,0,0,0,0,0,0,0,0,0,0,0,0,0,1.0,1,1,1,0.0,998,4,Muy Alta,0,Tarde,Media,Tarde,Bajo Riesgo
38122,2024,8,2,17,17,17008,1,1,C-63,37.9,4,5,6,1.0,0,0,3,3,0,0,3,3,3,0,0,0,0,0,0,0,0,0,0,0,0,0,0,0,0,0,0,0,0,0,0,0,1.0,1,1,1,0.0,998,4,Baja,0,Tarde,Media,Tarde,Bajo Riesgo
38123,2024,8,1,13,17,17079,3,2,No inventariada,13.6,4,5,14,2.0,0,0,1,1,0,0,1,1,2,0,0,0,0,0,0,0,0,0,0,0,0,0,0,0,0,0,0,0,0,0,0,0,1.0,1,1,1,0.0,998,998,Baja,0,Tarde,Baja,Tarde,Bajo Riesgo
38124,2024,8,2,21,17,17079,3,2,No inventariada,13.6,4,5,14,4.0,0,0,1,1,0,0,1,1,2,0,0,0,0,0,0,0,0,0,0,0,0,0,0,0,0,0,0,0,0,0,0,0,1.0,1,1,1,0.0,998,998,Baja,0,Noche,Baja,Noche,Bajo Riesgo
38125,2024,8,6,13,17,17034,1,1,GI-661,0.8,4,5,6,3.0,0,0,1,1,0,0,1,1,3,0,0,0,0,0,0,0,0,0,0,0,0,0,0,0,0,0,0,0,0,0,0,0,1.0,1,1,1,0.0,998,4,Baja,0,Tarde,Baja,Tarde,Bajo Riesgo
38126,2024,8,7,16,17,17047,1,1,C-260,38.5,4,5,3,4.0,0,0,1,1,0,0,1,1,2,0,0,0,0,0,0,0,0,0,0,0,0,0,0,0,0,0,0,0,0,0,0,0,2.0,1,1,1,0.0,998,4,Baja,0,Tarde,Baja,Tarde,Bajo Riesgo
38127,2024,8,4,15,17,0,1,1,AP-7,71.5,4,1,2,19.0,0,0,1,1,0,0,1,1,1,0,0,0,0,0,0,0,0,0,0,0,0,0,0,0,0,0,0,0,0,0,0,0,1.0,1,1,1,0.0,998,4,Media,0,Tarde,Baja,Tarde,Bajo Riesgo
38128,2024,8,4,12,17,0,1,1,No inventariada,0.3,4,5,6,9.0,0,0,1,1,0,0,1,1,1,0,0,0,0,0,0,0,0,0,0,0,0,0,0,0,0,0,0,0,0,0,0,0,1.0,1,1,1,0.0,998,4,Baja,0,Mañana,Baja,Tarde,Bajo Riesgo
38129,2024,8,6,20,17,17095,1,1,GI-682,8.3,4,5,6,4.0,0,0,1,1,0,0,1,1,3,0,0,0,0,0,0,0,0,0,0,0,0,0,0,0,0,0,0,0,0,0,0,0,2.0,1,1,1,0.0,998,4,Baja,0,Noche,Baja,Noche,Bajo Riesgo
38130,2024,8,3,0,17,17047,1,1,C-260,35.8,4,5,3,4.0,0,0,2,2,0,0,2,2,2,0,0,0,0,0,0,0,0,0,0,0,0,0,0,0,0,0,0,0,0,0,0,0,2.0,1,4,1,0.0,998,4,Baja,0,,Baja,Madrugada,Bajo Riesgo
38131,2024,8,5,12,17,0,1,1,GIV-4082,3.1,4,5,6,3.0,0,0,2,2,0,0,2,2,3,0,0,0,0,0,0,0,0,0,0,0,0,0,0,0,0,0,0,0,0,0,0,0,1.0,1,1,1,0.0,998,4,Baja,0,Mañana,Baja,Tarde,Bajo Riesgo
38132,2024,8,5,23,17,0,3,2,No inventariada,13.6,4,5,14,2.0,0,0,1,1,0,0,1,1,2,0,0,0,0,0,0,0,0,0,0,0,0,0,0,0,0,0,0,0,0,0,0,0,1.0,1,4,1,0.0,998,998,Baja,0,Noche,Baja,Noche,Bajo Riesgo
38133,2024,8,5,23,17,17202,1,1,GI-682,27.0,4,5,6,19.0,0,0,1,1,0,0,1,1,1,0,0,0,0,0,0,0,0,0,0,0,0,0,0,0,0,0,0,0,0,0,0,0,1.0,1,6,1,0.0,998,4,Baja,0,Noche,Baja,Noche,Bajo Riesgo
38134,2024,8,5,2,17,17103,1,1,AP-7,86.2,2,1,2,4.0,1,1,6,8,1,1,6,8,2,0,0,0,0,1,0,0,0,0,0,0,0,0,0,0,1,0,0,0,0,0,0,0,1.0,1,6,1,0.0,998,1,Media,0,Madrugada,Alta,Madrugada,Bajo Riesgo
38135,2024,8,5,18,17,17092,1,1,N-260,18.2,2,1,6,2.0,0,1,0,1,0,1,0,1,2,0,0,0,0,0,0,0,0,0,0,0,0,0,0,0,0,0,0,0,0,0,0,0,2.0,1,1,1,0.0,998,1,Baja,0,Tarde,Baja,Noche,Bajo Riesgo
38136,2024,8,5,18,17,17141,1,1,N-152,1.4,4,1,6,4.0,0,0,1,1,0,0,1,1,3,0,0,0,0,0,0,0,0,0,0,0,0,0,0,0,0,0,0,0,0,0,0,0,1.0,1,1,1,0.0,998,4,Baja,0,Tarde,Baja,Noche,Bajo Riesgo
38137,2024,8,6,10,17,0,1,1,GI-610,9.6,4,5,6,9.0,0,0,1,1,0,0,1,1,1,0,0,0,0,0,0,0,0,0,0,0,0,0,0,0,0,0,0,0,0,0,0,0,2.0,1,1,1,0.0,998,4,Baja,0,Mañana,Baja,Mañana,Bajo Riesgo
38138,2024,8,6,19,17,17095,1,1,C-63,1.5,4,5,6,4.0,0,0,1,1,0,0,1,1,2,0,0,0,0,0,0,0,0,0,0,0,0,0,0,0,0,0,0,0,0,0,0,0,1.0,1,1,1,0.0,998,4,Baja,0,Noche,Baja,Noche,Bajo Riesgo
38139,2024,8,6,20,17,17033,1,1,C-35,92.0,4,5,3,4.0,0,0,2,2,0,0,2,2,3,0,0,0,0,0,0,0,0,0,0,0,0,0,0,0,0,0,0,0,0,0,0,0,1.0,1,1,1,0.0,998,4,Media,0,Noche,Baja,Noche,Bajo Riesgo
38140,2024,8,7,0,17,0,1,1,GI-622,8.1,4,5,6,20.0,0,0,1,1,0,0,1,1,1,0,0,0,0,0,0,0,0,0,0,0,0,0,0,0,0,0,0,0,0,0,0,0,1.0,1,6,1,0.0,998,4,Baja,0,,Baja,Madrugada,Bajo Riesgo
38141,2024,8,6,22,17,0,2,2,C-250,6.0,4,5,14,6.0,0,0,1,1,0,0,1,1,1,0,0,0,0,0,0,0,0,0,0,0,0,0,0,0,0,0,0,0,0,0,0,0,1.0,1,4,1,0.0,998,4,Baja,0,Noche,Baja,Noche,Bajo Riesgo
38142,2024,8,7,1,17,17118,1,1,C-31,324.0,4,5,3,2.0,0,0,1,1,0,0,1,1,2,0,0,0,0,0,0,0,0,0,0,0,0,0,0,0,0,0,0,0,0,0,0,0,1.0,1,4,1,0.0,998,4,Muy Alta,0,Madrugada,Baja,Madrugada,Bajo Riesgo
38143,2024,8,4,18,17,17015,3,2,No inventariada,13.6,4,5,14,7.0,0,0,1,1,0,0,1,1,1,0,0,0,0,0,0,0,0,0,0,0,0,0,0,0,0,0,0,0,0,0,0,0,2.0,1,1,1,0.0,0,998,Baja,0,Tarde,Baja,Noche,Bajo Riesgo
38144,2024,7,6,1,17,17015,3,2,No inventariada,13.6,4,5,14,2.0,0,0,2,2,0,0,2,2,2,0,0,0,0,0,0,0,0,0,0,0,0,0,0,0,0,0,0,0,0,0,0,0,2.0,1,4,1,0.0,998,998,Baja,0,Madrugada,Baja,Madrugada,Bajo Riesgo
38145,2024,7,3,11,17,17015,3,2,No inventariada,13.6,4,5,14,7.0,0,0,1,1,0,0,1,1,1,0,0,0,0,0,0,0,0,0,0,0,0,0,0,0,0,0,0,0,0,0,0,0,1.0,1,1,1,0.0,0,998,Baja,0,Mañana,Baja,Mañana,Bajo Riesgo
38146,2024,7,2,23,17,17015,3,2,No inventariada,13.6,4,5,14,2.0,0,0,1,1,0,0,1,1,2,0,0,0,0,0,0,0,0,0,0,0,0,0,0,0,0,0,0,0,0,0,0,0,2.0,1,4,1,0.0,998,998,Baja,0,Noche,Baja,Noche,Bajo Riesgo
38147,2024,7,1,9,17,17066,3,2,No inventariada,13.6,4,5,14,9.0,0,0,1,1,0,0,1,1,1,0,0,0,0,0,0,0,0,0,0,0,0,0,0,0,0,0,0,0,0,0,0,0,2.0,8,1,1,0.0,998,998,Baja,0,Mañana,Baja,Mañana,Bajo Riesgo
38148,2024,7,3,16,17,17118,3,2,No inventariada,13.6,4,5,14,20.0,0,1,0,1,0,1,0,1,2,0,0,0,0,0,0,0,0,0,0,0,0,0,0,0,0,0,0,0,0,0,0,0,1.0,1,1,1,0.0,998,998,Baja,0,Tarde,Baja,Tarde,Bajo Riesgo
38149,2024,8,5,23,17,17118,3,2,No inventariada,0.0,4,5,14,20.0,0,1,1,2,0,1,1,2,1,0,0,0,0,0,0,0,0,0,0,0,0,0,0,0,0,0,0,0,0,0,0,0,1.0,1,1,1,0.0,998,998,,0,Noche,Baja,Noche,Bajo Riesgo
38150,2024,8,7,9,17,0,2,2,GIV-5264,2.9,4,5,6,3.0,0,0,3,3,0,0,3,3,2,0,0,0,0,0,0,0,0,0,0,0,0,0,0,0,0,0,0,0,0,0,0,0,1.0,1,1,1,0.0,998,4,Baja,0,Mañana,Media,Mañana,Bajo Riesgo
38151,2024,8,7,8,17,17202,1,1,GI-682,25.9,1,5,6,20.0,0,2,1,3,0,2,1,3,3,0,0,0,0,0,0,0,0,0,0,0,0,0,0,0,0,0,0,0,0,0,0,0,1.0,1,1,1,0.0,998,2,Baja,0,Mañana,Baja,Mañana,Bajo Riesgo
38152,2024,8,7,12,17,0,1,1,GI-552,7.0,4,5,6,19.0,0,0,1,1,0,0,1,1,1,0,0,0,0,0,0,0,0,0,0,0,0,0,0,0,0,0,0,0,0,0,0,0,1.0,1,1,1,0.0,998,4,Baja,0,Mañana,Baja,Tarde,Bajo Riesgo
38153,2024,8,7,16,17,0,1,1,No inventariada,0.0,4,5,6,20.0,0,0,1,1,0,0,1,1,1,0,0,0,0,0,0,0,0,0,0,0,0,0,0,0,0,0,0,0,0,0,0,0,1.0,1,1,1,0.0,998,4,,0,Tarde,Baja,Tarde,Bajo Riesgo
38154,2024,8,7,18,17,17048,1,1,GI-665,1.0,4,5,6,4.0,0,0,2,2,0,0,2,2,2,0,0,0,0,0,0,0,0,0,0,0,0,0,0,0,0,0,0,0,0,0,0,0,1.0,1,1,1,0.0,998,4,Baja,0,Tarde,Baja,Noche,Bajo Riesgo
38155,2024,8,7,6,17,17095,1,1,GI-682,13.9,1,2,6,19.0,0,2,0,2,0,2,0,2,1,0,0,0,0,0,0,0,0,0,0,0,0,0,0,0,0,0,0,0,0,0,0,0,1.0,1,6,1,0.0,998,2,Baja,0,Madrugada,Baja,Mañana,Bajo Riesgo
38156,2024,8,2,10,17,17079,3,2,No inventariada,13.6,4,5,14,3.0,0,0,1,1,0,0,1,1,2,0,0,0,0,0,0,0,0,0,0,0,0,0,0,0,0,0,0,0,0,0,0,0,2.0,1,1,1,0.0,998,998,Baja,0,Mañana,Baja,Mañana,Bajo Riesgo
38157,2024,5,2,8,17,17152,3,2,No inventariada,13.6,4,5,14,2.0,0,0,1,1,0,0,1,1,2,0,0,0,0,0,0,0,0,0,0,0,0,0,0,0,0,0,0,0,0,0,0,0,2.0,1,1,1,0.0,998,998,Baja,0,Mañana,Baja,Mañana,Bajo Riesgo
38158,2024,8,5,17,17,17079,3,2,No inventariada,13.6,4,5,14,4.0,0,0,1,1,0,0,1,1,2,0,0,0,0,0,0,0,0,0,0,0,0,0,0,0,0,0,0,0,0,0,0,0,1.0,1,1,1,0.0,998,998,Baja,0,Tarde,Baja,Tarde,Bajo Riesgo
38159,2024,8,1,5,17,0,1,1,AP-7,61.0,4,1,2,19.0,0,0,1,1,0,0,1,1,1,0,0,0,0,0,0,0,0,0,0,0,0,0,0,0,0,0,0,0,0,0,0,0,1.0,1,6,1,0.0,998,4,Media,0,Madrugada,Baja,Madrugada,Bajo Riesgo
38160,2024,8,1,17,17,0,1,1,GI-504,13.0,4,5,6,19.0,0,0,2,2,0,0,2,2,1,0,0,0,0,0,0,0,0,0,0,0,0,0,0,0,0,0,0,0,0,0,0,0,1.0,1,1,1,0.0,998,4,Baja,0,Tarde,Baja,Tarde,Bajo Riesgo
38161,2024,8,1,20,17,0,1,1,GI-554,7.2,4,5,6,19.0,0,0,1,1,0,0,1,1,1,0,0,0,0,0,0,0,0,0,0,0,0,0,0,0,0,0,0,0,0,0,0,0,1.0,1,2,1,0.0,998,4,Baja,0,Noche,Baja,Noche,Bajo Riesgo
38162,2024,8,5,7,17,17079,3,2,No inventariada,13.6,4,5,14,2.0,0,0,1,1,0,0,1,1,2,0,0,0,0,0,0,0,0,0,0,0,0,0,0,0,0,0,0,0,0,0,0,0,2.0,1,1,1,0.0,998,998,Baja,0,Mañana,Baja,Mañana,Bajo Riesgo
38163,2024,8,4,1,17,17079,3,2,No inventariada,13.6,4,5,14,2.0,0,0,1,1,0,0,1,1,2,0,0,0,0,0,0,0,0,0,0,0,0,0,0,0,0,0,0,0,0,0,0,0,2.0,1,4,1,0.0,998,998,Baja,0,Madrugada,Baja,Madrugada,Bajo Riesgo
38164,2024,5,5,12,17,17152,3,2,No inventariada,13.6,4,5,14,7.0,0,0,1,1,0,0,1,1,1,0,0,0,0,0,0,0,0,0,0,0,0,0,0,0,0,0,0,0,0,0,0,0,1.0,1,1,1,0.0,0,998,Baja,0,Mañana,Baja,Tarde,Bajo Riesgo
38165,2024,8,3,21,17,0,1,1,C-31,337.4,4,5,6,3.0,0,0,2,2,0,0,2,2,2,0,0,0,0,0,0,0,0,0,0,0,0,0,0,0,0,0,0,0,0,0,0,0,1.0,1,6,1,0.0,998,4,Muy Alta,0,Noche,Baja,Noche,Bajo Riesgo
38166,2024,8,2,9,17,17092,1,1,N-260,21.4,4,1,6,19.0,0,0,1,1,0,0,1,1,1,0,0,0,0,0,0,0,0,0,0,0,0,0,0,0,0,0,0,0,0,0,0,0,1.0,1,1,1,0.0,998,4,Baja,0,Mañana,Baja,Mañana,Bajo Riesgo
38167,2024,8,2,14,17,17213,1,1,C-63,8.1,3,2,6,1.0,0,3,4,7,0,3,4,7,2,0,0,0,0,0,0,0,0,0,0,0,0,0,0,0,0,0,0,0,0,0,0,0,1.0,1,1,1,0.0,998,3,Baja,0,Tarde,Media,Tarde,Bajo Riesgo
38168,2024,8,5,13,17,17079,3,2,No inventariada,13.6,4,5,14,2.0,0,0,1,1,0,0,1,1,2,0,0,0,0,0,0,0,0,0,0,0,0,0,0,0,0,0,0,0,0,0,0,0,2.0,1,1,1,0.0,998,998,Baja,0,Tarde,Baja,Tarde,Bajo Riesgo
38169,2024,5,5,8,17,17152,3,2,No inventariada,13.6,4,5,14,2.0,0,0,1,1,0,0,1,1,2,0,0,0,0,0,0,0,0,0,0,0,0,0,0,0,0,0,0,0,0,0,0,0,1.0,1,1,1,0.0,998,998,Baja,0,Mañana,Baja,Mañana,Bajo Riesgo
38170,2024,8,1,14,17,17079,3,2,No inventariada,13.6,4,5,14,2.0,0,0,1,1,0,0,1,1,2,0,0,0,0,0,0,0,0,0,0,0,0,0,0,0,0,0,0,0,0,0,0,0,2.0,1,1,1,0.0,998,998,Baja,0,Tarde,Baja,Tarde,Bajo Riesgo
38171,2024,8,1,14,17,0,1,1,C-66,22.2,4,5,6,19.0,0,0,1,1,0,0,1,1,1,0,0,0,0,0,0,0,0,0,0,0,0,0,0,0,0,0,0,0,0,0,0,0,1.0,1,1,1,0.0,998,4,Baja,0,Tarde,Baja,Tarde,Bajo Riesgo
38172,2024,8,3,12,17,0,1,1,GI-552,8.0,4,5,6,20.0,0,0,1,1,0,0,1,1,2,0,0,0,0,0,0,0,0,0,0,0,0,0,0,0,0,0,0,0,0,0,0,0,1.0,8,1,1,0.0,998,4,Baja,0,Mañana,Baja,Tarde,Bajo Riesgo
38173,2024,8,4,7,17,0,1,1,C-66,21.1,4,5,6,3.0,0,0,1,1,0,0,1,1,2,0,0,0,0,0,0,0,0,0,0,0,0,0,0,0,0,0,0,0,0,0,0,0,1.0,3,1,3,0.0,998,4,Baja,0,Mañana,Baja,Mañana,Bajo Riesgo
38174,2024,8,4,10,17,0,3,2,No inventariada,13.6,4,5,14,2.0,0,0,1,1,0,0,1,1,2,0,0,0,0,0,0,0,0,0,0,0,0,0,0,0,0,0,0,0,0,0,0,0,1.0,1,1,1,0.0,998,998,Baja,0,Mañana,Baja,Mañana,Bajo Riesgo
38175,2024,8,5,1,17,17089,1,1,GI-674,5.8,4,5,6,19.0,0,0,1,1,0,0,1,1,1,0,0,0,0,0,0,0,0,0,0,0,0,0,0,0,0,0,0,0,0,0,0,0,1.0,1,6,1,0.0,998,4,Baja,0,Madrugada,Baja,Madrugada,Bajo Riesgo
38176,2024,8,6,9,17,17079,3,2,No inventariada,13.6,4,5,14,9.0,0,0,1,1,0,0,1,1,1,0,0,0,0,0,0,0,0,0,0,0,0,0,0,0,0,0,0,0,0,0,0,0,1.0,1,1,1,0.0,998,998,Baja,0,Mañana,Baja,Mañana,Bajo Riesgo
38177,2024,8,5,7,17,17180,1,1,C-63,25.0,4,5,6,19.0,0,0,1,1,0,0,1,1,1,0,0,0,0,0,0,0,0,0,0,0,0,0,0,0,0,0,0,0,0,0,0,0,1.0,3,1,3,0.0,998,4,Baja,0,Mañana,Baja,Mañana,Bajo Riesgo
38178,2024,8,5,20,17,0,3,2,No inventariada,13.6,4,5,14,7.0,0,1,1,2,0,1,1,2,1,0,0,0,0,0,0,0,0,0,0,0,0,0,0,0,0,0,0,0,0,0,0,0,1.0,8,1,1,0.0,0,998,Baja,0,Noche,Baja,Noche,Bajo Riesgo
38179,2024,8,6,9,17,17186,1,1,AP-7,57.0,4,1,2,4.0,0,0,1,1,0,0,1,1,3,0,0,0,0,0,0,0,0,0,0,0,0,0,0,0,0,0,0,0,0,0,0,0,1.0,1,1,1,0.0,998,4,Media,0,Mañana,Baja,Mañana,Bajo Riesgo
38180,2024,8,6,12,17,0,1,1,No inventariada,1.6,4,5,6,9.0,0,0,1,1,0,0,1,1,1,0,0,0,0,0,0,0,0,0,0,0,0,0,0,0,0,0,0,0,0,0,0,0,1.0,1,1,1,0.0,998,4,Baja,0,Mañana,Baja,Tarde,Bajo Riesgo
38181,2024,8,6,17,17,17023,3,2,No inventariada,35.0,4,5,14,2.0,0,0,1,1,0,0,1,1,2,0,0,0,0,0,0,0,0,0,0,0,0,0,0,0,0,0,0,0,0,0,0,0,1.0,1,1,1,0.0,998,998,Baja,0,Tarde,Baja,Tarde,Bajo Riesgo
38182,2024,8,7,1,17,0,1,1,GIP-5106,3.3,4,5,6,19.0,0,1,0,1,0,1,0,1,1,0,0,0,0,0,0,0,0,0,0,0,0,0,0,0,0,0,0,0,0,0,0,0,1.0,1,1,1,0.0,998,4,Baja,0,Madrugada,Baja,Madrugada,Bajo Riesgo
38183,2024,8,7,15,17,0,1,1,GI-555,9.0,4,5,6,9.0,0,0,2,2,0,0,2,2,1,0,0,0,0,0,0,0,0,0,0,0,0,0,0,0,0,0,0,0,0,0,0,0,1.0,3,1,3,0.0,998,4,Baja,0,Tarde,Baja,Tarde,Bajo Riesgo
38184,2024,8,7,18,17,0,1,1,No inventariada,0.2,4,5,6,9.0,0,0,1,1,0,0,1,1,1,0,0,0,0,0,0,0,0,0,0,0,0,0,0,0,0,0,0,0,0,0,0,0,1.0,1,1,1,0.0,998,4,Baja,0,Tarde,Baja,Noche,Bajo Riesgo
38185,2024,8,7,19,17,0,1,1,AP-7,40.5,4,1,2,4.0,0,0,3,3,0,0,3,3,2,0,0,0,0,0,0,0,0,0,0,0,0,0,0,0,0,0,0,0,0,0,0,0,1.0,1,1,1,0.0,998,4,Baja,0,Noche,Media,Noche,Bajo Riesgo
38186,2024,6,6,22,17,17079,3,2,No inventariada,13.6,4,5,14,2.0,0,0,1,1,0,0,1,1,2,0,0,0,0,0,0,0,0,0,0,0,0,0,0,0,0,0,0,0,0,0,0,0,2.0,1,4,1,0.0,998,998,Baja,0,Noche,Baja,Noche,Bajo Riesgo
38187,2024,8,6,8,17,17079,3,2,No inventariada,13.6,4,5,14,9.0,0,0,1,1,0,0,1,1,1,0,0,0,0,0,0,0,0,0,0,0,0,0,0,0,0,0,0,0,0,0,0,0,2.0,1,1,1,0.0,998,998,Baja,0,Mañana,Baja,Mañana,Bajo Riesgo
38188,2024,8,6,10,17,17079,3,2,No inventariada,13.6,4,5,14,2.0,0,0,1,1,0,0,1,1,2,0,0,0,0,0,0,0,0,0,0,0,0,0,0,0,0,0,0,0,0,0,0,0,2.0,1,1,1,0.0,998,998,Baja,0,Mañana,Baja,Mañana,Bajo Riesgo
38189,2024,8,4,7,17,17033,2,2,GI-674,1.0,4,5,14,4.0,0,0,1,1,0,0,1,1,2,0,0,0,0,0,0,0,0,0,0,0,0,0,0,0,0,0,0,0,0,0,0,0,2.0,1,1,1,0.0,998,4,Baja,0,Mañana,Baja,Mañana,Bajo Riesgo
38190,2024,8,5,12,17,0,1,1,GI-400,7.8,4,5,6,9.0,0,0,1,1,0,0,1,1,1,0,0,0,0,0,0,0,0,0,0,0,0,0,0,0,0,0,0,0,0,0,0,0,1.0,1,1,1,0.0,998,4,Baja,0,Mañana,Baja,Tarde,Bajo Riesgo
38191,2024,8,1,10,17,0,2,2,GI-612,1.0,4,5,6,9.0,0,0,1,1,0,0,1,1,1,0,0,0,0,0,0,0,0,0,0,0,0,0,0,0,0,0,0,0,0,0,0,0,1.0,8,1,1,0.0,998,4,Baja,0,Mañana,Baja,Mañana,Bajo Riesgo
38192,2024,8,1,8,17,0,1,1,No inventariada,23.0,4,5,6,19.0,0,0,1,1,0,0,1,1,1,0,0,0,0,0,0,0,0,0,0,0,0,0,0,0,0,0,0,0,0,0,0,0,1.0,8,1,1,0.0,998,4,Baja,0,Mañana,Baja,Mañana,Bajo Riesgo
38193,2024,8,1,11,17,17199,1,1,GI-641,2.9,4,5,6,4.0,0,0,1,1,0,0,1,1,2,0,0,0,0,0,0,0,0,0,0,0,0,0,0,0,0,0,0,0,0,0,0,0,1.0,1,1,1,0.0,998,4,Baja,0,Mañana,Baja,Mañana,Bajo Riesgo
38194,2024,8,1,17,17,0,3,2,No inventariada,13.6,4,5,14,9.0,0,0,1,1,0,0,1,1,2,0,0,0,0,0,0,0,0,0,0,0,0,0,0,0,0,0,0,0,0,0,0,0,1.0,1,1,1,0.0,998,998,Baja,0,Tarde,Baja,Tarde,Bajo Riesgo
38195,2024,8,1,20,17,17202,1,1,GI-682,24.8,4,5,6,9.0,0,0,1,1,0,0,1,1,1,0,0,0,0,0,0,0,0,0,0,0,0,0,0,0,0,0,0,0,0,0,0,0,1.0,1,1,1,0.0,998,4,Baja,0,Noche,Baja,Noche,Bajo Riesgo
38196,2024,8,3,12,17,0,1,1,BV-4031,25.2,4,5,6,19.0,0,0,1,1,0,0,1,1,1,0,0,0,0,0,0,0,0,0,0,0,0,0,0,0,0,0,0,0,0,0,0,0,1.0,1,1,1,0.0,998,4,Baja,0,Mañana,Baja,Tarde,Bajo Riesgo
38197,2024,8,2,5,17,17152,1,1,C-260,42.3,4,5,3,9.0,0,0,1,1,0,0,1,1,1,0,0,0,0,0,0,0,0,0,0,0,0,0,0,0,0,0,0,0,0,0,0,0,2.0,8,2,1,0.0,998,4,Baja,0,Madrugada,Baja,Madrugada,Bajo Riesgo
38198,2024,8,2,5,17,17047,1,1,C-260,39.5,4,5,3,20.0,0,1,0,1,0,1,0,1,1,0,0,0,0,0,0,0,0,0,0,0,0,0,0,0,0,0,0,0,0,0,0,0,1.0,1,1,1,0.0,998,4,Baja,0,Madrugada,Baja,Madrugada,Bajo Riesgo
38199,2024,8,2,10,17,0,2,2,C-38,3.8,4,5,14,4.0,0,0,1,1,0,0,1,1,2,0,0,0,0,0,0,0,0,0,0,0,0,0,0,0,0,0,0,0,0,0,0,0,1.0,1,1,1,0.0,998,4,Baja,0,Mañana,Baja,Mañana,Bajo Riesgo
38200,2024,8,1,18,17,0,2,2,No inventariada,13.6,1,3,14,7.0,0,1,0,1,0,1,0,1,1,0,0,0,0,0,0,0,0,0,0,0,0,0,0,0,0,0,0,0,0,0,0,0,1.0,1,1,1,0.0,0,1,Baja,0,Tarde,Baja,Noche,Bajo Riesgo
38201,2024,8,2,17,17,17066,1,1,N-260,35.0,2,1,6,2.0,0,1,2,3,0,1,2,3,2,0,0,0,0,0,0,0,0,0,0,0,0,0,0,0,0,0,0,0,0,0,0,0,1.0,1,1,1,0.0,998,1,Baja,0,Tarde,Baja,Tarde,Bajo Riesgo
38202,2024,8,2,18,17,17047,1,1,C-260,38.2,4,5,3,4.0,0,0,2,2,0,0,2,2,2,0,0,0,0,0,0,0,0,0,0,0,0,0,0,0,0,0,0,0,0,0,0,0,1.0,1,1,1,0.0,998,4,Baja,0,Tarde,Baja,Noche,Bajo Riesgo
38203,2024,8,4,18,17,0,1,1,N-260z,81.3,4,5,6,9.0,0,0,1,1,0,0,1,1,1,0,0,0,0,0,0,0,0,0,0,0,0,0,0,0,0,0,0,0,0,0,0,0,2.0,8,1,1,0.0,998,4,Media,0,Tarde,Baja,Noche,Bajo Riesgo
38204,2024,8,3,8,17,17193,1,1,C-63,15.0,4,5,14,7.0,0,0,1,1,0,0,1,1,1,0,0,0,0,0,0,0,0,0,0,0,0,0,0,0,0,0,0,0,0,0,0,0,2.0,1,1,1,0.0,0,4,Baja,0,Mañana,Baja,Mañana,Bajo Riesgo
38205,2024,8,3,12,17,0,1,1,C-31,327.7,4,5,3,20.0,0,0,1,1,0,0,1,1,1,0,0,0,0,0,0,0,0,0,0,0,0,0,0,0,0,0,0,0,0,0,0,0,1.0,1,1,1,0.0,998,4,Muy Alta,0,Mañana,Baja,Tarde,Bajo Riesgo
38206,2024,8,3,16,17,0,3,2,No inventariada,13.6,4,5,14,6.0,0,0,1,1,0,0,1,1,1,0,0,0,0,0,0,0,0,0,0,0,0,0,0,0,0,0,0,0,0,0,0,0,1.0,1,1,1,0.0,0,998,Baja,0,Tarde,Baja,Tarde,Bajo Riesgo
38207,2024,8,2,13,17,17079,3,2,No inventariada,13.6,4,5,14,4.0,0,0,1,1,0,0,1,1,2,0,0,0,0,0,0,0,0,0,0,0,0,0,0,0,0,0,0,0,0,0,0,0,1.0,1,1,1,0.0,998,998,Baja,0,Tarde,Baja,Tarde,Bajo Riesgo
38208,2024,8,3,8,17,17079,3,2,No inventariada,13.6,4,5,14,3.0,0,0,2,2,0,0,2,2,3,0,0,0,0,0,0,0,0,0,0,0,0,0,0,0,0,0,0,0,0,0,0,0,2.0,1,1,1,0.0,998,998,Baja,0,Mañana,Baja,Mañana,Bajo Riesgo