ID_ACCIDENTE,ANYO,MES,DIA_SEMANA,HORA,COD_PROVINCIA,COD_MUNICIPIO,ZONA,ZONA_AGRUPADA,CARRETERA,KM,SENTIDO_1F,TITULARIDAD_VIA,TIPO_VIA,TIPO_ACCIDENTE,TOTAL_MU24H,TOTAL_HG24H,TOTAL_HL24H,TOTAL_VICTIMAS_24H,TOTAL_MU30DF,TOTAL_HG30DF,TOTAL_HL30DF,TOTAL_VICTIMAS_30DF,TOTAL_VEHICULOS,TOT_PEAT_MU24H,TOT_BICI_MU24H,TOT_CICLO_MU24H,TOT_MOTO_MU24H,TOT_TUR_MU24H,TOT_FURG_MU24H,TOT_CAM_MENOS3500_MU24H,TOT_CAM_MAS3500_MU24H,TOT_BUS_MU24H,TOT_OTRO_MU24H,TOT_SINESPECIF_MU24H,TOT_PEAT_MU30DF,TOT_BICI_MU30DF,TOT_CICLO_MU30DF,TOT_MOTO_MU30DF,TOT_TUR_MU30DF,TOT_FURG_MU30DF,TOT_CAM_MENOS3500_MU30DF,TOT_CAM_MAS3500_MU30DF,TOT_BUS_MU30DF,TOT_VMP_MU30DF,TOT_OTRO_MU30DF,TOT_SINESPECIF_MU30DF,NUDO,CONDICION_FIRME,CONDICION_ILUMINACION,CONDICION_METEO,CONDICION_NIEBLA,ACERA,TRAZADO_PLANTA,ZONA_KM,HAY_NIEBLA,TRAMO_HORA,gravedad_accidente,tramo_horario,zona_riesgo
40765,2024,10,1,12,19,0,1,1,CM-1004,5.0,2,2,6,14.0,0,0,1,1,0,0,1,1,1,0,0,0,0,0,0,0,0,0,0,0,0,0,0,0,0,0,0,0,0,0,0,0,2.0,1,1,1,0.0,998,1,Baja,0,Mañana,Baja,Tarde,Bajo Riesgo
40766,2024,11,6,10,19,0,1,1,GU-186,2.326,1,3,6,19.0,0,0,1,1,0,0,1,1,1,0,0,0,0,0,0,0,0,0,0,0,0,0,0,0,0,0,0,0,0,0,0,0,2.0,3,1,1,0.0,998,3,Baja,0,Mañana,Baja,Mañana,Bajo Riesgo
40767,2024,8,7,13,19,0,1,1,CM-210,72.3,2,2,6,1.0,0,1,0,1,0,1,0,1,2,0,0,0,0,0,0,0,0,0,0,0,0,0,0,0,0,0,0,0,0,0,0,0,2.0,1,1,1,0.0,998,2,Media,0,Tarde,Baja,Tarde,Bajo Riesgo
40768,2024,2,4,13,19,0,2,2,N-320,249.766,2,1,8,14.0,0,0,1,1,0,0,1,1,1,0,0,0,0,0,0,0,0,0,0,0,0,0,0,0,0,0,0,0,0,0,0,0,2.0,1,1,1,0.0,998,1,Muy Alta,0,Tarde,Baja,Tarde,Bajo Riesgo
40769,2024,8,1,21,19,0,1,1,GU-977,0.0,1,3,6,8.0,0,0,2,2,0,0,2,2,1,0,0,0,0,0,0,0,0,0,0,0,0,0,0,0,0,0,0,0,0,0,0,0,2.0,1,1,1,0.0,998,1,,0,Noche,Baja,Noche,Bajo Riesgo
40770,2024,11,5,10,19,0,1,1,CM-210,89.0,2,2,6,18.0,0,0,1,1,0,0,1,1,1,0,0,0,0,0,0,0,0,0,0,0,0,0,0,0,0,0,0,0,0,0,0,0,2.0,3,1,1,0.0,998,2,Media,0,Mañana,Baja,Mañana,Bajo Riesgo
40771,2024,3,6,16,19,0,1,1,CM-1001,45.444,1,2,6,19.0,0,0,1,1,0,0,1,1,1,0,0,0,0,0,0,0,0,0,0,0,0,0,0,0,0,0,0,0,0,0,0,0,2.0,2,1,1,0.0,998,2,Baja,0,Tarde,Baja,Tarde,Bajo Riesgo
40772,2024,6,7,22,19,0,1,1,A-2,73.0,1,1,3,10.0,0,0,1,1,0,0,1,1,1,0,0,0,0,0,0,0,0,0,0,0,0,0,0,0,0,0,0,0,0,0,0,0,2.0,1,6,1,0.0,998,1,Media,0,Noche,Baja,Noche,Bajo Riesgo
40773,2024,9,2,17,19,0,1,1,A-2,71.2,1,1,3,4.0,0,0,1,1,0,0,1,1,2,0,0,0,0,0,0,0,0,0,0,0,0,0,0,0,0,0,0,0,0,0,0,0,2.0,1,1,1,0.0,998,1,Media,0,Tarde,Baja,Tarde,Bajo Riesgo
40774,2024,11,3,6,19,0,1,1,GU-190,0.8,2,3,6,2.0,0,0,1,1,0,0,1,1,2,0,0,0,0,0,0,0,0,0,0,0,0,0,0,0,0,0,0,0,0,0,0,0,2.0,1,4,1,0.0,998,1,Baja,0,Madrugada,Baja,Mañana,Bajo Riesgo
40775,2024,12,2,11,19,0,1,1,A-2,69.725,2,1,7,19.0,0,0,1,1,0,0,1,1,1,0,0,0,0,0,0,0,0,0,0,0,0,0,0,0,0,0,0,0,0,0,0,0,2.0,1,1,1,0.0,998,1,Media,0,Mañana,Baja,Mañana,Bajo Riesgo
40776,2024,12,4,0,19,0,1,1,A-2,73.944,2,1,3,5.0,0,0,2,2,0,0,2,2,3,0,0,0,0,0,0,0,0,0,0,0,0,0,0,0,0,0,0,0,0,0,0,0,2.0,1,6,1,0.0,998,1,Media,0,,Baja,Madrugada,Bajo Riesgo
40777,2024,2,4,17,19,19280,3,2,No inventariada,13.6,4,4,9,2.0,0,0,2,2,0,0,2,2,2,0,0,0,0,0,0,0,0,0,0,0,0,0,0,0,0,0,0,0,0,0,0,0,1.0,1,1,1,0.0,998,998,Baja,0,Tarde,Baja,Tarde,Bajo Riesgo
40778,2024,2,2,15,19,19280,3,2,No inventariada,13.6,4,4,9,19.0,0,0,1,1,0,0,1,1,1,0,0,0,0,0,0,0,0,0,0,0,0,0,0,0,0,0,0,0,0,0,0,0,1.0,1,1,2,0.0,998,998,Baja,0,Tarde,Baja,Tarde,Bajo Riesgo
40779,2024,8,6,19,19,0,1,1,N-320,301.9,3,1,6,1.0,0,0,2,2,0,0,2,2,2,0,0,0,0,0,0,0,0,0,0,0,0,0,0,0,0,0,0,0,0,0,0,0,2.0,3,1,4,0.0,998,2,Muy Alta,0,Noche,Baja,Noche,Bajo Riesgo
40780,2024,11,5,9,19,19280,1,1,N-320,309.583,2,1,6,4.0,0,0,1,1,0,0,1,1,2,0,0,0,0,0,0,0,0,0,0,0,0,0,0,0,0,0,0,0,0,0,0,0,2.0,1,1,1,0.0,998,1,Muy Alta,0,Mañana,Baja,Mañana,Bajo Riesgo
40781,2024,11,1,1,19,19280,1,1,N-320,305.8,1,1,6,1.0,1,1,0,2,1,1,0,2,2,0,0,0,0,1,0,0,0,0,0,0,0,0,0,0,1,0,0,0,0,0,0,0,2.0,1,6,1,0.0,998,2,Muy Alta,0,Madrugada,Alta,Madrugada,Bajo Riesgo
40782,2024,3,7,19,19,0,1,1,GU-928,11.5,2,3,6,18.0,0,0,1,1,0,0,1,1,1,0,0,0,0,0,0,0,0,0,0,0,0,0,0,0,0,0,0,0,0,0,0,0,2.0,3,6,3,0.0,998,2,Baja,0,Noche,Baja,Noche,Bajo Riesgo
40783,2024,4,5,19,19,0,1,1,A-2,119.8,1,1,3,14.0,0,0,2,2,0,0,2,2,1,0,0,0,0,0,0,0,0,0,0,0,0,0,0,0,0,0,0,0,0,0,0,0,2.0,1,1,1,0.0,998,1,Alta,0,Noche,Baja,Noche,Bajo Riesgo
40784,2024,5,1,11,19,0,1,1,GU-928,9.546,2,3,6,15.0,0,0,1,1,0,0,1,1,1,0,0,0,0,0,0,0,0,0,0,0,0,0,0,0,0,0,0,0,0,0,0,0,2.0,1,1,1,0.0,998,2,Baja,0,Mañana,Baja,Mañana,Bajo Riesgo
40785,2024,6,6,18,19,0,1,1,GU-928,9.5,2,3,6,15.0,0,0,1,1,0,0,1,1,1,0,0,0,0,0,0,0,0,0,0,0,0,0,0,0,0,0,0,0,0,0,0,0,2.0,1,1,1,0.0,998,2,Baja,0,Tarde,Baja,Noche,Bajo Riesgo
40786,2024,11,6,11,19,0,1,1,GU-928,9.8,2,3,6,15.0,0,0,1,1,0,0,1,1,1,0,0,0,0,0,0,0,0,0,0,0,0,0,0,0,0,0,0,0,0,0,0,0,2.0,1,1,1,0.0,998,2,Baja,0,Mañana,Baja,Mañana,Bajo Riesgo
40787,2024,11,6,9,19,0,1,1,A-2,116.2,1,1,3,4.0,0,0,1,1,0,0,1,1,3,0,0,0,0,0,0,0,0,0,0,0,0,0,0,0,0,0,0,0,0,0,0,0,2.0,1,1,1,0.0,998,1,Alta,0,Mañana,Baja,Mañana,Bajo Riesgo
40788,2024,12,2,8,19,0,1,1,A-2,116.0,2,1,3,16.0,0,0,2,2,0,0,2,2,1,0,0,0,0,0,0,0,0,0,0,0,0,0,0,0,0,0,0,0,0,0,0,0,2.0,1,1,1,0.0,998,1,Alta,0,Mañana,Baja,Mañana,Bajo Riesgo
40789,2024,11,4,13,19,0,1,1,CM-2015,76.0,2,2,6,14.0,0,0,1,1,0,0,1,1,1,0,0,0,0,0,0,0,0,0,0,0,0,0,0,0,0,0,0,0,0,0,0,0,2.0,1,1,1,0.0,998,1,Media,0,Tarde,Baja,Tarde,Bajo Riesgo
40790,2024,4,6,17,19,0,1,1,CM-1003,3.4,3,2,6,3.0,0,0,2,2,0,0,2,2,2,0,0,0,0,0,0,0,0,0,0,0,0,0,0,0,0,0,0,0,0,0,0,0,2.0,1,1,1,0.0,998,1,Baja,0,Tarde,Baja,Tarde,Bajo Riesgo
40791,2024,8,4,13,19,0,1,1,CM-1003,7.547,1,2,6,19.0,0,0,2,2,0,0,2,2,1,0,0,0,0,0,0,0,0,0,0,0,0,0,0,0,0,0,0,0,0,0,0,0,2.0,1,1,1,0.0,998,1,Baja,0,Tarde,Baja,Tarde,Bajo Riesgo
40792,2024,11,2,17,19,0,1,1,CM-1003,4.018,1,2,6,18.0,0,0,1,1,0,0,1,1,1,0,0,0,0,0,0,0,0,0,0,0,0,0,0,0,0,0,0,0,0,0,0,0,2.0,1,1,1,0.0,998,1,Baja,0,Tarde,Baja,Tarde,Bajo Riesgo
40793,2024,1,2,11,19,0,3,2,No inventariada,13.6,4,4,9,10.0,0,0,1,1,0,0,1,1,1,0,0,0,0,0,0,0,0,0,0,0,0,0,0,0,0,0,0,0,0,0,0,0,2.0,2,1,1,0.0,998,998,Baja,0,Mañana,Baja,Mañana,Bajo Riesgo
40794,2024,5,3,16,19,0,3,2,No inventariada,13.6,4,4,9,2.0,0,0,1,1,0,0,1,1,2,0,0,0,0,0,0,0,0,0,0,0,0,0,0,0,0,0,0,0,0,0,0,0,1.0,1,6,1,0.0,998,998,Baja,0,Tarde,Baja,Tarde,Bajo Riesgo
40795,2024,8,7,17,19,0,1,1,A-2,81.0,1,1,3,3.0,0,0,1,1,0,0,1,1,2,0,0,0,0,0,0,0,0,0,0,0,0,0,0,0,0,0,0,0,0,0,0,0,2.0,1,1,1,0.0,998,1,Media,0,Tarde,Baja,Tarde,Bajo Riesgo
40796,2024,3,3,17,19,0,1,1,CM-2115,1.1,2,2,10,18.0,0,0,1,1,0,0,1,1,1,0,0,0,0,0,0,0,0,0,0,0,0,0,0,0,0,0,0,0,0,0,0,0,2.0,3,1,2,0.0,998,2,Baja,0,Tarde,Baja,Tarde,Bajo Riesgo
40797,2024,8,7,20,19,0,1,1,CM-2115,9.0,3,2,6,2.0,0,0,4,4,0,0,4,4,2,0,0,0,0,0,0,0,0,0,0,0,0,0,0,0,0,0,0,0,0,0,0,0,2.0,1,1,1,0.0,998,3,Baja,0,Noche,Media,Noche,Bajo Riesgo
40798,2024,2,7,10,19,0,1,1,CM-1002,39.4,2,2,6,16.0,1,0,0,1,1,0,0,1,1,0,0,0,1,0,0,0,0,0,0,0,0,0,0,1,0,0,0,0,0,0,0,0,2.0,1,1,1,0.0,998,1,Baja,0,Mañana,Alta,Mañana,Bajo Riesgo
40799,2024,2,6,12,19,0,1,1,GU-202,1.5,3,3,6,2.0,0,0,1,1,0,0,1,1,2,0,0,0,0,0,0,0,0,0,0,0,0,0,0,0,0,0,0,0,0,0,0,0,2.0,1,1,1,0.0,998,2,Baja,0,Mañana,Baja,Tarde,Bajo Riesgo
40800,2024,6,7,2,19,0,3,2,No inventariada,13.6,4,4,9,6.0,0,0,1,1,0,0,1,1,2,0,0,0,0,0,0,0,0,0,0,0,0,0,0,0,0,0,0,0,0,0,0,0,2.0,1,4,1,0.0,998,998,Baja,0,Madrugada,Baja,Madrugada,Bajo Riesgo
40801,2024,8,2,4,19,0,1,1,CM-1002,40.077,1,2,6,8.0,0,0,1,1,0,0,1,1,1,0,0,0,0,0,0,0,0,0,0,0,0,0,0,0,0,0,0,0,0,0,0,0,2.0,1,5,1,0.0,998,1,Baja,0,Madrugada,Baja,Madrugada,Bajo Riesgo
40802,2024,3,6,8,19,0,1,1,CM-2027,4.65,1,2,6,17.0,0,0,1,1,0,0,1,1,1,0,0,0,0,0,0,0,0,0,0,0,0,0,0,0,0,0,0,0,0,0,0,0,2.0,1,1,1,0.0,998,1,Baja,0,Mañana,Baja,Mañana,Bajo Riesgo
40803,2024,9,3,12,19,0,1,1,GU-205,9.771,1,3,6,19.0,0,0,1,1,0,0,1,1,1,0,0,0,0,0,0,0,0,0,0,0,0,0,0,0,0,0,0,0,0,0,0,0,2.0,1,1,1,0.0,998,2,Baja,0,Mañana,Baja,Tarde,Bajo Riesgo
40804,2024,10,5,12,19,0,1,1,GU-205,9.724,2,3,6,15.0,0,0,1,1,0,0,1,1,1,0,0,0,0,0,0,0,0,0,0,0,0,0,0,0,0,0,0,0,0,0,0,0,2.0,1,1,1,0.0,998,2,Baja,0,Mañana,Baja,Tarde,Bajo Riesgo
40805,2024,3,7,15,19,0,1,1,GU-102,8.171,1,3,6,12.0,0,0,1,1,0,0,1,1,1,0,0,0,0,0,0,0,0,0,0,0,0,0,0,0,0,0,0,0,0,0,0,0,2.0,1,1,1,0.0,998,2,Baja,0,Tarde,Baja,Tarde,Bajo Riesgo
40806,2024,5,1,17,19,0,1,1,N-320,299.5,2,1,6,4.0,0,0,1,1,0,0,1,1,3,0,0,0,0,0,0,0,0,0,0,0,0,0,0,0,0,0,0,0,0,0,0,0,2.0,1,1,1,0.0,998,1,Muy Alta,0,Tarde,Baja,Tarde,Bajo Riesgo
40807,2024,2,4,14,19,0,1,1,CM-2007,8.0,1,2,6,15.0,0,0,1,1,0,0,1,1,1,0,0,0,0,0,0,0,0,0,0,0,0,0,0,0,0,0,0,0,0,0,0,0,2.0,1,1,1,0.0,998,1,Baja,0,Tarde,Baja,Tarde,Bajo Riesgo
40808,2024,8,7,16,19,0,1,1,GU-907,3.303,1,3,6,14.0,0,0,1,1,0,0,1,1,1,0,0,0,0,0,0,0,0,0,0,0,0,0,0,0,0,0,0,0,0,0,0,0,2.0,1,1,1,0.0,998,1,Baja,0,Tarde,Baja,Tarde,Bajo Riesgo
40809,2024,11,7,14,19,0,3,2,No inventariada,13.6,4,4,13,10.0,0,0,1,1,0,0,1,1,1,0,0,0,0,0,0,0,0,0,0,0,0,0,0,0,0,0,0,0,0,0,0,0,2.0,1,1,1,0.0,998,998,Baja,0,Tarde,Baja,Tarde,Bajo Riesgo
40810,2024,10,6,17,19,0,1,1,GU-211,22.8,2,2,6,15.0,0,0,2,2,0,0,2,2,1,0,0,0,0,0,0,0,0,0,0,0,0,0,0,0,0,0,0,0,0,0,0,0,2.0,8,1,5,0.0,998,2,Baja,0,Tarde,Baja,Tarde,Bajo Riesgo
40811,2024,6,1,13,19,0,1,1,CM-2015,43.5,1,2,6,19.0,0,0,1,1,0,0,1,1,1,0,0,0,0,0,0,0,0,0,0,0,0,0,0,0,0,0,0,0,0,0,0,0,2.0,1,1,1,0.0,998,2,Baja,0,Tarde,Baja,Tarde,Bajo Riesgo
40812,2024,12,6,9,19,0,1,1,CM-2015,42.0,1,2,6,15.0,0,0,1,1,0,0,1,1,1,0,0,0,0,0,0,0,0,0,0,0,0,0,0,0,0,0,0,0,0,0,0,0,2.0,5,1,2,0.0,998,2,Baja,0,Mañana,Baja,Mañana,Bajo Riesgo
40813,2024,3,5,11,19,19319,3,2,No inventariada,13.6,4,4,9,12.0,0,0,1,1,0,0,1,1,1,0,0,0,0,0,0,0,0,0,0,0,0,0,0,0,0,0,0,0,0,0,0,0,2.0,3,1,3,0.0,998,998,Baja,0,Mañana,Baja,Mañana,Bajo Riesgo
40814,2024,11,1,15,19,19319,1,1,R-2,38.98,1,1,1,4.0,0,1,1,2,0,1,1,2,3,0,0,0,0,0,0,0,0,0,0,0,0,0,0,0,0,0,0,0,0,0,0,0,2.0,1,1,1,0.0,1,1,Baja,0,Tarde,Baja,Tarde,Bajo Riesgo
40815,2024,11,5,14,19,19319,3,2,No inventariada,13.6,4,4,9,7.0,0,0,1,1,0,0,1,1,2,0,0,0,0,0,0,0,0,0,0,0,0,0,0,0,0,0,0,0,0,0,0,0,2.0,1,1,1,0.0,1,998,Baja,0,Tarde,Baja,Tarde,Bajo Riesgo
40816,2024,10,1,15,19,0,2,2,GU-428,0.5,1,3,6,17.0,0,0,1,1,0,0,1,1,1,0,0,0,0,0,0,0,0,0,0,0,0,0,0,0,0,0,0,0,0,0,0,0,2.0,1,1,1,0.0,998,1,Baja,0,Tarde,Baja,Tarde,Bajo Riesgo
40817,2024,2,6,19,19,19326,1,1,GU-204,2.503,2,3,6,12.0,0,0,1,1,0,0,1,1,1,0,0,0,0,0,0,0,0,0,0,0,0,0,0,0,0,0,0,0,0,0,0,0,2.0,1,6,1,0.0,998,3,Baja,0,Noche,Baja,Noche,Bajo Riesgo
40818,2024,5,4,5,19,19130,1,1,N-320,268.5,1,1,6,8.0,0,0,1,1,0,0,1,1,1,0,0,0,0,0,0,0,0,0,0,0,0,0,0,0,0,0,0,0,0,0,0,0,2.0,1,6,1,0.0,998,2,Muy Alta,0,Madrugada,Baja,Madrugada,Bajo Riesgo
40819,2024,7,7,13,19,19326,1,1,GU-205,6.145,2,3,6,16.0,0,2,0,2,0,2,0,2,1,0,0,0,0,0,0,0,0,0,0,0,0,0,0,0,0,0,0,0,0,0,0,0,2.0,1,1,1,0.0,998,2,Baja,0,Tarde,Baja,Tarde,Bajo Riesgo
40820,2024,7,7,19,19,19326,3,2,No inventariada,13.6,4,4,9,7.0,0,0,1,1,0,0,1,1,1,0,0,0,0,0,0,0,0,0,0,0,0,0,0,0,0,0,0,0,0,0,0,0,2.0,1,1,1,0.0,4,998,Baja,0,Noche,Baja,Noche,Bajo Riesgo
40821,2024,8,2,14,19,0,1,1,N-320,265.582,2,1,6,2.0,0,0,1,1,0,0,1,1,2,0,0,0,0,0,0,0,0,0,0,0,0,0,0,0,0,0,0,0,0,0,0,0,2.0,1,1,1,0.0,998,1,Muy Alta,0,Tarde,Baja,Tarde,Bajo Riesgo
40822,2024,8,4,1,19,19326,3,2,No inventariada,13.6,4,4,9,10.0,0,0,1,1,0,0,1,1,2,0,0,0,0,0,0,0,0,0,0,0,0,0,0,0,0,0,0,0,0,0,0,0,2.0,1,4,1,0.0,998,998,Baja,0,Madrugada,Baja,Madrugada,Bajo Riesgo
40823,2024,8,1,14,19,0,1,1,CM-2001,19.5,1,2,6,14.0,0,0,1,1,0,0,1,1,1,0,0,0,0,0,0,0,0,0,0,0,0,0,0,0,0,0,0,0,0,0,0,0,2.0,1,1,1,0.0,998,1,Baja,0,Tarde,Baja,Tarde,Bajo Riesgo
40824,2024,9,3,8,19,0,1,1,CM-2001,11.9,2,2,6,18.0,0,0,1,1,0,0,1,1,1,0,0,0,0,0,0,0,0,0,0,0,0,0,0,0,0,0,0,0,0,0,0,0,2.0,1,1,2,0.0,998,2,Baja,0,Mañana,Baja,Mañana,Bajo Riesgo
40825,2024,3,7,12,19,0,1,1,CM-1006,3.1,2,2,6,16.0,0,0,1,1,0,0,1,1,1,0,0,0,0,0,0,0,0,0,0,0,0,0,0,0,0,0,0,0,0,0,0,0,2.0,1,1,1,0.0,998,2,Baja,0,Mañana,Baja,Tarde,Bajo Riesgo
40826,2024,1,1,12,20,20069,3,2,No inventariada,13.6,4,4,9,18.0,0,0,1,1,0,0,1,1,1,0,0,0,0,0,0,0,0,0,0,0,0,0,0,0,0,0,0,0,0,0,0,0,2.0,1,1,1,0.0,0,998,Baja,0,Mañana,Baja,Tarde,Bajo Riesgo
40827,2024,1,1,13,20,20069,3,2,No inventariada,13.6,4,4,9,4.0,0,0,1,1,0,0,1,1,2,0,0,0,0,0,0,0,0,0,0,0,0,0,0,0,0,0,0,0,0,0,0,0,2.0,1,1,1,0.0,998,998,Baja,0,Tarde,Baja,Tarde,Bajo Riesgo
40828,2024,1,1,21,20,20069,3,2,No inventariada,13.6,4,4,9,2.0,0,0,1,1,0,0,1,1,2,0,0,0,0,0,0,0,0,0,0,0,0,0,0,0,0,0,0,0,0,0,0,0,2.0,1,1,1,0.0,998,998,Baja,0,Noche,Baja,Noche,Bajo Riesgo
40829,2024,1,2,21,20,20069,3,2,No inventariada,13.6,4,4,9,2.0,0,0,1,1,0,0,1,1,2,0,0,0,0,0,0,0,0,0,0,0,0,0,0,0,0,0,0,0,0,0,0,0,2.0,1,1,1,0.0,998,998,Baja,0,Noche,Baja,Noche,Bajo Riesgo
40830,2024,1,4,3,20,20069,3,2,No inventariada,13.6,4,4,9,6.0,0,0,1,1,0,0,1,1,3,0,0,0,0,0,0,0,0,0,0,0,0,0,0,0,0,0,0,0,0,0,0,0,2.0,1,1,1,0.0,998,998,Baja,0,Madrugada,Baja,Madrugada,Bajo Riesgo
40831,2024,1,4,10,20,20069,3,2,No inventariada,13.6,4,4,9,3.0,0,0,1,1,0,0,1,1,2,0,0,0,0,0,0,0,0,0,0,0,0,0,0,0,0,0,0,0,0,0,0,0,2.0,1,1,1,0.0,998,998,Baja,0,Mañana,Baja,Mañana,Bajo Riesgo
40832,2024,1,4,14,20,20069,3,2,No inventariada,13.6,4,4,9,3.0,0,0,1,1,0,0,1,1,2,0,0,0,0,0,0,0,0,0,0,0,0,0,0,0,0,0,0,0,0,0,0,0,2.0,1,1,1,0.0,998,998,Baja,0,Tarde,Baja,Tarde,Bajo Riesgo
40833,2024,1,4,18,20,20069,3,2,No inventariada,13.6,4,4,9,4.0,0,0,1,1,0,0,1,1,3,0,0,0,0,0,0,0,0,0,0,0,0,0,0,0,0,0,0,0,0,0,0,0,2.0,1,1,1,0.0,998,998,Baja,0,Tarde,Baja,Noche,Bajo Riesgo
40834,2024,1,5,15,20,20069,3,2,No inventariada,13.6,4,4,9,4.0,0,0,1,1,0,0,1,1,2,0,0,0,0,0,0,0,0,0,0,0,0,0,0,0,0,0,0,0,0,0,0,0,2.0,1,1,1,0.0,998,998,Baja,0,Tarde,Baja,Tarde,Bajo Riesgo
40835,2024,1,1,18,20,20069,3,2,No inventariada,13.6,4,4,9,7.0,0,0,1,1,0,0,1,1,1,0,0,0,0,0,0,0,0,0,0,0,0,0,0,0,0,0,0,0,0,0,0,0,2.0,1,1,1,0.0,0,998,Baja,0,Tarde,Baja,Noche,Bajo Riesgo
40836,2024,1,1,18,20,20069,3,2,No inventariada,13.6,4,4,9,6.0,0,0,1,1,0,0,1,1,2,0,0,0,0,0,0,0,0,0,0,0,0,0,0,0,0,0,0,0,0,0,0,0,2.0,1,1,1,0.0,998,998,Baja,0,Tarde,Baja,Noche,Bajo Riesgo
40837,2024,1,1,18,20,20069,3,2,No inventariada,13.6,4,4,9,7.0,0,0,1,1,0,0,1,1,2,0,0,0,0,0,0,0,0,0,0,0,0,0,0,0,0,0,0,0,0,0,0,0,2.0,1,1,1,0.0,0,998,Baja,0,Tarde,Baja,Noche,Bajo Riesgo
40838,2024,1,2,7,20,20069,3,2,No inventariada,13.6,4,4,9,7.0,0,0,2,2,0,0,2,2,1,0,0,0,0,0,0,0,0,0,0,0,0,0,0,0,0,0,0,0,0,0,0,0,2.0,1,1,1,0.0,0,998,Baja,0,Mañana,Baja,Mañana,Bajo Riesgo
40839,2024,1,2,17,20,20069,3,2,No inventariada,13.6,4,4,9,2.0,0,0,1,1,0,0,1,1,2,0,0,0,0,0,0,0,0,0,0,0,0,0,0,0,0,0,0,0,0,0,0,0,2.0,1,1,1,0.0,998,998,Baja,0,Tarde,Baja,Tarde,Bajo Riesgo
40840,2024,1,2,18,20,20069,3,2,No inventariada,13.6,4,4,9,7.0,0,0,1,1,0,0,1,1,1,0,0,0,0,0,0,0,0,0,0,0,0,0,0,0,0,0,0,0,0,0,0,0,2.0,1,1,1,0.0,0,998,Baja,0,Tarde,Baja,Noche,Bajo Riesgo
40841,2024,1,3,9,20,20069,3,2,No inventariada,13.6,4,4,9,2.0,0,0,1,1,0,0,1,1,2,0,0,0,0,0,0,0,0,0,0,0,0,0,0,0,0,0,0,0,0,0,0,0,2.0,1,1,1,0.0,998,998,Baja,0,Mañana,Baja,Mañana,Bajo Riesgo
40842,2024,1,3,17,20,20069,3,2,No inventariada,13.6,4,4,9,20.0,0,0,1,1,0,0,1,1,1,0,0,0,0,0,0,0,0,0,0,0,0,0,0,0,0,0,0,0,0,0,0,0,2.0,1,1,1,0.0,998,998,Baja,0,Tarde,Baja,Tarde,Bajo Riesgo
40843,2024,1,4,18,20,20069,3,2,No inventariada,13.6,4,4,9,7.0,0,0,1,1,0,0,1,1,1,0,0,0,0,0,0,0,0,0,0,0,0,0,0,0,0,0,0,0,0,0,0,0,2.0,1,1,1,0.0,0,998,Baja,0,Tarde,Baja,Noche,Bajo Riesgo
40844,2024,1,5,9,20,20069,3,2,No inventariada,13.6,4,4,9,7.0,0,0,1,1,0,0,1,1,1,0,0,0,0,0,0,0,0,0,0,0,0,0,0,0,0,0,0,0,0,0,0,0,2.0,1,1,1,0.0,0,998,Baja,0,Mañana,Baja,Mañana,Bajo Riesgo
40845,2024,1,5,12,20,20069,3,2,No inventariada,13.6,4,4,9,2.0,0,0,1,1,0,0,1,1,2,0,0,0,0,0,0,0,0,0,0,0,0,0,0,0,0,0,0,0,0,0,0,0,2.0,1,1,1,0.0,998,998,Baja,0,Mañana,Baja,Tarde,Bajo Riesgo
40846,2024,1,6,12,20,20069,3,2,No inventariada,13.6,4,4,9,4.0,0,0,1,1,0,0,1,1,2,0,0,0,0,0,0,0,0,0,0,0,0,0,0,0,0,0,0,0,0,0,0,0,2.0,1,1,1,0.0,998,998,Baja,0,Mañana,Baja,Tarde,Bajo Riesgo
40847,2024,1,6,21,20,20069,3,2,No inventariada,13.6,4,4,9,7.0,0,0,1,1,0,0,1,1,1,0,0,0,0,0,0,0,0,0,0,0,0,0,0,0,0,0,0,0,0,0,0,0,2.0,1,1,1,0.0,0,998,Baja,0,Noche,Baja,Noche,Bajo Riesgo
40848,2024,1,7,10,20,20069,3,2,No inventariada,13.6,4,4,9,20.0,0,0,1,1,0,0,1,1,1,0,0,0,0,0,0,0,0,0,0,0,0,0,0,0,0,0,0,0,0,0,0,0,2.0,1,1,1,0.0,998,998,Baja,0,Mañana,Baja,Mañana,Bajo Riesgo
40849,2024,1,7,16,20,20069,3,2,No inventariada,13.6,4,4,9,9.0,0,0,1,1,0,0,1,1,1,0,0,0,0,0,0,0,0,0,0,0,0,0,0,0,0,0,0,0,0,0,0,0,2.0,1,1,1,0.0,998,998,Baja,0,Tarde,Baja,Tarde,Bajo Riesgo
40850,2024,1,2,11,20,20069,3,2,No inventariada,13.6,4,4,9,20.0,0,0,1,1,0,0,1,1,1,0,0,0,0,0,0,0,0,0,0,0,0,0,0,0,0,0,0,0,0,0,0,0,2.0,1,1,1,0.0,998,998,Baja,0,Mañana,Baja,Mañana,Bajo Riesgo
40851,2024,1,2,14,20,20069,3,2,No inventariada,13.6,4,4,9,20.0,0,0,1,1,0,0,1,1,1,0,0,0,0,0,0,0,0,0,0,0,0,0,0,0,0,0,0,0,0,0,0,0,2.0,1,1,1,0.0,998,998,Baja,0,Tarde,Baja,Tarde,Bajo Riesgo
40852,2024,1,2,22,20,20069,3,2,No inventariada,13.6,4,4,9,4.0,0,0,3,3,0,0,3,3,2,0,0,0,0,0,0,0,0,0,0,0,0,0,0,0,0,0,0,0,0,0,0,0,2.0,1,1,1,0.0,998,998,Baja,0,Noche,Media,Noche,Bajo Riesgo
40853,2024,1,3,12,20,20069,3,2,No inventariada,13.6,4,4,9,3.0,0,0,1,1,0,0,1,1,2,0,0,0,0,0,0,0,0,0,0,0,0,0,0,0,0,0,0,0,0,0,0,0,2.0,1,1,1,0.0,998,998,Baja,0,Mañana,Baja,Tarde,Bajo Riesgo