ID_ACCIDENTE,ANYO,MES,DIA_SEMANA,HORA,COD_PROVINCIA,COD_MUNICIPIO,ZONA,ZONA_AGRUPADA,CARRETERA,KM,SENTIDO_1F,TITULARIDAD_VIA,TIPO_VIA,TIPO_ACCIDENTE,TOTAL_MU24H,TOTAL_HG24H,TOTAL_HL24H,TOTAL_VICTIMAS_24H,TOTAL_MU30DF,TOTAL_HG30DF,TOTAL_HL30DF,TOTAL_VICTIMAS_30DF,TOTAL_VEHICULOS,TOT_PEAT_MU24H,TOT_BICI_MU24H,TOT_CICLO_MU24H,TOT_MOTO_MU24H,TOT_TUR_MU24H,TOT_FURG_MU24H,TOT_CAM_MENOS3500_MU24H,TOT_CAM_MAS3500_MU24H,TOT_BUS_MU24H,TOT_OTRO_MU24H,TOT_SINESPECIF_MU24H,TOT_PEAT_MU30DF,TOT_BICI_MU30DF,TOT_CICLO_MU30DF,TOT_MOTO_MU30DF,TOT_TUR_MU30DF,TOT_FURG_MU30DF,TOT_CAM_MENOS3500_MU30DF,TOT_CAM_MAS3500_MU30DF,TOT_BUS_MU30DF,TOT_VMP_MU30DF,TOT_OTRO_MU30DF,TOT_SINESPECIF_MU30DF,NUDO,CONDICION_FIRME,CONDICION_ILUMINACION,CONDICION_METEO,CONDICION_NIEBLA,ACERA,TRAZADO_PLANTA,ZONA_KM,HAY_NIEBLA,TRAMO_HORA,gravedad_accidente,tramo_horario,zona_riesgo
42097,2024,11,3,7,20,20045,1,1,GI-636,9.0,1,3,6,5.0,0,1,0,1,0,1,0,1,3,0,0,0,0,0,0,0,0,0,0,0,0,0,0,0,0,0,0,0,0,0,0,0,2.0,3,1,2,0.0,998,3,Baja,0,Mañana,Baja,Mañana,Bajo Riesgo
42098,2024,11,3,14,20,20063,1,1,GI-2134,2.0,2,3,14,16.0,0,0,1,1,0,0,1,1,1,0,0,0,0,0,0,0,0,0,0,0,0,0,0,0,0,0,0,0,0,0,0,0,2.0,1,1,1,0.0,998,2,Baja,0,Tarde,Baja,Tarde,Bajo Riesgo
42099,2024,10,7,12,20,20080,1,1,GI-631,33.0,2,3,14,12.0,0,1,0,1,0,1,0,1,1,0,0,0,0,0,0,0,0,0,0,0,0,0,0,0,0,0,0,0,0,0,0,0,2.0,3,1,2,0.0,998,2,Baja,0,Mañana,Baja,Tarde,Bajo Riesgo
42100,2024,11,1,15,20,0,3,2,No inventariada,0.0,4,4,9,10.0,0,0,1,1,0,0,1,1,1,0,0,0,0,0,0,0,0,0,0,0,0,0,0,0,0,0,0,0,0,0,0,0,1.0,1,1,1,0.0,998,998,,0,Tarde,Baja,Tarde,Bajo Riesgo
42101,2024,11,4,8,20,20073,1,1,N-634,0.0,1,5,6,4.0,0,0,1,1,0,0,1,1,2,0,0,0,0,0,0,0,0,0,0,0,0,0,0,0,0,0,0,0,0,0,0,0,1.0,1,1,1,0.0,998,1,,0,Mañana,Baja,Mañana,Bajo Riesgo
42102,2024,11,4,8,20,0,1,1,GI-631,5.0,2,3,6,4.0,0,0,1,1,0,0,1,1,3,0,0,0,0,0,0,0,0,0,0,0,0,0,0,0,0,0,0,0,0,0,0,0,2.0,1,1,1,0.0,998,1,Baja,0,Mañana,Baja,Mañana,Bajo Riesgo
42103,2024,10,2,16,20,0,1,1,GI-2632,3.0,1,3,14,16.0,0,0,1,1,0,0,1,1,2,0,0,0,0,0,0,0,0,0,0,0,0,0,0,0,0,0,0,0,0,0,0,0,2.0,1,1,1,0.0,998,1,Baja,0,Tarde,Baja,Tarde,Bajo Riesgo
42104,2024,11,2,12,20,0,1,1,GI-3071,1.0,1,3,6,16.0,0,0,1,1,0,0,1,1,2,0,0,0,0,0,0,0,0,0,0,0,0,0,0,0,0,0,0,0,0,0,0,0,2.0,3,1,1,0.0,998,2,Baja,0,Mañana,Baja,Tarde,Bajo Riesgo
42105,2024,11,5,21,20,0,1,1,AP-1,119.0,2,2,1,4.0,0,0,1,1,0,0,1,1,3,0,0,0,0,0,0,0,0,0,0,0,0,0,0,0,0,0,0,0,0,0,0,0,2.0,1,4,1,0.0,998,1,Alta,0,Noche,Baja,Noche,Bajo Riesgo
42106,2024,11,1,6,20,0,1,1,N-634,30.0,1,5,14,16.0,0,0,1,1,0,0,1,1,1,0,0,0,0,0,0,0,0,0,0,0,0,0,0,0,0,0,0,0,0,0,0,0,2.0,3,4,3,0.0,998,3,Baja,0,Madrugada,Baja,Mañana,Bajo Riesgo
42107,2024,11,1,9,20,20040,1,1,AP-8,22.0,2,2,2,4.0,0,0,2,2,0,0,2,2,3,0,0,0,0,0,0,0,0,0,0,0,0,0,0,0,0,0,0,0,0,0,0,0,2.0,1,1,1,0.0,998,1,Baja,0,Mañana,Baja,Mañana,Bajo Riesgo
42108,2024,11,5,13,20,20036,1,1,GI-636,12.0,1,3,6,20.0,0,0,1,1,0,0,1,1,1,0,0,0,0,0,0,0,0,0,0,0,0,0,0,0,0,0,0,0,0,0,0,0,1.0,3,1,2,0.0,998,1,Baja,0,Tarde,Baja,Tarde,Bajo Riesgo
42109,2024,11,4,19,20,0,1,1,GI-631,1.0,1,3,6,8.0,0,0,2,2,0,0,2,2,2,0,0,0,0,0,0,0,0,0,0,0,0,0,0,0,0,0,0,0,0,0,0,0,1.0,1,5,1,0.0,998,1,Baja,0,Noche,Baja,Noche,Bajo Riesgo
42110,2024,12,1,19,20,20063,1,1,GI-2132,15.0,1,3,5,4.0,0,0,2,2,0,0,2,2,2,0,0,0,0,0,0,0,0,0,0,0,0,0,0,0,0,0,0,0,0,0,0,0,2.0,3,6,3,0.0,998,1,Baja,0,Noche,Baja,Noche,Bajo Riesgo
42111,2024,10,3,16,20,0,1,1,GI-3162,1.0,3,3,6,2.0,0,0,1,1,0,0,1,1,2,0,0,0,0,0,0,0,0,0,0,0,0,0,0,0,0,0,0,0,0,0,0,0,2.0,3,1,4,0.0,998,3,Baja,0,Tarde,Baja,Tarde,Bajo Riesgo
42112,2024,11,6,12,20,20040,1,1,GI-3410,0.0,2,3,14,6.0,0,1,0,1,0,1,0,1,1,0,0,0,0,0,0,0,0,0,0,0,0,0,0,0,0,0,0,0,0,0,0,0,1.0,8,1,1,0.0,998,2,,0,Mañana,Baja,Tarde,Bajo Riesgo
42113,2024,12,1,17,20,20069,1,1,GI-41,1.0,1,3,3,4.0,0,0,1,1,0,0,1,1,3,0,0,0,0,0,0,0,0,0,0,0,0,0,0,0,0,0,0,0,0,0,0,0,2.0,3,4,3,0.0,998,1,Baja,0,Tarde,Baja,Tarde,Bajo Riesgo
42114,2024,11,4,8,20,0,1,1,GI-3710,0.0,1,3,5,19.0,0,0,1,1,0,0,1,1,1,0,0,0,0,0,0,0,0,0,0,0,0,0,0,0,0,0,0,0,0,0,0,0,1.0,3,1,2,0.0,998,3,,0,Mañana,Baja,Mañana,Bajo Riesgo
42115,2024,12,2,10,20,20069,1,1,GI-20,12.0,1,3,5,12.0,0,0,1,1,0,0,1,1,1,0,0,0,0,0,0,0,0,0,0,0,0,0,0,0,0,0,0,0,0,0,0,0,2.0,3,1,2,0.0,998,3,Baja,0,Mañana,Baja,Mañana,Bajo Riesgo
42116,2024,12,3,7,20,20069,1,1,GI-41,0.0,2,3,8,3.0,0,0,2,2,0,0,2,2,4,0,0,0,0,0,0,0,0,0,0,0,0,0,0,0,0,0,0,0,0,0,0,0,2.0,3,1,2,0.0,998,1,,0,Mañana,Baja,Mañana,Bajo Riesgo
42117,2024,12,3,8,20,20073,1,1,AP-8,29.0,2,2,1,16.0,0,0,1,1,0,0,1,1,1,0,0,0,0,0,0,0,0,0,0,0,0,0,0,0,0,0,0,0,0,0,0,0,2.0,3,2,1,0.0,998,4,Baja,0,Mañana,Baja,Mañana,Bajo Riesgo
42118,2024,11,5,22,20,20063,1,1,GI-3631,1.0,1,3,14,9.0,0,0,1,1,0,0,1,1,1,0,0,0,0,0,0,0,0,0,0,0,0,0,0,0,0,0,0,0,0,0,0,0,2.0,3,6,3,0.0,998,2,Baja,0,Noche,Baja,Noche,Bajo Riesgo
42119,2024,11,3,11,20,0,1,1,AP-8,43.0,2,2,1,3.0,0,0,1,1,0,0,1,1,2,0,0,0,0,0,0,0,0,0,0,0,0,0,0,0,0,0,0,0,0,0,0,0,2.0,1,1,1,0.0,998,1,Baja,0,Mañana,Baja,Mañana,Bajo Riesgo
42120,2024,11,4,16,20,0,1,1,N-634,23.0,2,5,14,18.0,0,0,1,1,0,0,1,1,1,0,0,0,0,0,0,0,0,0,0,0,0,0,0,0,0,0,0,0,0,0,0,0,2.0,3,1,2,0.0,998,2,Baja,0,Tarde,Baja,Tarde,Bajo Riesgo
42121,2024,11,1,9,20,20029,1,1,N-634,33.0,2,5,14,19.0,0,0,1,1,0,0,1,1,1,0,0,0,0,0,0,0,0,0,0,0,0,0,0,0,0,0,0,0,0,0,0,0,2.0,3,1,3,0.0,998,2,Baja,0,Mañana,Baja,Mañana,Bajo Riesgo
42122,2024,12,1,10,20,20045,1,1,GI-636-H,0.0,1,3,5,10.0,0,0,1,1,0,0,1,1,1,0,0,0,0,0,0,0,0,0,0,0,0,0,0,0,0,0,0,0,0,0,0,0,1.0,3,1,4,0.0,998,2,,0,Mañana,Baja,Mañana,Bajo Riesgo
42123,2024,10,4,15,20,20903,1,1,AP-8,17.0,1,2,1,12.0,0,0,2,2,0,0,2,2,11,0,0,0,0,0,0,0,0,0,0,0,0,0,0,0,0,0,0,0,0,0,0,0,2.0,3,1,4,0.0,998,3,Baja,0,Tarde,Baja,Tarde,Bajo Riesgo
42124,2024,12,2,17,20,20051,1,1,GI-2630,8.0,3,3,6,1.0,0,0,1,1,0,0,1,1,2,0,0,0,0,0,0,0,0,0,0,0,0,0,0,0,0,0,0,0,0,0,0,0,2.0,3,2,3,0.0,998,2,Baja,0,Tarde,Baja,Tarde,Bajo Riesgo
42125,2024,12,3,19,20,20053,1,1,GI-2638,0.0,1,3,14,4.0,0,0,1,1,0,0,1,1,2,0,0,0,0,0,0,0,0,0,0,0,0,0,0,0,0,0,0,0,0,0,0,0,2.0,1,4,1,0.0,998,1,,0,Noche,Baja,Noche,Bajo Riesgo
42126,2024,11,3,15,20,20069,1,1,GI-20,7.0,1,3,6,12.0,0,0,3,3,0,0,3,3,2,0,0,0,0,0,0,0,0,0,0,0,0,0,0,0,0,0,0,0,0,0,0,0,2.0,3,1,4,0.0,998,1,Baja,0,Tarde,Media,Tarde,Bajo Riesgo
42127,2024,12,2,9,20,0,1,1,AP-8,62.0,1,2,1,16.0,0,0,1,1,0,0,1,1,1,0,0,0,0,0,0,0,0,0,0,0,0,0,0,0,0,0,0,0,0,0,0,0,2.0,3,1,3,0.0,998,2,Media,0,Mañana,Baja,Mañana,Bajo Riesgo
42128,2024,12,6,22,20,20069,1,1,GI-20,4.0,2,3,5,12.0,0,0,1,1,0,0,1,1,1,0,0,0,0,0,0,0,0,0,0,0,0,0,0,0,0,0,0,0,0,0,0,0,2.0,3,4,3,0.0,998,2,Baja,0,Noche,Baja,Noche,Bajo Riesgo
42129,2024,11,4,19,20,0,2,2,GI-3630,0.0,2,3,6,7.0,0,0,2,2,0,0,2,2,1,0,0,0,0,0,0,0,0,0,0,0,0,0,0,0,0,0,0,0,0,0,0,0,1.0,3,4,3,0.0,4,3,,0,Noche,Baja,Noche,Bajo Riesgo
42130,2024,12,5,7,20,20036,1,1,GI-636,11.0,2,3,6,20.0,0,0,1,1,0,0,1,1,1,0,0,0,0,0,0,0,0,0,0,0,0,0,0,0,0,0,0,0,0,0,0,0,2.0,3,6,2,0.0,998,1,Baja,0,Mañana,Baja,Mañana,Bajo Riesgo
42131,2024,12,6,21,20,20069,1,1,GI-636-1,1.0,1,3,8,20.0,0,0,1,1,0,0,1,1,1,0,0,0,0,0,0,0,0,0,0,0,0,0,0,0,0,0,0,0,0,0,0,0,1.0,3,6,3,0.0,998,2,Baja,0,Noche,Baja,Noche,Bajo Riesgo
42132,2024,12,6,21,20,20069,1,1,GI-41,1.0,1,3,3,2.0,0,0,2,2,0,0,2,2,2,0,0,0,0,0,0,0,0,0,0,0,0,0,0,0,0,0,0,0,0,0,0,0,1.0,3,4,4,0.0,998,1,Baja,0,Noche,Baja,Noche,Bajo Riesgo
42133,2024,12,2,16,20,20017,1,1,GI-631,19.0,3,3,14,1.0,0,0,2,2,0,0,2,2,2,0,0,0,0,0,0,0,0,0,0,0,0,0,0,0,0,0,0,0,0,0,0,0,2.0,3,2,3,0.0,998,2,Baja,0,Tarde,Baja,Tarde,Bajo Riesgo
42134,2024,12,3,13,20,20032,1,1,GI-2636,2.0,3,3,5,1.0,0,0,1,1,0,0,1,1,2,0,0,0,0,0,0,0,0,0,0,0,0,0,0,0,0,0,0,0,0,0,0,0,2.0,3,1,1,0.0,998,2,Baja,0,Tarde,Baja,Tarde,Bajo Riesgo
42135,2024,10,2,10,20,0,1,1,GI-3572,0.0,1,3,6,3.0,0,0,1,1,0,0,1,1,2,0,0,0,0,0,0,0,0,0,0,0,0,0,0,0,0,0,0,0,0,0,0,0,2.0,8,1,1,0.0,998,3,,0,Mañana,Baja,Mañana,Bajo Riesgo
42136,2024,12,7,15,20,20071,1,1,N-1,434.0,1,5,3,15.0,0,0,1,1,0,0,1,1,1,0,0,0,0,0,0,0,0,0,0,0,0,0,0,0,0,0,0,0,0,0,0,0,2.0,3,1,4,0.0,998,3,Muy Alta,0,Tarde,Baja,Tarde,Bajo Riesgo
42137,2024,11,7,11,20,0,3,2,No inventariada,0.0,4,4,9,10.0,0,0,1,1,0,0,1,1,1,0,0,0,0,0,0,0,0,0,0,0,0,0,0,0,0,0,0,0,0,0,0,0,1.0,1,1,1,0.0,998,998,,0,Mañana,Baja,Mañana,Bajo Riesgo
42138,2024,12,1,12,20,20018,1,1,GI-3181,2.0,1,3,6,2.0,0,1,0,1,0,1,0,1,2,0,0,0,0,0,0,0,0,0,0,0,0,0,0,0,0,0,0,0,0,0,0,0,2.0,3,1,3,0.0,998,2,Baja,0,Mañana,Baja,Tarde,Bajo Riesgo
42139,2024,12,2,8,20,20032,1,1,GI-2634,35.0,1,3,6,12.0,0,0,2,2,0,0,2,2,2,0,0,0,0,0,0,0,0,0,0,0,0,0,0,0,0,0,0,0,0,0,0,0,2.0,3,5,3,0.0,998,3,Baja,0,Mañana,Baja,Mañana,Bajo Riesgo
42140,2024,12,4,7,20,20032,1,1,N-634,55.0,1,5,5,4.0,0,0,1,1,0,0,1,1,2,0,0,0,0,0,0,0,0,0,0,0,0,0,0,0,0,0,0,0,0,0,0,0,2.0,1,1,1,0.0,998,1,Media,0,Mañana,Baja,Mañana,Bajo Riesgo
42141,2024,12,6,23,20,20032,1,1,AP-8,69.0,1,2,1,6.0,0,0,2,2,0,0,2,2,1,0,0,0,0,0,0,0,0,0,0,0,0,0,0,0,0,0,0,0,0,0,0,0,1.0,3,5,4,0.0,998,1,Media,0,Noche,Baja,Noche,Bajo Riesgo
42142,2024,12,7,10,20,20074,1,1,AP-1,133.0,2,2,1,12.0,0,0,4,4,0,0,4,4,1,0,0,0,0,0,0,0,0,0,0,0,0,0,0,0,0,0,0,0,0,0,0,0,2.0,3,1,4,0.0,998,1,Alta,0,Mañana,Media,Mañana,Bajo Riesgo
42143,2024,12,3,10,20,20032,1,1,N-634,55.0,2,5,6,6.0,0,1,0,1,0,1,0,1,1,0,0,0,0,0,0,0,0,0,0,0,0,0,0,0,0,0,0,0,0,0,0,0,1.0,1,1,1,0.0,998,4,Media,0,Mañana,Baja,Mañana,Bajo Riesgo
42144,2024,11,7,19,20,20056,3,2,No inventariada,0.0,4,4,9,2.0,0,0,1,1,0,0,1,1,2,0,0,0,0,0,0,0,0,0,0,0,0,0,0,0,0,0,0,0,0,0,0,0,1.0,1,4,1,0.0,998,998,,0,Noche,Baja,Noche,Bajo Riesgo
42145,2024,12,5,17,20,20055,1,1,GI-3552,0.0,3,3,6,2.0,0,0,2,2,0,0,2,2,3,0,0,0,0,0,0,0,0,0,0,0,0,0,0,0,0,0,0,0,0,0,0,0,2.0,1,2,1,0.0,998,1,,0,Tarde,Baja,Tarde,Bajo Riesgo
42146,2024,12,1,9,20,20013,1,1,AP-1,124.0,2,2,1,12.0,0,0,4,4,0,0,4,4,1,0,0,0,0,0,0,0,0,0,0,0,0,0,0,0,0,0,0,0,0,0,0,0,2.0,1,4,1,1.0,998,1,Alta,1,Mañana,Media,Mañana,Bajo Riesgo
42147,2024,12,1,22,20,20013,1,1,GI-627,31.0,3,3,6,4.0,0,0,1,1,0,0,1,1,2,0,0,0,0,0,0,0,0,0,0,0,0,0,0,0,0,0,0,0,0,0,0,0,2.0,1,6,1,0.0,998,1,Baja,0,Noche,Baja,Noche,Bajo Riesgo
42148,2024,12,5,17,20,20063,1,1,GI-636,4.0,1,3,8,4.0,0,0,3,3,0,0,3,3,2,0,0,0,0,0,0,0,0,0,0,0,0,0,0,0,0,0,0,0,0,0,0,0,2.0,3,3,3,0.0,998,1,Baja,0,Tarde,Media,Tarde,Bajo Riesgo
42149,2024,12,4,13,20,20040,1,1,A-15,166.0,1,3,3,9.0,0,0,1,1,0,0,1,1,2,0,0,0,0,0,0,0,0,0,0,0,0,0,0,0,0,0,0,0,0,0,0,0,2.0,3,1,4,0.0,998,3,Alta,0,Tarde,Baja,Tarde,Bajo Riesgo
42150,2024,12,4,21,20,20019,3,2,No inventariada,0.0,4,5,14,7.0,0,0,2,2,0,0,2,2,1,0,0,0,0,0,0,0,0,0,0,0,0,0,0,0,0,0,0,0,0,0,0,0,2.0,3,4,3,0.0,4,998,,0,Noche,Baja,Noche,Bajo Riesgo
42151,2024,12,5,7,20,20029,1,1,AP-8,51.0,2,2,1,16.0,0,0,1,1,0,0,1,1,1,0,0,0,0,0,0,0,0,0,0,0,0,0,0,0,0,0,0,0,0,0,0,0,2.0,3,2,4,0.0,998,1,Media,0,Mañana,Baja,Mañana,Bajo Riesgo
42152,2024,12,5,10,20,20074,1,1,AP-1,141.0,2,2,1,4.0,0,0,2,2,0,0,2,2,2,0,0,0,0,0,0,0,0,0,0,0,0,0,0,0,0,0,0,0,0,0,0,0,2.0,8,4,3,0.0,998,1,Alta,0,Mañana,Baja,Mañana,Bajo Riesgo
42153,2024,12,6,18,20,20902,1,1,N-1,452.0,1,5,3,12.0,0,0,1,1,0,0,1,1,1,0,0,0,0,0,0,0,0,0,0,0,0,0,0,0,0,0,0,0,0,0,0,0,2.0,3,4,3,0.0,998,2,Muy Alta,0,Tarde,Baja,Noche,Bajo Riesgo
42154,2024,12,6,19,20,20069,1,1,N-1,451.0,1,5,5,4.0,0,0,2,2,0,0,2,2,2,0,0,0,0,0,0,0,0,0,0,0,0,0,0,0,0,0,0,0,0,0,0,0,2.0,3,4,2,0.0,998,1,Muy Alta,0,Noche,Baja,Noche,Bajo Riesgo
42155,2024,12,7,21,20,0,1,1,AP-8,63.0,2,2,1,12.0,0,0,1,1,0,0,1,1,1,0,0,0,0,0,0,0,0,0,0,0,0,0,0,0,0,0,0,0,0,0,0,0,2.0,3,6,3,0.0,998,2,Media,0,Noche,Baja,Noche,Bajo Riesgo
42156,2024,12,1,18,20,20018,1,1,GI-631,15.0,1,3,14,4.0,0,0,1,1,0,0,1,1,2,0,0,0,0,0,0,0,0,0,0,0,0,0,0,0,0,0,0,0,0,0,0,0,2.0,3,5,1,0.0,998,1,Baja,0,Tarde,Baja,Noche,Bajo Riesgo
42157,2024,12,3,13,20,20045,1,1,AP-8,7.0,1,2,1,1.0,0,0,1,1,0,0,1,1,2,0,0,0,0,0,0,0,0,0,0,0,0,0,0,0,0,0,0,0,0,0,0,0,1.0,1,1,1,0.0,998,1,Baja,0,Tarde,Baja,Tarde,Bajo Riesgo
42158,2024,12,2,18,20,20018,2,2,GI-631,15.0,1,3,6,4.0,0,0,1,1,0,0,1,1,2,0,0,0,0,0,0,0,0,0,0,0,0,0,0,0,0,0,0,0,0,0,0,0,2.0,3,4,4,0.0,998,1,Baja,0,Tarde,Baja,Noche,Bajo Riesgo
42159,2024,12,2,18,20,20019,1,1,N-1,418.0,1,5,5,2.0,0,0,4,4,0,0,4,4,3,0,0,0,0,0,0,0,0,0,0,0,0,0,0,0,0,0,0,0,0,0,0,0,1.0,1,4,1,0.0,998,3,Muy Alta,0,Tarde,Media,Noche,Bajo Riesgo
42160,2024,12,2,14,20,20073,1,1,N-634,2.0,1,5,14,4.0,0,0,1,1,0,0,1,1,2,0,0,0,0,0,0,0,0,0,0,0,0,0,0,0,0,0,0,0,0,0,0,0,2.0,1,1,1,0.0,998,1,Baja,0,Tarde,Baja,Tarde,Bajo Riesgo
42161,2024,12,2,14,20,20069,1,1,GI-20,5.0,1,3,5,4.0,0,0,1,1,0,0,1,1,2,0,0,0,0,0,0,0,0,0,0,0,0,0,0,0,0,0,0,0,0,0,0,0,1.0,1,1,1,0.0,998,1,Baja,0,Tarde,Baja,Tarde,Bajo Riesgo
42162,2024,9,6,11,20,20061,1,1,N-634,12.0,2,5,14,20.0,0,0,1,1,0,0,1,1,1,0,0,0,0,0,0,0,0,0,0,0,0,0,0,0,0,0,0,0,0,0,0,0,2.0,1,1,1,0.0,998,1,Baja,0,Mañana,Baja,Mañana,Bajo Riesgo
42163,2024,12,4,12,20,20009,1,1,A-15,160.0,2,3,3,4.0,0,0,2,2,0,0,2,2,2,0,0,0,0,0,0,0,0,0,0,0,0,0,0,0,0,0,0,0,0,0,0,0,2.0,1,1,1,0.0,998,1,Alta,0,Mañana,Baja,Tarde,Bajo Riesgo
42164,2024,12,1,0,20,20053,1,1,GI-636,7.0,2,3,6,15.0,0,1,0,1,0,1,0,1,1,0,0,0,0,0,0,0,0,0,0,0,0,0,0,0,0,0,0,0,0,0,0,0,1.0,1,4,1,0.0,998,2,Baja,0,,Baja,Madrugada,Bajo Riesgo
42165,2024,12,1,10,20,20069,1,1,GI-20,4.0,1,3,3,4.0,0,0,1,1,0,0,1,1,2,0,0,0,0,0,0,0,0,0,0,0,0,0,0,0,0,0,0,0,0,0,0,0,2.0,3,1,2,0.0,998,1,Baja,0,Mañana,Baja,Mañana,Bajo Riesgo
42166,2024,12,2,11,20,20045,3,2,No inventariada,0.0,4,5,11,2.0,0,0,1,1,0,0,1,1,2,0,0,0,0,0,0,0,0,0,0,0,0,0,0,0,0,0,0,0,0,0,0,0,1.0,3,1,3,0.0,998,998,,0,Mañana,Baja,Mañana,Bajo Riesgo
42167,2024,12,2,12,20,20902,1,1,GI-11,0.0,1,3,3,12.0,0,0,1,1,0,0,1,1,1,0,0,0,0,0,0,0,0,0,0,0,0,0,0,0,0,0,0,0,0,0,0,0,2.0,3,1,3,0.0,998,3,,0,Mañana,Baja,Tarde,Bajo Riesgo
42168,2024,12,3,12,20,20040,1,1,A-15,166.0,1,3,3,12.0,0,0,1,1,0,0,1,1,1,0,0,0,0,0,0,0,0,0,0,0,0,0,0,0,0,0,0,0,0,0,0,0,2.0,3,1,2,0.0,998,2,Alta,0,Mañana,Baja,Tarde,Bajo Riesgo
42169,2024,12,4,10,20,20045,1,1,GI-636,17.0,2,3,5,4.0,0,0,1,1,0,0,1,1,2,0,0,0,0,0,0,0,0,0,0,0,0,0,0,0,0,0,0,0,0,0,0,0,2.0,1,1,2,0.0,998,1,Baja,0,Mañana,Baja,Mañana,Bajo Riesgo
42170,2024,12,7,10,20,20045,1,1,N-121-A,73.0,1,5,6,20.0,0,1,0,1,0,1,0,1,1,0,0,0,0,0,0,0,0,0,0,0,0,0,0,0,0,0,0,0,0,0,0,0,2.0,1,1,1,0.0,998,3,Media,0,Mañana,Baja,Mañana,Bajo Riesgo
42171,2024,11,2,10,20,20040,3,2,No inventariada,0.0,4,5,14,2.0,0,1,0,1,0,1,0,1,2,0,0,0,0,0,0,0,0,0,0,0,0,0,0,0,0,0,0,0,0,0,0,0,1.0,1,1,1,0.0,998,998,,0,Mañana,Baja,Mañana,Bajo Riesgo
42172,2024,12,6,5,20,0,1,1,N-1,415.0,2,5,3,16.0,0,0,3,3,0,0,3,3,1,0,0,0,0,0,0,0,0,0,0,0,0,0,0,0,0,0,0,0,0,0,0,0,1.0,3,6,3,0.0,998,2,Muy Alta,0,Madrugada,Media,Madrugada,Bajo Riesgo
42173,2024,12,1,17,20,20036,1,1,GI-636,13.0,1,3,6,4.0,0,0,1,1,0,0,1,1,2,0,0,0,0,0,0,0,0,0,0,0,0,0,0,0,0,0,0,0,0,0,0,0,2.0,1,1,1,0.0,998,1,Baja,0,Tarde,Baja,Tarde,Bajo Riesgo
42174,2024,12,4,11,20,20045,1,1,GI-636,13.0,1,3,6,2.0,0,0,1,1,0,0,1,1,2,0,0,0,0,0,0,0,0,0,0,0,0,0,0,0,0,0,0,0,0,0,0,0,1.0,1,1,1,0.0,998,3,Baja,0,Mañana,Baja,Mañana,Bajo Riesgo
42175,2024,12,7,2,20,20067,1,1,AP-8,13.0,2,2,1,12.0,0,0,1,1,0,0,1,1,2,0,0,0,0,0,0,0,0,0,0,0,0,0,0,0,0,0,0,0,0,0,0,0,2.0,3,4,3,0.0,998,1,Baja,0,Madrugada,Baja,Madrugada,Bajo Riesgo
42176,2024,12,6,20,20,20040,1,1,A-15,166.0,2,3,3,18.0,0,0,1,1,0,0,1,1,1,0,0,0,0,0,0,0,0,0,0,0,0,0,0,0,0,0,0,0,0,0,0,0,1.0,3,4,2,0.0,998,2,Alta,0,Noche,Baja,Noche,Bajo Riesgo
42177,2024,12,1,15,20,20071,1,1,N-1,432.0,1,5,5,12.0,0,0,1,1,0,0,1,1,1,0,0,0,0,0,0,0,0,0,0,0,0,0,0,0,0,0,0,0,0,0,0,0,2.0,1,1,1,0.0,998,2,Muy Alta,0,Tarde,Baja,Tarde,Bajo Riesgo
42178,2024,12,1,17,20,0,3,2,No inventariada,0.0,4,5,14,14.0,0,0,1,1,0,0,1,1,1,0,0,0,0,0,0,0,0,0,0,0,0,0,0,0,0,0,0,0,0,0,0,0,2.0,1,1,1,0.0,998,998,,0,Tarde,Baja,Tarde,Bajo Riesgo
42179,2024,12,1,18,20,20069,1,1,GI-41,1.0,1,3,5,4.0,0,0,2,2,0,0,2,2,2,0,0,0,0,0,0,0,0,0,0,0,0,0,0,0,0,0,0,0,0,0,0,0,1.0,3,4,1,0.0,998,3,Baja,0,Tarde,Baja,Noche,Bajo Riesgo
42180,2024,12,2,14,20,20069,1,1,GI-11,2.0,2,3,5,12.0,0,0,1,1,0,0,1,1,1,0,0,0,0,0,0,0,0,0,0,0,0,0,0,0,0,0,0,0,0,0,0,0,2.0,3,1,3,0.0,998,2,Baja,0,Tarde,Baja,Tarde,Bajo Riesgo
42181,2024,11,5,20,20,20032,1,1,GI-2634,34.0,2,3,14,12.0,0,1,0,1,0,1,0,1,1,0,0,0,0,0,0,0,0,0,0,0,0,0,0,0,0,0,0,0,0,0,0,0,2.0,1,4,1,0.0,998,1,Baja,0,Noche,Baja,Noche,Bajo Riesgo
42182,2024,12,3,13,20,20009,1,1,N-1,445.0,1,5,5,4.0,0,0,1,1,0,0,1,1,2,0,0,0,0,0,0,0,0,0,0,0,0,0,0,0,0,0,0,0,0,0,0,0,1.0,1,1,1,0.0,998,1,Muy Alta,0,Tarde,Baja,Tarde,Bajo Riesgo
42183,2024,12,7,13,20,20030,1,1,N-634,63.0,2,5,4,10.0,0,0,1,1,0,0,1,1,1,0,0,0,0,0,0,0,0,0,0,0,0,0,0,0,0,0,0,0,0,0,0,0,1.0,8,1,2,0.0,998,2,Media,0,Tarde,Baja,Tarde,Bajo Riesgo
42184,2024,12,7,17,20,20071,1,1,N-1,437.0,2,5,5,12.0,1,0,0,1,1,0,0,1,1,0,0,0,0,1,0,0,0,0,0,0,0,0,0,0,1,0,0,0,0,0,0,0,1.0,1,3,2,0.0,998,3,Muy Alta,0,Tarde,Alta,Tarde,Bajo Riesgo
42185,2024,12,1,7,20,0,1,1,A-15,146.0,1,3,2,12.0,0,0,2,2,0,0,2,2,3,0,0,0,0,0,0,0,0,0,0,0,0,0,0,0,0,0,0,0,0,0,0,0,2.0,8,2,2,0.0,998,3,Alta,0,Mañana,Baja,Mañana,Bajo Riesgo
42186,2024,12,1,19,20,20063,1,1,GI-636,5.0,1,3,6,4.0,0,0,2,2,0,0,2,2,2,0,0,0,0,0,0,0,0,0,0,0,0,0,0,0,0,0,0,0,0,0,0,0,2.0,1,6,1,0.0,998,1,Baja,0,Noche,Baja,Noche,Bajo Riesgo
42187,2024,12,4,13,20,0,1,1,AP-1,114.0,2,2,1,4.0,0,0,1,1,0,0,1,1,2,0,0,0,0,0,0,0,0,0,0,0,0,0,0,0,0,0,0,0,0,0,0,0,2.0,1,4,2,0.0,998,1,Alta,0,Tarde,Baja,Tarde,Bajo Riesgo