ID_ACCIDENTE,ANYO,MES,DIA_SEMANA,HORA,COD_PROVINCIA,COD_MUNICIPIO,ZONA,ZONA_AGRUPADA,CARRETERA,KM,SENTIDO_1F,TITULARIDAD_VIA,TIPO_VIA,TIPO_ACCIDENTE,TOTAL_MU24H,TOTAL_HG24H,TOTAL_HL24H,TOTAL_VICTIMAS_24H,TOTAL_MU30DF,TOTAL_HG30DF,TOTAL_HL30DF,TOTAL_VICTIMAS_30DF,TOTAL_VEHICULOS,TOT_PEAT_MU24H,TOT_BICI_MU24H,TOT_CICLO_MU24H,TOT_MOTO_MU24H,TOT_TUR_MU24H,TOT_FURG_MU24H,TOT_CAM_MENOS3500_MU24H,TOT_CAM_MAS3500_MU24H,TOT_BUS_MU24H,TOT_OTRO_MU24H,TOT_SINESPECIF_MU24H,TOT_PEAT_MU30DF,TOT_BICI_MU30DF,TOT_CICLO_MU30DF,TOT_MOTO_MU30DF,TOT_TUR_MU30DF,TOT_FURG_MU30DF,TOT_CAM_MENOS3500_MU30DF,TOT_CAM_MAS3500_MU30DF,TOT_BUS_MU30DF,TOT_VMP_MU30DF,TOT_OTRO_MU30DF,TOT_SINESPECIF_MU30DF,NUDO,CONDICION_FIRME,CONDICION_ILUMINACION,CONDICION_METEO,CONDICION_NIEBLA,ACERA,TRAZADO_PLANTA,ZONA_KM,HAY_NIEBLA,TRAMO_HORA,gravedad_accidente,tramo_horario,zona_riesgo
42188,2024,12,4,17,20,20045,1,1,GI-3455,2.0,3,3,6,10.0,0,0,1,1,0,0,1,1,1,0,0,0,0,0,0,0,0,0,0,0,0,0,0,0,0,0,0,0,0,0,0,0,2.0,3,2,3,0.0,998,1,Baja,0,Tarde,Baja,Tarde,Bajo Riesgo
42189,2024,12,7,0,20,0,1,1,N-634,13.0,1,5,14,19.0,0,0,3,3,0,0,3,3,1,0,0,0,0,0,0,0,0,0,0,0,0,0,0,0,0,0,0,0,0,0,0,0,2.0,1,6,2,0.0,998,1,Baja,0,,Media,Madrugada,Bajo Riesgo
42190,2024,12,6,11,20,0,1,1,N-634,21.0,2,5,14,12.0,0,0,1,1,0,0,1,1,1,0,0,0,0,0,0,0,0,0,0,0,0,0,0,0,0,0,0,0,0,0,0,0,2.0,1,1,1,0.0,998,1,Baja,0,Mañana,Baja,Mañana,Bajo Riesgo
42191,2024,12,7,13,20,20017,1,1,GI-631,17.0,1,3,14,20.0,0,0,1,1,0,0,1,1,1,0,0,0,0,0,0,0,0,0,0,0,0,0,0,0,0,0,0,0,0,0,0,0,1.0,8,1,1,0.0,998,1,Baja,0,Tarde,Baja,Tarde,Bajo Riesgo
42192,2024,12,3,12,20,20069,1,1,GI-2132,1.0,1,3,14,2.0,0,0,1,1,0,0,1,1,3,0,0,0,0,0,0,0,0,0,0,0,0,0,0,0,0,0,0,0,0,0,0,0,1.0,1,1,1,0.0,998,2,Baja,0,Mañana,Baja,Tarde,Bajo Riesgo
42193,2024,12,6,21,20,0,1,1,N-634,20.0,2,5,14,16.0,0,0,1,1,0,0,1,1,1,0,0,0,0,0,0,0,0,0,0,0,0,0,0,0,0,0,0,0,0,0,0,0,2.0,3,6,2,0.0,998,2,Baja,0,Noche,Baja,Noche,Bajo Riesgo
42194,2024,9,4,14,20,20029,1,1,N-634,49.0,2,5,14,16.0,0,0,1,1,0,0,1,1,1,0,0,0,0,0,0,0,0,0,0,0,0,0,0,0,0,0,0,0,0,0,0,0,2.0,3,1,3,0.0,998,2,Baja,0,Tarde,Baja,Tarde,Bajo Riesgo
42195,2024,12,7,14,20,20069,1,1,GI-20,9.0,1,3,5,1.0,0,0,1,1,0,0,1,1,2,0,0,0,0,0,0,0,0,0,0,0,0,0,0,0,0,0,0,0,0,0,0,0,1.0,1,1,1,0.0,998,1,Baja,0,Tarde,Baja,Tarde,Bajo Riesgo
42196,2024,12,2,14,20,20030,1,1,N-634,60.0,1,5,6,3.0,0,0,1,1,0,0,1,1,2,0,0,0,0,0,0,0,0,0,0,0,0,0,0,0,0,0,0,0,0,0,0,0,1.0,1,1,1,0.0,998,3,Media,0,Tarde,Baja,Tarde,Bajo Riesgo
42197,2024,12,1,18,20,20045,1,1,GI-636,13.0,1,3,6,4.0,0,0,3,3,0,0,3,3,4,0,0,0,0,0,0,0,0,0,0,0,0,0,0,0,0,0,0,0,0,0,0,0,2.0,1,4,1,0.0,998,1,Baja,0,Tarde,Media,Noche,Bajo Riesgo
42198,2024,10,3,12,20,20074,1,1,GI-627,47.0,3,3,6,2.0,0,0,2,2,0,0,2,2,2,0,0,0,0,0,0,0,0,0,0,0,0,0,0,0,0,0,0,0,0,0,0,0,2.0,1,1,1,0.0,998,1,Baja,0,Mañana,Baja,Tarde,Bajo Riesgo
42199,2024,12,2,8,20,20074,1,1,AP-1,138.0,2,2,1,12.0,0,0,2,2,0,0,2,2,1,0,0,0,0,0,0,0,0,0,0,0,0,0,0,0,0,0,0,0,0,0,0,0,2.0,3,1,3,0.0,998,1,Alta,0,Mañana,Baja,Mañana,Bajo Riesgo
42200,2024,11,6,1,20,20032,1,1,N-634,57.0,2,5,6,2.0,0,0,2,2,0,0,2,2,2,0,0,0,0,0,0,0,0,0,0,0,0,0,0,0,0,0,0,0,0,0,0,0,1.0,1,4,1,0.0,998,1,Media,0,Madrugada,Baja,Madrugada,Bajo Riesgo
42201,2024,12,5,19,20,20051,1,1,GI-2630,1.0,2,3,14,12.0,0,0,1,1,0,0,1,1,1,0,0,0,0,0,0,0,0,0,0,0,0,0,0,0,0,0,0,0,0,0,0,0,2.0,3,6,2,0.0,998,1,Baja,0,Noche,Baja,Noche,Bajo Riesgo
42202,2024,12,3,18,20,20029,1,1,AP-8,53.0,2,2,1,3.0,0,1,3,4,0,1,3,4,3,0,0,0,0,0,0,0,0,0,0,0,0,0,0,0,0,0,0,0,0,0,0,0,2.0,1,6,1,0.0,998,1,Media,0,Tarde,Media,Noche,Bajo Riesgo
42203,2024,1,1,11,20,20069,3,2,No inventariada,0.0,2,4,14,7.0,0,0,1,1,0,0,1,1,1,0,0,0,0,0,0,0,0,0,0,0,0,0,0,0,0,0,0,0,0,0,0,0,2.0,1,1,1,0.0,4,998,,0,Mañana,Baja,Mañana,Bajo Riesgo
42204,2024,2,3,7,20,20069,3,2,No inventariada,0.0,1,4,9,7.0,0,0,1,1,0,0,1,1,1,0,0,0,0,0,0,0,0,0,0,0,0,0,0,0,0,0,0,0,0,0,0,0,2.0,1,4,1,0.0,4,998,,0,Mañana,Baja,Mañana,Bajo Riesgo
42205,2024,6,5,23,20,20045,1,1,GI-636,15.0,1,3,6,7.0,0,1,0,1,0,1,0,1,1,0,0,0,0,0,0,0,0,0,0,0,0,0,0,0,0,0,0,0,0,0,0,0,2.0,1,4,2,0.0,1,1,Baja,0,Noche,Baja,Noche,Bajo Riesgo
42206,2024,12,1,20,20,20030,1,1,N-634,63.0,1,5,6,12.0,0,0,1,1,0,0,1,1,1,0,0,0,0,0,0,0,0,0,0,0,0,0,0,0,0,0,0,0,0,0,0,0,1.0,3,4,3,0.0,998,2,Media,0,Noche,Baja,Noche,Bajo Riesgo
42207,2024,12,5,3,20,20032,1,1,GI-2634,34.0,1,3,14,16.0,0,0,1,1,0,0,1,1,1,0,0,0,0,0,0,0,0,0,0,0,0,0,0,0,0,0,0,0,0,0,0,0,2.0,3,5,3,0.0,998,1,Baja,0,Madrugada,Baja,Madrugada,Bajo Riesgo
42208,2024,2,1,17,20,20069,3,2,No inventariada,0.0,4,4,9,7.0,0,0,1,1,0,0,1,1,1,0,0,0,0,0,0,0,0,0,0,0,0,0,0,0,0,0,0,0,0,0,0,0,2.0,9,1,1,0.0,4,998,,0,Tarde,Baja,Tarde,Bajo Riesgo
42209,2024,1,6,14,20,20069,3,2,No inventariada,0.0,4,4,9,7.0,0,0,1,1,0,0,1,1,1,0,0,0,0,0,0,0,0,0,0,0,0,0,0,0,0,0,0,0,0,0,0,0,2.0,9,1,1,0.0,4,998,,0,Tarde,Baja,Tarde,Bajo Riesgo
42210,2024,2,4,9,20,20069,3,2,No inventariada,0.0,3,4,9,1.0,0,1,0,1,0,1,0,1,2,0,0,0,0,0,0,0,0,0,0,0,0,0,0,0,0,0,0,0,0,0,0,0,2.0,3,1,2,0.0,998,998,,0,Mañana,Baja,Mañana,Bajo Riesgo
42211,2024,2,7,11,20,20069,3,2,No inventariada,0.0,3,4,14,8.0,0,1,0,1,0,1,0,1,1,0,0,0,0,0,0,0,0,0,0,0,0,0,0,0,0,0,0,0,0,0,0,0,2.0,1,1,1,0.0,998,998,,0,Mañana,Baja,Mañana,Bajo Riesgo
42212,2024,3,4,19,20,20069,3,2,No inventariada,0.0,4,4,9,4.0,0,1,1,2,0,1,1,2,2,0,0,0,0,0,0,0,0,0,0,0,0,0,0,0,0,0,0,0,0,0,0,0,2.0,1,4,1,0.0,998,998,,0,Noche,Baja,Noche,Bajo Riesgo
42213,2024,3,1,20,20,20069,3,2,No inventariada,0.0,4,4,9,10.0,0,1,0,1,0,1,0,1,1,0,0,0,0,0,0,0,0,0,0,0,0,0,0,0,0,0,0,0,0,0,0,0,2.0,3,1,2,0.0,998,998,,0,Noche,Baja,Noche,Bajo Riesgo
42214,2024,4,5,9,20,20069,3,2,No inventariada,0.0,4,4,9,2.0,0,0,1,1,0,0,1,1,2,0,0,0,0,0,0,0,0,0,0,0,0,0,0,0,0,0,0,0,0,0,0,0,2.0,9,1,1,0.0,998,998,,0,Mañana,Baja,Mañana,Bajo Riesgo
42215,2024,4,6,9,20,20069,3,2,No inventariada,0.0,4,4,12,7.0,0,0,2,2,0,0,2,2,1,0,0,0,0,0,0,0,0,0,0,0,0,0,0,0,0,0,0,0,0,0,0,0,2.0,3,1,3,0.0,3,998,,0,Mañana,Baja,Mañana,Bajo Riesgo
42216,2024,6,3,18,20,20069,3,2,No inventariada,0.0,3,4,14,1.0,0,0,1,1,0,0,1,1,2,0,0,0,0,0,0,0,0,0,0,0,0,0,0,0,0,0,0,0,0,0,0,0,2.0,1,1,1,0.0,998,998,,0,Tarde,Baja,Noche,Bajo Riesgo
42217,2024,5,2,11,20,20069,3,2,No inventariada,0.0,4,4,9,2.0,0,0,1,1,0,0,1,1,2,0,0,0,0,0,0,0,0,0,0,0,0,0,0,0,0,0,0,0,0,0,0,0,2.0,1,1,1,0.0,998,998,,0,Mañana,Baja,Mañana,Bajo Riesgo
42218,2024,6,2,18,20,20069,3,2,No inventariada,0.0,4,4,9,3.0,0,0,1,1,0,0,1,1,2,0,0,0,0,0,0,0,0,0,0,0,0,0,0,0,0,0,0,0,0,0,0,0,2.0,1,1,1,0.0,998,998,,0,Tarde,Baja,Noche,Bajo Riesgo
42219,2024,6,3,21,20,20069,3,2,No inventariada,0.0,3,4,9,1.0,0,1,1,2,0,1,1,2,2,0,0,0,0,0,0,0,0,0,0,0,0,0,0,0,0,0,0,0,0,0,0,0,2.0,1,1,1,0.0,998,998,,0,Noche,Baja,Noche,Bajo Riesgo
42220,2024,6,4,13,20,20069,3,2,No inventariada,0.0,4,4,9,2.0,0,1,0,1,0,1,0,1,2,0,0,0,0,0,0,0,0,0,0,0,0,0,0,0,0,0,0,0,0,0,0,0,2.0,1,1,1,0.0,998,998,,0,Tarde,Baja,Tarde,Bajo Riesgo
42221,2024,7,1,10,20,20069,3,2,No inventariada,0.0,3,4,9,7.0,0,0,1,1,0,0,1,1,1,0,0,0,0,0,0,0,0,0,0,0,0,0,0,0,0,0,0,0,0,0,0,0,2.0,1,1,1,0.0,1,998,,0,Mañana,Baja,Mañana,Bajo Riesgo
42222,2024,7,5,15,20,20069,3,2,No inventariada,0.0,4,4,14,4.0,0,1,0,1,0,1,0,1,2,0,0,0,0,0,0,0,0,0,0,0,0,0,0,0,0,0,0,0,0,0,0,0,2.0,1,6,1,0.0,998,998,,0,Tarde,Baja,Tarde,Bajo Riesgo
42223,2024,7,1,16,20,20069,3,2,No inventariada,0.0,3,4,9,2.0,0,1,0,1,0,1,0,1,2,0,0,0,0,0,0,0,0,0,0,0,0,0,0,0,0,0,0,0,0,0,0,0,2.0,9,1,1,0.0,998,998,,0,Tarde,Baja,Tarde,Bajo Riesgo
42224,2024,7,2,15,20,20069,3,2,No inventariada,0.0,4,4,14,2.0,0,0,1,1,0,0,1,1,2,0,0,0,0,0,0,0,0,0,0,0,0,0,0,0,0,0,0,0,0,0,0,0,2.0,1,1,1,0.0,998,998,,0,Tarde,Baja,Tarde,Bajo Riesgo
42225,2024,7,7,13,20,20069,3,2,No inventariada,0.0,4,4,9,7.0,0,0,2,2,0,0,2,2,4,0,0,0,0,0,0,0,0,0,0,0,0,0,0,0,0,0,0,0,0,0,0,0,2.0,1,1,1,0.0,4,998,,0,Tarde,Baja,Tarde,Bajo Riesgo
42226,2024,7,3,18,20,20069,3,2,No inventariada,0.0,4,4,9,1.0,0,0,1,1,0,0,1,1,2,0,0,0,0,0,0,0,0,0,0,0,0,0,0,0,0,0,0,0,0,0,0,0,2.0,1,1,1,0.0,998,998,,0,Tarde,Baja,Noche,Bajo Riesgo
42227,2024,8,7,17,20,20069,3,2,No inventariada,0.0,4,4,9,9.0,0,1,0,1,0,1,0,1,2,0,0,0,0,0,0,0,0,0,0,0,0,0,0,0,0,0,0,0,0,0,0,0,2.0,1,1,1,0.0,998,998,,0,Tarde,Baja,Tarde,Bajo Riesgo
42228,2024,9,6,20,20,20069,3,2,No inventariada,0.0,4,4,9,20.0,0,1,0,1,0,1,0,1,2,0,0,0,0,0,0,0,0,0,0,0,0,0,0,0,0,0,0,0,0,0,0,0,2.0,3,4,3,0.0,998,998,,0,Noche,Baja,Noche,Bajo Riesgo
42229,2024,8,4,19,20,20069,3,2,No inventariada,0.0,4,4,9,1.0,0,1,1,2,0,1,1,2,2,0,0,0,0,0,0,0,0,0,0,0,0,0,0,0,0,0,0,0,0,0,0,0,2.0,1,6,1,0.0,998,998,,0,Noche,Baja,Noche,Bajo Riesgo
42230,2024,9,3,16,20,20069,3,2,No inventariada,0.0,2,4,9,2.0,0,1,0,1,0,1,0,1,2,0,0,0,0,0,0,0,0,0,0,0,0,0,0,0,0,0,0,0,0,0,0,0,2.0,1,1,1,0.0,998,998,,0,Tarde,Baja,Tarde,Bajo Riesgo
42231,2024,10,1,7,20,20069,3,2,No inventariada,0.0,4,4,9,3.0,0,0,1,1,0,0,1,1,3,0,0,0,0,0,0,0,0,0,0,0,0,0,0,0,0,0,0,0,0,0,0,0,2.0,3,2,4,0.0,998,998,,0,Mañana,Baja,Mañana,Bajo Riesgo
42232,2024,10,4,11,20,20069,3,2,No inventariada,0.0,2,4,9,7.0,0,0,2,2,0,0,2,2,1,0,0,0,0,0,0,0,0,0,0,0,0,0,0,0,0,0,0,0,0,0,0,0,2.0,3,1,2,0.0,4,998,,0,Mañana,Baja,Mañana,Bajo Riesgo
42233,2024,9,3,14,20,20069,3,2,No inventariada,0.0,4,4,9,2.0,0,1,0,1,0,1,0,1,2,0,0,0,0,0,0,0,0,0,0,0,0,0,0,0,0,0,0,0,0,0,0,0,2.0,1,1,7,0.0,998,998,,0,Tarde,Baja,Tarde,Bajo Riesgo
42234,2024,11,2,20,20,20069,3,2,No inventariada,0.0,4,4,9,1.0,0,1,0,1,0,1,0,1,2,0,0,0,0,0,0,0,0,0,0,0,0,0,0,0,0,0,0,0,0,0,0,0,2.0,9,4,1,0.0,998,998,,0,Noche,Baja,Noche,Bajo Riesgo
42235,2024,10,4,18,20,20069,3,2,No inventariada,0.0,4,4,9,7.0,0,1,0,1,0,1,0,1,1,0,0,0,0,0,0,0,0,0,0,0,0,0,0,0,0,0,0,0,0,0,0,0,2.0,3,4,3,0.0,4,998,,0,Tarde,Baja,Noche,Bajo Riesgo
42236,2024,12,3,12,20,20069,3,2,No inventariada,0.0,4,4,9,4.0,0,0,1,1,0,0,1,1,2,0,0,0,0,0,0,0,0,0,0,0,0,0,0,0,0,0,0,0,0,0,0,0,2.0,1,1,1,0.0,998,998,,0,Mañana,Baja,Tarde,Bajo Riesgo
42237,2024,12,3,16,20,20069,3,2,No inventariada,0.0,4,4,9,1.0,0,1,0,1,0,1,0,1,2,0,0,0,0,0,0,0,0,0,0,0,0,0,0,0,0,0,0,0,0,0,0,0,2.0,1,1,1,0.0,998,998,,0,Tarde,Baja,Tarde,Bajo Riesgo
42238,2024,12,6,23,20,20069,3,2,No inventariada,0.0,4,4,9,2.0,0,0,1,1,0,0,1,1,2,0,0,0,0,0,0,0,0,0,0,0,0,0,0,0,0,0,0,0,0,0,0,0,2.0,3,4,3,0.0,998,998,,0,Noche,Baja,Noche,Bajo Riesgo
42239,2024,12,7,13,20,20069,3,2,No inventariada,0.0,4,4,9,2.0,0,0,1,1,0,0,1,1,2,0,0,0,0,0,0,0,0,0,0,0,0,0,0,0,0,0,0,0,0,0,0,0,2.0,3,1,3,0.0,998,998,,0,Tarde,Baja,Tarde,Bajo Riesgo
42240,2024,12,3,9,20,20061,1,1,N-634,11.0,1,5,14,10.0,0,0,1,1,0,0,1,1,1,0,0,0,0,0,0,0,0,0,0,0,0,0,0,0,0,0,0,0,0,0,0,0,2.0,1,1,1,0.0,998,4,Baja,0,Mañana,Baja,Mañana,Bajo Riesgo
42241,2024,12,4,15,20,20045,1,1,AP-8,0.0,1,2,8,2.0,0,0,1,1,0,0,1,1,2,0,0,0,0,0,0,0,0,0,0,0,0,0,0,0,0,0,0,0,0,0,0,0,1.0,3,1,2,0.0,998,1,,0,Tarde,Baja,Tarde,Bajo Riesgo
42242,2024,11,3,0,20,20040,1,1,AP-8,22.0,2,2,7,20.0,0,0,2,2,0,0,2,2,2,0,0,0,0,0,0,0,0,0,0,0,0,0,0,0,0,0,0,0,0,0,0,0,2.0,1,4,1,0.0,998,1,Baja,0,,Baja,Madrugada,Bajo Riesgo
42243,2024,11,6,15,20,0,2,2,GI-2135,6.0,2,3,6,19.0,0,0,2,2,0,0,2,2,1,0,0,0,0,0,0,0,0,0,0,0,0,0,0,0,0,0,0,0,0,0,0,0,2.0,1,1,2,0.0,998,3,Baja,0,Tarde,Baja,Tarde,Bajo Riesgo
42244,2024,12,1,7,20,20045,1,1,AP-8,4.0,1,2,1,4.0,0,0,1,1,0,0,1,1,2,0,0,0,0,0,0,0,0,0,0,0,0,0,0,0,0,0,0,0,0,0,0,0,2.0,3,3,2,0.0,998,1,Baja,0,Mañana,Baja,Mañana,Bajo Riesgo
42245,2024,12,6,18,20,0,2,2,N-634,22.0,1,5,6,10.0,0,0,1,1,0,0,1,1,1,0,0,0,0,0,0,0,0,0,0,0,0,0,0,0,0,0,0,0,0,0,0,0,1.0,1,3,1,0.0,998,1,Baja,0,Tarde,Baja,Noche,Bajo Riesgo
42246,2024,12,7,10,20,20081,1,1,N-634,28.0,1,5,14,5.0,0,0,1,1,0,0,1,1,3,0,0,0,0,0,0,0,0,0,0,0,0,0,0,0,0,0,0,0,0,0,0,0,2.0,1,1,1,0.0,998,1,Baja,0,Mañana,Baja,Mañana,Bajo Riesgo
42247,2024,12,7,4,20,20045,1,1,AP-8,7.0,2,2,2,18.0,0,0,1,1,0,0,1,1,2,0,0,0,0,0,0,0,0,0,0,0,0,0,0,0,0,0,0,0,0,0,0,0,2.0,3,4,1,0.0,998,2,Baja,0,Madrugada,Baja,Madrugada,Bajo Riesgo
42248,2024,11,5,20,20,20030,1,1,N-634,61.0,2,5,14,16.0,1,1,0,2,1,1,0,2,3,0,0,0,0,1,0,0,0,0,0,0,0,0,0,0,1,0,0,0,0,0,0,0,2.0,1,6,2,0.0,998,1,Media,0,Noche,Alta,Noche,Bajo Riesgo
42249,2024,11,6,0,20,20071,1,1,N-1,434.0,1,5,3,4.0,0,0,4,4,0,0,4,4,3,0,0,0,0,0,0,0,0,0,0,0,0,0,0,0,0,0,0,0,0,0,0,0,2.0,1,4,2,0.0,998,3,Muy Alta,0,,Media,Madrugada,Bajo Riesgo
42250,2024,12,1,14,20,20079,1,1,AP-8,40.0,2,2,1,12.0,0,0,1,1,0,0,1,1,1,0,0,0,0,0,0,0,0,0,0,0,0,0,0,0,0,0,0,0,0,0,0,0,2.0,3,1,3,0.0,998,2,Baja,0,Tarde,Baja,Tarde,Bajo Riesgo
42251,2024,12,1,14,20,0,1,1,N-1,413.0,2,5,5,4.0,0,1,0,1,0,1,0,1,3,0,0,0,0,0,0,0,0,0,0,0,0,0,0,0,0,0,0,0,0,0,0,0,2.0,1,1,1,0.0,998,1,Muy Alta,0,Tarde,Baja,Tarde,Bajo Riesgo
42252,2024,8,1,10,20,20053,1,1,GI-636,7.0,2,3,6,16.0,1,0,0,1,1,0,0,1,2,1,0,0,0,0,0,0,0,0,0,0,1,0,0,0,0,0,0,0,0,0,0,0,2.0,1,1,1,0.0,1,1,Baja,0,Mañana,Alta,Mañana,Bajo Riesgo
42253,2024,5,5,10,20,20045,3,2,No inventariada,0.0,1,4,9,20.0,0,1,0,1,0,1,0,1,2,0,0,0,0,0,0,0,0,0,0,0,0,0,0,0,0,0,0,0,0,0,0,0,2.0,1,1,1,0.0,998,998,,0,Mañana,Baja,Mañana,Bajo Riesgo
42254,2024,3,4,11,20,20064,3,2,No inventariada,0.0,4,4,9,7.0,0,0,1,1,0,0,1,1,1,0,0,0,0,0,0,0,0,0,0,0,0,0,0,0,0,0,0,0,0,0,0,0,2.0,9,1,7,0.0,0,998,,0,Mañana,Baja,Mañana,Bajo Riesgo
42255,2024,4,2,8,20,20064,3,2,No inventariada,0.0,4,4,9,7.0,0,0,1,1,0,0,1,1,1,0,0,0,0,0,0,0,0,0,0,0,0,0,0,0,0,0,0,0,0,0,0,0,2.0,9,1,7,0.0,0,998,,0,Mañana,Baja,Mañana,Bajo Riesgo
42256,2024,4,1,21,20,20064,3,2,No inventariada,0.0,4,4,9,7.0,0,0,1,1,0,0,1,1,1,0,0,0,0,0,0,0,0,0,0,0,0,0,0,0,0,0,0,0,0,0,0,0,2.0,9,1,7,0.0,0,998,,0,Noche,Baja,Noche,Bajo Riesgo
42257,2024,5,1,11,20,20064,3,2,No inventariada,0.0,4,4,9,10.0,0,0,1,1,0,0,1,1,1,0,0,0,0,0,0,0,0,0,0,0,0,0,0,0,0,0,0,0,0,0,0,0,2.0,9,1,7,0.0,998,998,,0,Mañana,Baja,Mañana,Bajo Riesgo
42258,2024,6,4,14,20,20064,3,2,No inventariada,0.0,4,4,9,10.0,0,0,1,1,0,0,1,1,1,0,0,0,0,0,0,0,0,0,0,0,0,0,0,0,0,0,0,0,0,0,0,0,2.0,9,1,7,0.0,998,998,,0,Tarde,Baja,Tarde,Bajo Riesgo
42259,2024,7,3,8,20,20064,3,2,No inventariada,0.0,4,4,9,4.0,0,0,1,1,0,0,1,1,2,0,0,0,0,0,0,0,0,0,0,0,0,0,0,0,0,0,0,0,0,0,0,0,2.0,9,1,7,0.0,998,998,,0,Mañana,Baja,Mañana,Bajo Riesgo
42260,2024,9,5,19,20,20064,3,2,No inventariada,0.0,4,4,9,7.0,0,0,1,1,0,0,1,1,1,0,0,0,0,0,0,0,0,0,0,0,0,0,0,0,0,0,0,0,0,0,0,0,2.0,9,1,7,0.0,0,998,,0,Noche,Baja,Noche,Bajo Riesgo
42261,2024,11,5,14,20,20064,3,2,No inventariada,0.0,4,4,9,10.0,0,0,1,1,0,0,1,1,1,0,0,0,0,0,0,0,0,0,0,0,0,0,0,0,0,0,0,0,0,0,0,0,2.0,9,1,7,0.0,998,998,,0,Tarde,Baja,Tarde,Bajo Riesgo
42262,2024,8,2,12,20,0,1,1,N-634,31.0,3,5,6,3.0,0,1,0,1,0,1,0,1,2,0,0,0,0,0,0,0,0,0,0,0,0,0,0,0,0,0,0,0,0,0,0,0,2.0,1,1,1,0.0,998,1,Baja,0,Mañana,Baja,Tarde,Bajo Riesgo
42263,2024,11,3,20,20,20045,3,2,No inventariada,0.0,2,4,9,7.0,0,1,1,2,0,1,1,2,1,0,0,0,0,0,0,0,0,0,0,0,0,0,0,0,0,0,0,0,0,0,0,0,1.0,1,4,2,0.0,4,998,,0,Noche,Baja,Noche,Bajo Riesgo
42264,2024,1,2,7,21,21002,2,2,A-492,0.79,2,2,6,7.0,0,0,1,1,0,0,1,1,1,0,0,0,0,0,0,0,0,0,0,0,0,0,0,0,0,0,0,0,0,0,0,0,2.0,1,4,1,0.0,1,1,Baja,0,Mañana,Baja,Mañana,Bajo Riesgo
42265,2024,2,5,18,21,21002,1,1,A-492,6.75,2,2,6,4.0,0,0,3,3,0,0,3,3,2,0,0,0,0,0,0,0,0,0,0,0,0,0,0,0,0,0,0,0,0,0,0,0,2.0,1,2,1,0.0,998,2,Baja,0,Tarde,Media,Noche,Bajo Riesgo
42266,2024,4,1,16,21,21002,1,1,A-492,4.5,1,2,6,12.0,0,0,1,1,0,0,1,1,1,0,0,0,0,0,0,0,0,0,0,0,0,0,0,0,0,0,0,0,0,0,0,0,2.0,1,1,1,0.0,998,3,Baja,0,Tarde,Baja,Tarde,Bajo Riesgo
42267,2024,4,4,22,21,21002,1,1,A-492,0.4,1,2,6,10.0,0,1,0,1,0,1,0,1,1,0,0,0,0,0,0,0,0,0,0,0,0,0,0,0,0,0,0,0,0,0,0,0,1.0,1,4,1,0.0,998,1,Baja,0,Noche,Baja,Noche,Bajo Riesgo
42268,2024,5,7,8,21,21002,1,1,A-492,5.8,1,2,6,1.0,1,1,0,2,1,1,0,2,2,0,0,0,0,0,1,0,0,0,0,0,0,0,0,0,0,1,0,0,0,0,0,0,2.0,1,1,1,0.0,998,2,Baja,0,Mañana,Alta,Mañana,Bajo Riesgo
42269,2024,6,1,14,21,21002,1,1,CAMINO MAN,0.7,2,4,10,16.0,0,0,1,1,0,0,1,1,1,0,0,0,0,0,0,0,0,0,0,0,0,0,0,0,0,0,0,0,0,0,0,0,2.0,2,1,1,0.0,998,3,Baja,0,Tarde,Baja,Tarde,Bajo Riesgo
42270,2024,5,5,0,21,21002,1,1,A-492,0.2,1,2,6,10.0,0,0,1,1,0,0,1,1,1,0,0,0,0,0,0,0,0,0,0,0,0,0,0,0,0,0,0,0,0,0,0,0,2.0,1,3,1,0.0,998,2,Baja,0,,Baja,Madrugada,Bajo Riesgo
42271,2024,7,7,21,21,21002,1,1,A-5077,1.4,2,2,6,5.0,0,0,2,2,0,0,2,2,4,0,0,0,0,0,0,0,0,0,0,0,0,0,0,0,0,0,0,0,0,0,0,0,1.0,1,1,1,0.0,998,1,Baja,0,Noche,Baja,Noche,Bajo Riesgo
42272,2024,7,3,12,21,21002,1,1,A-497,2.5,1,2,3,5.0,0,0,5,5,0,0,5,5,4,0,0,0,0,0,0,0,0,0,0,0,0,0,0,0,0,0,0,0,0,0,0,0,2.0,1,1,1,0.0,998,1,Baja,0,Mañana,Media,Tarde,Bajo Riesgo
42273,2024,7,7,6,21,21002,1,1,A-492,7.2,2,2,6,12.0,0,0,1,1,0,0,1,1,1,0,0,0,0,0,0,0,0,0,0,0,0,0,0,0,0,0,0,0,0,0,0,0,2.0,1,6,1,0.0,998,1,Baja,0,Madrugada,Baja,Mañana,Bajo Riesgo
42274,2024,8,6,21,21,21002,1,1,A-497,3.0,2,2,3,10.0,0,0,1,1,0,0,1,1,2,0,0,0,0,0,0,0,0,0,0,0,0,0,0,0,0,0,0,0,0,0,0,0,2.0,1,6,1,0.0,998,1,Baja,0,Noche,Baja,Noche,Bajo Riesgo
42275,2024,8,4,14,21,21002,1,1,A-492,1.663,2,2,6,9.0,0,0,1,1,0,0,1,1,1,0,0,0,0,0,0,0,0,0,0,0,0,0,0,0,0,0,0,0,0,0,0,0,1.0,1,1,1,0.0,998,2,Baja,0,Tarde,Baja,Tarde,Bajo Riesgo
42276,2024,10,1,8,21,21002,1,1,A-497,3.0,1,2,3,2.0,0,0,2,2,0,0,2,2,4,0,0,0,0,0,0,0,0,0,0,0,0,0,0,0,0,0,0,0,0,0,0,0,2.0,1,1,1,0.0,998,1,Baja,0,Mañana,Baja,Mañana,Bajo Riesgo