ID_ACCIDENTE,ANYO,MES,DIA_SEMANA,HORA,COD_PROVINCIA,COD_MUNICIPIO,ZONA,ZONA_AGRUPADA,CARRETERA,KM,SENTIDO_1F,TITULARIDAD_VIA,TIPO_VIA,TIPO_ACCIDENTE,TOTAL_MU24H,TOTAL_HG24H,TOTAL_HL24H,TOTAL_VICTIMAS_24H,TOTAL_MU30DF,TOTAL_HG30DF,TOTAL_HL30DF,TOTAL_VICTIMAS_30DF,TOTAL_VEHICULOS,TOT_PEAT_MU24H,TOT_BICI_MU24H,TOT_CICLO_MU24H,TOT_MOTO_MU24H,TOT_TUR_MU24H,TOT_FURG_MU24H,TOT_CAM_MENOS3500_MU24H,TOT_CAM_MAS3500_MU24H,TOT_BUS_MU24H,TOT_OTRO_MU24H,TOT_SINESPECIF_MU24H,TOT_PEAT_MU30DF,TOT_BICI_MU30DF,TOT_CICLO_MU30DF,TOT_MOTO_MU30DF,TOT_TUR_MU30DF,TOT_FURG_MU30DF,TOT_CAM_MENOS3500_MU30DF,TOT_CAM_MAS3500_MU30DF,TOT_BUS_MU30DF,TOT_VMP_MU30DF,TOT_OTRO_MU30DF,TOT_SINESPECIF_MU30DF,NUDO,CONDICION_FIRME,CONDICION_ILUMINACION,CONDICION_METEO,CONDICION_NIEBLA,ACERA,TRAZADO_PLANTA,ZONA_KM,HAY_NIEBLA,TRAMO_HORA,gravedad_accidente,tramo_horario,zona_riesgo
46277,2024,12,3,18,25,25120,3,2,No inventariada,13.6,4,5,14,7.0,0,0,1,1,0,0,1,1,1,0,0,0,0,0,0,0,0,0,0,0,0,0,0,0,0,0,0,0,0,0,0,0,1.0,1,4,1,0.0,0,998,Baja,0,Tarde,Baja,Noche,Bajo Riesgo
46278,2024,12,6,14,25,25120,3,2,No inventariada,13.6,4,5,14,3.0,0,0,1,1,0,0,1,1,2,0,0,0,0,0,0,0,0,0,0,0,0,0,0,0,0,0,0,0,0,0,0,0,2.0,1,1,1,0.0,998,998,Baja,0,Tarde,Baja,Tarde,Bajo Riesgo
46279,2024,12,5,0,25,25120,3,2,No inventariada,13.6,4,5,14,9.0,0,0,1,1,0,0,1,1,1,0,0,0,0,0,0,0,0,0,0,0,0,0,0,0,0,0,0,0,0,0,0,0,1.0,3,4,3,0.0,998,998,Baja,0,,Baja,Madrugada,Bajo Riesgo
46280,2024,12,2,11,25,25120,2,2,C-13,8.3,4,5,14,3.0,0,0,1,1,0,0,1,1,2,0,0,0,0,0,0,0,0,0,0,0,0,0,0,0,0,0,0,0,0,0,0,0,2.0,1,1,1,0.0,998,4,Baja,0,Mañana,Baja,Mañana,Bajo Riesgo
46281,2024,12,5,8,25,25217,3,2,No inventariada,13.6,4,5,14,19.0,0,0,1,1,0,0,1,1,1,0,0,0,0,0,0,0,0,0,0,0,0,0,0,0,0,0,0,0,0,0,0,0,2.0,1,1,1,0.0,998,998,Baja,0,Mañana,Baja,Mañana,Bajo Riesgo
46282,2024,10,4,13,25,25120,3,2,No inventariada,13.6,4,5,14,7.0,0,1,0,1,0,1,0,1,1,0,0,0,0,0,0,0,0,0,0,0,0,0,0,0,0,0,0,0,0,0,0,0,1.0,1,1,1,0.0,0,998,Baja,0,Tarde,Baja,Tarde,Bajo Riesgo
46283,2024,12,3,21,25,25120,3,2,No inventariada,13.6,4,5,14,9.0,0,0,2,2,0,0,2,2,1,0,0,0,0,0,0,0,0,0,0,0,0,0,0,0,0,0,0,0,0,0,0,0,1.0,1,4,1,0.0,998,998,Baja,0,Noche,Baja,Noche,Bajo Riesgo
46284,2024,12,1,8,25,25120,3,2,No inventariada,13.6,4,5,14,9.0,0,1,0,1,0,1,0,1,1,0,0,0,0,0,0,0,0,0,0,0,0,0,0,0,0,0,0,0,0,0,0,0,1.0,1,1,1,0.0,998,998,Baja,0,Mañana,Baja,Mañana,Bajo Riesgo
46285,2024,7,5,13,25,25120,3,2,No inventariada,13.6,4,5,14,4.0,1,0,0,1,1,0,0,1,2,0,0,0,1,0,0,0,0,0,0,0,0,0,0,1,0,0,0,0,0,0,0,0,1.0,1,1,1,0.0,998,998,Baja,0,Tarde,Alta,Tarde,Bajo Riesgo
46286,2024,6,6,1,26,0,1,1,N-232,399.0,2,1,6,16.0,0,0,2,2,0,0,2,2,1,0,0,0,0,0,0,0,0,0,0,0,0,0,0,0,0,0,0,0,0,0,0,0,1.0,1,4,1,0.0,998,2,Muy Alta,0,Madrugada,Baja,Madrugada,Bajo Riesgo
46287,2024,6,4,14,26,26089,1,1,AP-68,138.171,2,1,1,16.0,0,0,1,1,0,0,1,1,1,0,0,0,0,0,0,0,0,0,0,0,0,0,0,0,0,0,0,0,0,0,0,0,2.0,3,1,4,0.0,998,1,Alta,0,Tarde,Baja,Tarde,Bajo Riesgo
46288,2024,7,1,18,26,0,1,1,LR-261,0.143,1,2,6,16.0,0,0,1,1,0,0,1,1,1,0,0,0,0,0,0,0,0,0,0,0,0,0,0,0,0,0,0,0,0,0,0,0,2.0,1,1,7,0.0,998,1,Baja,0,Tarde,Baja,Noche,Bajo Riesgo
46289,2024,9,4,21,26,0,3,2,No inventariada,13.6,4,4,9,10.0,0,0,1,1,0,0,1,1,1,0,0,0,0,0,0,0,0,0,0,0,0,0,0,0,0,0,0,0,0,0,0,0,2.0,1,4,1,0.0,998,998,Baja,0,Noche,Baja,Noche,Bajo Riesgo
46290,2024,10,3,14,26,0,1,1,N-232,396.4,1,1,6,9.0,0,0,1,1,0,0,1,1,1,0,0,0,0,0,0,0,0,0,0,0,0,0,0,0,0,0,0,0,0,0,0,0,2.0,3,1,1,0.0,998,2,Muy Alta,0,Tarde,Baja,Tarde,Bajo Riesgo
46291,2024,1,4,12,26,0,1,1,LR-284,10.1,3,2,6,3.0,0,0,1,1,0,0,1,1,2,0,0,0,0,0,0,0,0,0,0,0,0,0,0,0,0,0,0,0,0,0,0,0,2.0,1,1,1,0.0,998,2,Baja,0,Mañana,Baja,Tarde,Bajo Riesgo
46292,2024,8,4,10,26,0,1,1,LR-284,11.351,2,2,6,13.0,0,1,0,1,0,1,0,1,1,0,0,0,0,0,0,0,0,0,0,0,0,0,0,0,0,0,0,0,0,0,0,0,2.0,1,1,1,0.0,998,2,Baja,0,Mañana,Baja,Mañana,Bajo Riesgo
46293,2024,8,5,18,26,0,1,1,N-111,313.9,2,1,6,7.0,1,0,0,1,1,0,0,1,1,1,0,0,0,0,0,0,0,0,0,0,1,0,0,0,0,0,0,0,0,0,0,0,2.0,1,1,2,0.0,1,1,Muy Alta,0,Tarde,Alta,Noche,Bajo Riesgo
46294,2024,8,3,7,26,0,1,1,N-111,316.7,2,1,6,16.0,0,0,1,1,0,0,1,1,1,0,0,0,0,0,0,0,0,0,0,0,0,0,0,0,0,0,0,0,0,0,0,0,2.0,1,1,2,0.0,998,1,Muy Alta,0,Mañana,Baja,Mañana,Bajo Riesgo
46295,2024,8,5,10,26,0,1,1,N-111,316.502,1,1,7,20.0,0,0,1,1,0,0,1,1,2,0,0,0,0,0,0,0,0,0,0,0,0,0,0,0,0,0,0,0,0,0,0,0,1.0,1,1,1,0.0,998,2,Muy Alta,0,Mañana,Baja,Mañana,Bajo Riesgo
46296,2024,11,6,10,26,0,3,2,No inventariada,13.6,4,4,9,20.0,0,0,1,1,0,0,1,1,2,0,0,0,0,0,0,0,0,0,0,0,0,0,0,0,0,0,0,0,0,0,0,0,2.0,1,1,1,0.0,998,998,Baja,0,Mañana,Baja,Mañana,Bajo Riesgo
46297,2024,12,3,19,26,0,3,2,No inventariada,13.6,4,4,9,3.0,0,0,1,1,0,0,1,1,2,0,0,0,0,0,0,0,0,0,0,0,0,0,0,0,0,0,0,0,0,0,0,0,1.0,1,4,1,0.0,998,998,Baja,0,Noche,Baja,Noche,Bajo Riesgo
46298,2024,2,5,17,26,0,1,1,LR-255,3.0,1,2,6,7.0,0,0,1,1,0,0,1,1,1,0,0,0,0,0,0,0,0,0,0,0,0,0,0,0,0,0,0,0,0,0,0,0,2.0,1,1,1,0.0,4,1,Baja,0,Tarde,Baja,Tarde,Bajo Riesgo
46299,2024,3,1,17,26,0,1,1,LR-344,2.5,1,2,6,10.0,0,1,0,1,0,1,0,1,1,0,0,0,0,0,0,0,0,0,0,0,0,0,0,0,0,0,0,0,0,0,0,0,2.0,1,1,1,0.0,998,1,Baja,0,Tarde,Baja,Tarde,Bajo Riesgo
46300,2024,6,4,15,26,0,1,1,LR-250,7.619,1,2,6,4.0,0,0,2,2,0,0,2,2,2,0,0,0,0,0,0,0,0,0,0,0,0,0,0,0,0,0,0,0,0,0,0,0,2.0,1,1,1,0.0,998,1,Baja,0,Tarde,Baja,Tarde,Bajo Riesgo
46301,2024,6,3,20,26,0,1,1,LR-254,9.9,2,2,6,3.0,0,0,1,1,0,0,1,1,2,0,0,0,0,0,0,0,0,0,0,0,0,0,0,0,0,0,0,0,0,0,0,0,2.0,1,1,1,0.0,998,1,Baja,0,Noche,Baja,Noche,Bajo Riesgo
46302,2024,1,3,12,26,0,1,1,LR-131,73.8,1,2,6,18.0,0,0,1,1,0,0,1,1,1,0,0,0,0,0,0,0,0,0,0,0,0,0,0,0,0,0,0,0,0,0,0,0,2.0,3,1,2,0.0,998,1,Media,0,Mañana,Baja,Tarde,Bajo Riesgo
46303,2024,7,5,0,26,0,1,1,LR-131,75.0,2,2,6,12.0,0,0,2,2,0,0,2,2,1,0,0,0,0,0,0,0,0,0,0,0,0,0,0,0,0,0,0,0,0,0,0,0,2.0,1,6,1,0.0,998,1,Media,0,,Baja,Madrugada,Bajo Riesgo
46304,2024,10,5,22,26,0,1,1,LR-115,45.384,2,2,6,10.0,0,0,1,1,0,0,1,1,1,0,0,0,0,0,0,0,0,0,0,0,0,0,0,0,0,0,0,0,0,0,0,0,2.0,3,6,1,0.0,998,1,Baja,0,Noche,Baja,Noche,Bajo Riesgo
46305,2024,11,6,11,26,0,3,2,No inventariada,13.6,4,4,9,7.0,0,0,1,1,0,0,1,1,1,0,0,0,0,0,0,0,0,0,0,0,0,0,0,0,0,0,0,0,0,0,0,0,1.0,1,1,2,0.0,1,998,Baja,0,Mañana,Baja,Mañana,Bajo Riesgo
46306,2024,3,1,17,26,0,1,1,LR-207,14.9,2,2,6,19.0,0,0,2,2,0,0,2,2,1,0,0,0,0,0,0,0,0,0,0,0,0,0,0,0,0,0,0,0,0,0,0,0,2.0,1,1,1,0.0,998,3,Baja,0,Tarde,Baja,Tarde,Bajo Riesgo
46307,2024,5,5,21,26,0,3,2,No inventariada,13.6,4,4,9,1.0,0,0,1,1,0,0,1,1,2,0,0,0,0,0,0,0,0,0,0,0,0,0,0,0,0,0,0,0,0,0,0,0,2.0,1,4,2,0.0,998,998,Baja,0,Noche,Baja,Noche,Bajo Riesgo
46308,2024,1,2,9,26,26011,3,2,No inventariada,13.6,4,4,9,4.0,0,0,1,1,0,0,1,1,2,0,0,0,0,0,0,0,0,0,0,0,0,0,0,0,0,0,0,0,0,0,0,0,2.0,1,1,1,0.0,998,998,Baja,0,Mañana,Baja,Mañana,Bajo Riesgo
46309,2024,1,3,14,26,26011,3,2,No inventariada,13.6,4,4,9,7.0,0,0,1,1,0,0,1,1,1,0,0,0,0,0,0,0,0,0,0,0,0,0,0,0,0,0,0,0,0,0,0,0,1.0,1,1,1,0.0,3,998,Baja,0,Tarde,Baja,Tarde,Bajo Riesgo
46310,2024,2,6,13,26,26011,3,2,No inventariada,13.6,4,4,9,10.0,0,0,1,1,0,0,1,1,1,0,0,0,0,0,0,0,0,0,0,0,0,0,0,0,0,0,0,0,0,0,0,0,1.0,2,1,1,0.0,998,998,Baja,0,Tarde,Baja,Tarde,Bajo Riesgo
46311,2024,2,6,18,26,26011,3,2,No inventariada,13.6,4,4,9,7.0,0,0,2,2,0,0,2,2,1,0,0,0,0,0,0,0,0,0,0,0,0,0,0,0,0,0,0,0,0,0,0,0,2.0,1,3,1,0.0,3,998,Baja,0,Tarde,Baja,Noche,Bajo Riesgo
46312,2024,2,6,14,26,26011,3,2,No inventariada,13.6,4,4,9,7.0,0,0,1,1,0,0,1,1,1,0,0,0,0,0,0,0,0,0,0,0,0,0,0,0,0,0,0,0,0,0,0,0,1.0,1,1,1,0.0,3,998,Baja,0,Tarde,Baja,Tarde,Bajo Riesgo
46313,2024,6,5,17,26,26011,1,1,No inventariada,6.0,1,4,10,4.0,0,0,1,1,0,0,1,1,2,0,0,0,0,0,0,0,0,0,0,0,0,0,0,0,0,0,0,0,0,0,0,0,2.0,2,1,1,0.0,998,1,Baja,0,Tarde,Baja,Tarde,Bajo Riesgo
46314,2024,11,1,18,26,26011,1,1,N-232,340.2,2,1,6,18.0,0,0,1,1,0,0,1,1,1,0,0,0,0,0,0,0,0,0,0,0,0,0,0,0,0,0,0,0,0,0,0,0,2.0,1,6,1,0.0,998,1,Muy Alta,0,Tarde,Baja,Noche,Bajo Riesgo
46315,2024,5,4,20,26,26011,3,2,No inventariada,13.6,4,4,9,3.0,0,1,0,1,0,1,0,1,2,0,0,0,0,0,0,0,0,0,0,0,0,0,0,0,0,0,0,0,0,0,0,0,1.0,1,3,1,0.0,998,998,Baja,0,Noche,Baja,Noche,Bajo Riesgo
46316,2024,11,7,19,26,26011,3,2,No inventariada,13.6,4,4,9,3.0,0,1,0,1,0,1,0,1,2,0,0,0,0,0,0,0,0,0,0,0,0,0,0,0,0,0,0,0,0,0,0,0,1.0,1,4,1,0.0,998,998,Baja,0,Noche,Baja,Noche,Bajo Riesgo
46317,2024,7,1,20,26,0,2,2,LR-202,4.27,1,2,6,3.0,0,0,1,1,0,0,1,1,2,0,0,0,0,0,0,0,0,0,0,0,0,0,0,0,0,0,0,0,0,0,0,0,1.0,1,1,1,0.0,998,2,Baja,0,Noche,Baja,Noche,Bajo Riesgo
46318,2024,8,6,8,26,0,2,2,LR-202,3.9,2,2,6,20.0,0,0,1,1,0,0,1,1,1,0,0,0,0,0,0,0,0,0,0,0,0,0,0,0,0,0,0,0,0,0,0,0,2.0,1,1,1,0.0,998,1,Baja,0,Mañana,Baja,Mañana,Bajo Riesgo
46319,2024,8,3,11,26,0,1,1,LR-113,48.5,2,2,6,4.0,0,0,1,1,0,0,1,1,2,0,0,0,0,0,0,0,0,0,0,0,0,0,0,0,0,0,0,0,0,0,0,0,2.0,1,1,1,0.0,998,1,Baja,0,Mañana,Baja,Mañana,Bajo Riesgo
46320,2024,9,7,12,26,0,1,1,LR-113,41.0,2,2,6,10.0,0,0,1,1,0,0,1,1,1,0,0,0,0,0,0,0,0,0,0,0,0,0,0,0,0,0,0,0,0,0,0,0,2.0,2,1,1,0.0,998,1,Baja,0,Mañana,Baja,Tarde,Bajo Riesgo
46321,2024,12,7,11,26,0,3,2,No inventariada,13.6,4,4,14,10.0,0,1,0,1,0,1,0,1,1,0,0,0,0,0,0,0,0,0,0,0,0,0,0,0,0,0,0,0,0,0,0,0,2.0,1,1,1,0.0,998,998,Baja,0,Mañana,Baja,Mañana,Bajo Riesgo
46322,2024,1,4,13,26,26018,1,1,LR-134,2.0,2,2,6,19.0,0,0,1,1,0,0,1,1,2,0,0,0,0,0,0,0,0,0,0,0,0,0,0,0,0,0,0,0,0,0,0,0,1.0,1,1,1,0.0,998,2,Baja,0,Tarde,Baja,Tarde,Bajo Riesgo
46323,2024,7,2,3,26,26018,1,1,LR-123,49.9,1,2,6,12.0,0,0,1,1,0,0,1,1,1,0,0,0,0,0,0,0,0,0,0,0,0,0,0,0,0,0,0,0,0,0,0,0,2.0,1,4,1,0.0,998,2,Baja,0,Madrugada,Baja,Madrugada,Bajo Riesgo
46324,2024,9,4,12,26,26018,1,1,LR-123,51.5,1,2,6,2.0,0,0,4,4,0,0,4,4,2,0,0,0,0,0,0,0,0,0,0,0,0,0,0,0,0,0,0,0,0,0,0,0,1.0,1,1,1,0.0,998,3,Media,0,Mañana,Media,Tarde,Bajo Riesgo
46325,2024,9,6,15,26,26018,1,1,LR-123,40.446,2,2,6,16.0,0,0,1,1,0,0,1,1,1,0,0,0,0,0,0,0,0,0,0,0,0,0,0,0,0,0,0,0,0,0,0,0,2.0,2,1,1,0.0,998,2,Baja,0,Tarde,Baja,Tarde,Bajo Riesgo
46326,2024,9,3,9,26,26018,3,2,No inventariada,13.6,4,4,9,1.0,0,0,1,1,0,0,1,1,2,0,0,0,0,0,0,0,0,0,0,0,0,0,0,0,0,0,0,0,0,0,0,0,2.0,1,1,1,0.0,998,998,Baja,0,Mañana,Baja,Mañana,Bajo Riesgo
46327,2024,11,6,14,26,26018,3,2,No inventariada,13.6,4,2,9,16.0,0,0,3,3,0,0,3,3,1,0,0,0,0,0,0,0,0,0,0,0,0,0,0,0,0,0,0,0,0,0,0,0,2.0,1,1,1,0.0,998,998,Baja,0,Tarde,Media,Tarde,Bajo Riesgo
46328,2024,7,3,7,26,0,1,1,N-232,382.0,2,1,6,3.0,0,0,5,5,0,0,5,5,2,0,0,0,0,0,0,0,0,0,0,0,0,0,0,0,0,0,0,0,0,0,0,0,2.0,1,1,1,0.0,998,1,Muy Alta,0,Mañana,Media,Mañana,Bajo Riesgo
46329,2024,4,5,9,26,0,2,2,LR-282,0.1,2,2,6,7.0,0,0,1,1,0,0,1,1,1,0,0,0,0,0,0,0,0,0,0,0,0,0,0,0,0,0,0,0,0,0,0,0,2.0,1,1,1,0.0,4,1,Baja,0,Mañana,Baja,Mañana,Bajo Riesgo
46330,2024,7,5,10,26,0,1,1,No inventariada,0.1,2,4,10,10.0,0,0,1,1,0,0,1,1,1,0,0,0,0,0,0,0,0,0,0,0,0,0,0,0,0,0,0,0,0,0,0,0,2.0,2,1,1,0.0,998,1,Baja,0,Mañana,Baja,Mañana,Bajo Riesgo
46331,2024,12,3,20,26,0,1,1,LR-282,6.3,1,2,6,2.0,0,0,3,3,0,0,3,3,2,0,0,0,0,0,0,0,0,0,0,0,0,0,0,0,0,0,0,0,0,0,0,0,1.0,1,6,2,0.0,998,1,Baja,0,Noche,Media,Noche,Bajo Riesgo
46332,2024,12,2,16,26,0,1,1,LR-115,36.275,1,2,6,19.0,0,0,2,2,0,0,2,2,1,0,0,0,0,0,0,0,0,0,0,0,0,0,0,0,0,0,0,0,0,0,0,0,2.0,1,1,1,0.0,998,2,Baja,0,Tarde,Baja,Tarde,Bajo Riesgo
46333,2024,8,6,9,26,0,1,1,A-12,116.3,1,1,3,17.0,1,0,0,1,1,0,0,1,1,0,0,0,0,0,0,0,1,0,0,0,0,0,0,0,0,0,0,1,0,0,0,0,2.0,1,1,1,0.0,998,1,Alta,0,Mañana,Alta,Mañana,Bajo Riesgo
46334,2024,12,6,19,26,0,1,1,A-12,117.4,2,1,3,4.0,0,1,4,5,0,1,4,5,2,0,0,0,0,0,0,0,0,0,0,0,0,0,0,0,0,0,0,0,0,0,0,0,2.0,1,6,1,0.0,998,1,Alta,0,Noche,Media,Noche,Bajo Riesgo
46335,2024,6,1,15,26,0,1,1,DESCONOCID,1.8,1,4,10,15.0,0,0,1,1,0,0,1,1,1,0,0,0,0,0,0,0,0,0,0,0,0,0,0,0,0,0,0,0,0,0,0,0,2.0,1,1,1,0.0,998,1,Baja,0,Tarde,Baja,Tarde,Bajo Riesgo
46336,2024,8,2,18,26,0,1,1,LR-111,26.812,1,2,6,16.0,0,0,1,1,0,0,1,1,1,0,0,0,0,0,0,0,0,0,0,0,0,0,0,0,0,0,0,0,0,0,0,0,2.0,4,1,4,0.0,998,2,Baja,0,Tarde,Baja,Noche,Bajo Riesgo
46337,2024,4,6,13,26,0,1,1,LR-207,29.0,2,2,5,19.0,0,0,1,1,0,0,1,1,1,0,0,0,0,0,0,0,0,0,0,0,0,0,0,0,0,0,0,0,0,0,0,0,2.0,1,1,1,0.0,998,2,Baja,0,Tarde,Baja,Tarde,Bajo Riesgo
46338,2024,12,2,14,26,0,1,1,LR-206,10.45,2,2,6,2.0,0,0,5,5,0,0,5,5,2,0,0,0,0,0,0,0,0,0,0,0,0,0,0,0,0,0,0,0,0,0,0,0,1.0,1,1,1,0.0,998,1,Baja,0,Tarde,Media,Tarde,Bajo Riesgo
46339,2024,5,6,14,26,0,1,1,LR-232,21.5,2,2,6,19.0,0,1,0,1,0,1,0,1,1,0,0,0,0,0,0,0,0,0,0,0,0,0,0,0,0,0,0,0,0,0,0,0,2.0,1,1,1,0.0,998,1,Baja,0,Tarde,Baja,Tarde,Bajo Riesgo
46340,2024,2,4,7,26,0,1,1,LR-210,0.8,1,2,6,8.0,0,0,1,1,0,0,1,1,1,0,0,0,0,0,0,0,0,0,0,0,0,0,0,0,0,0,0,0,0,0,0,0,2.0,1,2,1,0.0,998,1,Baja,0,Mañana,Baja,Mañana,Bajo Riesgo
46341,2024,6,4,7,26,0,1,1,LR-314,1.155,1,2,6,12.0,0,0,1,1,0,0,1,1,1,0,0,0,0,0,0,0,0,0,0,0,0,0,0,0,0,0,0,0,0,0,0,0,2.0,2,1,1,0.0,998,3,Baja,0,Mañana,Baja,Mañana,Bajo Riesgo
46342,2024,7,5,17,26,0,1,1,LR-313,9.416,2,2,6,19.0,0,0,1,1,0,0,1,1,1,0,0,0,0,0,0,0,0,0,0,0,0,0,0,0,0,0,0,0,0,0,0,0,2.0,1,1,1,0.0,998,1,Baja,0,Tarde,Baja,Tarde,Bajo Riesgo
46343,2024,9,1,15,26,0,1,1,LR-313,8.635,2,2,6,7.0,0,0,1,1,0,0,1,1,1,0,0,0,0,0,0,0,0,0,0,0,0,0,0,0,0,0,0,0,0,0,0,0,2.0,1,1,1,0.0,1,1,Baja,0,Tarde,Baja,Tarde,Bajo Riesgo
46344,2024,7,2,10,26,0,1,1,LR-250,41.7,2,2,6,18.0,0,0,1,1,0,0,1,1,1,0,0,0,0,0,0,0,0,0,0,0,0,0,0,0,0,0,0,0,0,0,0,0,2.0,3,1,3,0.0,998,3,Baja,0,Mañana,Baja,Mañana,Bajo Riesgo
46345,2024,3,5,16,26,26036,1,1,LR-134,13.477,2,2,5,2.0,0,0,1,1,0,0,1,1,2,0,0,0,0,0,0,0,0,0,0,0,0,0,0,0,0,0,0,0,0,0,0,0,1.0,1,1,2,0.0,998,1,Baja,0,Tarde,Baja,Tarde,Bajo Riesgo
46346,2024,2,3,14,26,26036,3,2,No inventariada,13.6,4,4,9,4.0,1,1,1,3,1,1,1,3,4,0,0,0,0,1,0,0,0,0,0,0,0,0,0,0,1,0,0,0,0,0,0,0,2.0,1,1,1,0.0,998,998,Baja,0,Tarde,Alta,Tarde,Bajo Riesgo
46347,2024,5,1,0,26,26036,1,1,N-232,357.554,1,1,6,4.0,0,0,1,1,0,0,1,1,2,0,0,0,0,0,0,0,0,0,0,0,0,0,0,0,0,0,0,0,0,0,0,0,2.0,3,4,3,0.0,998,1,Muy Alta,0,,Baja,Madrugada,Bajo Riesgo
46348,2024,5,5,6,26,26036,1,1,AP-68,177.0,2,1,1,16.0,0,0,1,1,0,0,1,1,4,0,0,0,0,0,0,0,0,0,0,0,0,0,0,0,0,0,0,0,0,0,0,0,2.0,1,4,1,0.0,998,3,Alta,0,Madrugada,Baja,Mañana,Bajo Riesgo
46349,2024,3,3,8,26,26036,3,2,No inventariada,13.6,4,4,9,7.0,0,1,0,1,0,1,0,1,1,0,0,0,0,0,0,0,0,0,0,0,0,0,0,0,0,0,0,0,0,0,0,0,1.0,1,1,1,0.0,1,998,Baja,0,Mañana,Baja,Mañana,Bajo Riesgo
46350,2024,4,2,19,26,26036,3,2,No inventariada,13.6,4,4,9,7.0,0,0,2,2,0,0,2,2,1,0,0,0,0,0,0,0,0,0,0,0,0,0,0,0,0,0,0,0,0,0,0,0,2.0,1,1,1,0.0,1,998,Baja,0,Noche,Baja,Noche,Bajo Riesgo
46351,2024,5,6,18,26,26036,3,2,No inventariada,13.6,4,4,9,7.0,0,0,1,1,0,0,1,1,1,0,0,0,0,0,0,0,0,0,0,0,0,0,0,0,0,0,0,0,0,0,0,0,1.0,1,1,1,0.0,3,998,Baja,0,Tarde,Baja,Noche,Bajo Riesgo
46352,2024,7,1,14,26,26036,1,1,LR-134,13.9,1,2,6,2.0,0,0,1,1,0,0,1,1,3,0,0,0,0,0,0,0,0,0,0,0,0,0,0,0,0,0,0,0,0,0,0,0,1.0,1,1,1,0.0,998,1,Baja,0,Tarde,Baja,Tarde,Bajo Riesgo
46353,2024,5,5,19,26,26036,3,2,No inventariada,13.6,4,4,9,7.0,0,0,1,1,0,0,1,1,1,0,0,0,0,0,0,0,0,0,0,0,0,0,0,0,0,0,0,0,0,0,0,0,2.0,1,1,1,0.0,4,998,Baja,0,Noche,Baja,Noche,Bajo Riesgo
46354,2024,7,6,20,26,26036,1,1,LR-134,15.15,3,2,6,3.0,0,0,1,1,0,0,1,1,2,0,0,0,0,0,0,0,0,0,0,0,0,0,0,0,0,0,0,0,0,0,0,0,2.0,3,1,2,0.0,998,3,Baja,0,Noche,Baja,Noche,Bajo Riesgo
46355,2024,8,6,15,26,26036,1,1,AP-68,175.1,2,1,1,19.0,0,0,2,2,0,0,2,2,1,0,0,0,0,0,0,0,0,0,0,0,0,0,0,0,0,0,0,0,0,0,0,0,2.0,1,1,1,0.0,998,1,Alta,0,Tarde,Baja,Tarde,Bajo Riesgo
46356,2024,4,6,13,26,0,1,1,LR-113,59.1,2,2,6,12.0,1,0,0,1,1,0,0,1,1,0,0,0,0,1,0,0,0,0,0,0,0,0,0,0,1,0,0,0,0,0,0,0,2.0,1,1,1,0.0,998,2,Media,0,Tarde,Alta,Tarde,Bajo Riesgo
46357,2024,6,5,21,26,0,1,1,LR-205,1.8,2,2,6,3.0,0,1,0,1,0,1,0,1,2,0,0,0,0,0,0,0,0,0,0,0,0,0,0,0,0,0,0,0,0,0,0,0,1.0,1,4,1,0.0,998,1,Baja,0,Noche,Baja,Noche,Bajo Riesgo
46358,2024,9,6,9,26,0,1,1,LR-111,37.529,1,2,6,2.0,0,0,1,1,0,0,1,1,2,0,0,0,0,0,0,0,0,0,0,0,0,0,0,0,0,0,0,0,0,0,0,0,1.0,1,1,1,0.0,998,1,Baja,0,Mañana,Baja,Mañana,Bajo Riesgo
46359,2024,9,6,23,26,0,1,1,LR-111,36.5,1,2,6,12.0,0,0,1,1,0,0,1,1,1,0,0,0,0,0,0,0,0,0,0,0,0,0,0,0,0,0,0,0,0,0,0,0,2.0,1,6,1,0.0,998,3,Baja,0,Noche,Baja,Noche,Bajo Riesgo
46360,2024,1,2,21,26,0,1,1,LR-111,35.0,2,2,6,8.0,0,0,2,2,0,0,2,2,1,0,0,0,0,0,0,0,0,0,0,0,0,0,0,0,0,0,0,0,0,0,0,0,2.0,1,6,1,0.0,998,1,Baja,0,Noche,Baja,Noche,Bajo Riesgo
46361,2024,12,1,18,26,0,1,1,N-232,425.1,2,1,6,18.0,0,0,2,2,0,0,2,2,1,0,0,0,0,0,0,0,0,0,0,0,0,0,0,0,0,0,0,0,0,0,0,0,2.0,3,6,3,0.0,998,2,Muy Alta,0,Tarde,Baja,Noche,Bajo Riesgo
46362,2024,12,1,17,26,0,1,1,LR-512,0.186,2,2,6,4.0,0,0,2,2,0,0,2,2,2,0,0,0,0,0,0,0,0,0,0,0,0,0,0,0,0,0,0,0,0,0,0,0,2.0,1,1,1,0.0,998,1,Baja,0,Tarde,Baja,Tarde,Bajo Riesgo
46363,2024,4,3,8,26,0,1,1,N-113,63.519,1,1,6,3.0,0,0,3,3,0,0,3,3,2,0,0,0,0,0,0,0,0,0,0,0,0,0,0,0,0,0,0,0,0,0,0,0,2.0,1,1,1,0.0,998,2,Media,0,Mañana,Media,Mañana,Bajo Riesgo
46364,2024,7,3,7,26,0,1,1,N-113,64.5,3,1,6,2.0,0,0,3,3,0,0,3,3,2,0,0,0,0,0,0,0,0,0,0,0,0,0,0,0,0,0,0,0,0,0,0,0,2.0,1,1,1,0.0,998,1,Media,0,Mañana,Media,Mañana,Bajo Riesgo
46365,2024,8,4,18,26,0,1,1,N-113,66.7,1,1,6,16.0,0,0,1,1,0,0,1,1,1,0,0,0,0,0,0,0,0,0,0,0,0,0,0,0,0,0,0,0,0,0,0,0,2.0,3,1,3,0.0,998,1,Media,0,Tarde,Baja,Noche,Bajo Riesgo
46366,2024,8,4,19,26,0,1,1,N-113,65.0,1,1,6,12.0,0,0,3,3,0,0,3,3,1,0,0,0,0,0,0,0,0,0,0,0,0,0,0,0,0,0,0,0,0,0,0,0,2.0,3,1,3,0.0,998,2,Media,0,Noche,Media,Noche,Bajo Riesgo