ID_ACCIDENTE,ANYO,MES,DIA_SEMANA,HORA,COD_PROVINCIA,COD_MUNICIPIO,ZONA,ZONA_AGRUPADA,CARRETERA,KM,SENTIDO_1F,TITULARIDAD_VIA,TIPO_VIA,TIPO_ACCIDENTE,TOTAL_MU24H,TOTAL_HG24H,TOTAL_HL24H,TOTAL_VICTIMAS_24H,TOTAL_MU30DF,TOTAL_HG30DF,TOTAL_HL30DF,TOTAL_VICTIMAS_30DF,TOTAL_VEHICULOS,TOT_PEAT_MU24H,TOT_BICI_MU24H,TOT_CICLO_MU24H,TOT_MOTO_MU24H,TOT_TUR_MU24H,TOT_FURG_MU24H,TOT_CAM_MENOS3500_MU24H,TOT_CAM_MAS3500_MU24H,TOT_BUS_MU24H,TOT_OTRO_MU24H,TOT_SINESPECIF_MU24H,TOT_PEAT_MU30DF,TOT_BICI_MU30DF,TOT_CICLO_MU30DF,TOT_MOTO_MU30DF,TOT_TUR_MU30DF,TOT_FURG_MU30DF,TOT_CAM_MENOS3500_MU30DF,TOT_CAM_MAS3500_MU30DF,TOT_BUS_MU30DF,TOT_VMP_MU30DF,TOT_OTRO_MU30DF,TOT_SINESPECIF_MU30DF,NUDO,CONDICION_FIRME,CONDICION_ILUMINACION,CONDICION_METEO,CONDICION_NIEBLA,ACERA,TRAZADO_PLANTA,ZONA_KM,HAY_NIEBLA,TRAMO_HORA,gravedad_accidente,tramo_horario,zona_riesgo
48655,2024,8,4,9,28,28058,3,2,No inventariada,13.6,4,4,9,7.0,0,0,1,1,0,0,1,1,1,0,0,0,0,0,0,0,0,0,0,0,0,0,0,0,0,0,0,0,0,0,0,0,1.0,1,1,1,0.0,4,998,Baja,0,Mañana,Baja,Mañana,Bajo Riesgo
48656,2024,8,2,5,28,28058,1,1,A-42,18.7,2,1,3,3.0,0,0,1,1,0,0,1,1,2,0,0,0,0,0,0,0,0,0,0,0,0,0,0,0,0,0,0,0,0,0,0,0,2.0,1,4,1,0.0,998,1,Baja,0,Madrugada,Baja,Madrugada,Bajo Riesgo
48657,2024,8,5,16,28,28058,1,1,A-42,18.5,2,1,3,4.0,0,0,4,4,0,0,4,4,3,0,0,0,0,0,0,0,0,0,0,0,0,0,0,0,0,0,0,0,0,0,0,0,2.0,1,1,1,0.0,998,1,Baja,0,Tarde,Media,Tarde,Bajo Riesgo
48658,2024,9,3,18,28,28058,1,1,A-42,17.636,2,1,3,4.0,0,0,2,2,0,0,2,2,3,0,0,0,0,0,0,0,0,0,0,0,0,0,0,0,0,0,0,0,0,0,0,0,2.0,1,1,1,0.0,998,1,Baja,0,Tarde,Baja,Noche,Bajo Riesgo
48659,2024,9,3,18,28,28058,1,1,M-506,10.0,1,2,5,3.0,0,0,1,1,0,0,1,1,2,0,0,0,0,0,0,0,0,0,0,0,0,0,0,0,0,0,0,0,0,0,0,0,2.0,1,1,1,0.0,998,2,Baja,0,Tarde,Baja,Noche,Bajo Riesgo
48660,2024,9,3,11,28,28058,3,2,No inventariada,13.6,4,4,9,10.0,0,1,0,1,0,1,0,1,1,0,0,0,0,0,0,0,0,0,0,0,0,0,0,0,0,0,0,0,0,0,0,0,1.0,1,1,1,0.0,998,998,Baja,0,Mañana,Baja,Mañana,Bajo Riesgo
48661,2024,9,4,17,28,28058,1,1,A-42,16.901,1,1,3,12.0,0,0,3,3,0,0,3,3,1,0,0,0,0,0,0,0,0,0,0,0,0,0,0,0,0,0,0,0,0,0,0,0,2.0,1,1,2,0.0,998,1,Baja,0,Tarde,Media,Tarde,Bajo Riesgo
48662,2024,9,5,8,28,28073,1,1,M-413,1.0,2,2,6,4.0,0,0,1,1,0,0,1,1,3,0,0,0,0,0,0,0,0,0,0,0,0,0,0,0,0,0,0,0,0,0,0,0,2.0,1,1,2,0.0,998,1,Baja,0,Mañana,Baja,Mañana,Bajo Riesgo
48663,2024,9,4,22,28,28058,3,2,No inventariada,13.6,4,4,9,4.0,0,0,1,1,0,0,1,1,2,0,0,0,0,0,0,0,0,0,0,0,0,0,0,0,0,0,0,0,0,0,0,0,1.0,1,4,1,0.0,998,998,Baja,0,Noche,Baja,Noche,Bajo Riesgo
48664,2024,9,3,23,28,28058,1,1,M-506,20.0,2,2,5,10.0,0,0,1,1,0,0,1,1,1,0,0,0,0,0,0,0,0,0,0,0,0,0,0,0,0,0,0,0,0,0,0,0,1.0,3,4,3,0.0,998,2,Baja,0,Noche,Baja,Noche,Bajo Riesgo
48665,2024,9,3,8,28,28058,3,2,No inventariada,13.6,4,4,9,2.0,0,1,0,1,0,1,0,1,2,0,0,0,0,0,0,0,0,0,0,0,0,0,0,0,0,0,0,0,0,0,0,0,1.0,1,1,2,0.0,998,998,Baja,0,Mañana,Baja,Mañana,Bajo Riesgo
48666,2024,10,2,11,28,28058,1,1,M-506,10.661,2,2,5,4.0,0,0,1,1,0,0,1,1,2,0,0,0,0,0,0,0,0,0,0,0,0,0,0,0,0,0,0,0,0,0,0,0,2.0,1,1,2,0.0,998,1,Baja,0,Mañana,Baja,Mañana,Bajo Riesgo
48667,2024,10,6,4,28,28058,3,2,No inventariada,13.6,4,4,9,1.0,0,1,0,1,0,1,0,1,1,0,0,0,0,0,0,0,0,0,0,0,0,0,0,0,0,0,0,0,0,0,0,0,2.0,1,4,1,0.0,998,998,Baja,0,Madrugada,Baja,Madrugada,Bajo Riesgo
48668,2024,10,5,23,28,28058,1,1,M-506,18.016,2,2,5,12.0,0,0,1,1,0,0,1,1,1,0,0,0,0,0,0,0,0,0,0,0,0,0,0,0,0,0,0,0,0,0,0,0,2.0,3,4,3,0.0,998,2,Baja,0,Noche,Baja,Noche,Bajo Riesgo
48669,2024,10,6,11,28,28058,1,1,M-506a,1.002,1,2,8,4.0,0,0,2,2,0,0,2,2,2,0,0,0,0,0,0,0,0,0,0,0,0,0,0,0,0,0,0,0,0,0,0,0,2.0,3,1,3,0.0,998,2,Baja,0,Mañana,Baja,Mañana,Bajo Riesgo
48670,2024,10,7,6,28,28058,1,1,M-407,6.5,2,2,5,4.0,0,0,2,2,0,0,2,2,2,0,0,0,0,0,0,0,0,0,0,0,0,0,0,0,0,0,0,0,0,0,0,0,2.0,1,5,1,0.0,998,1,Baja,0,Madrugada,Baja,Mañana,Bajo Riesgo
48671,2024,10,7,14,28,28058,1,1,M-506,9.1,3,2,5,4.0,0,0,1,1,0,0,1,1,2,0,0,0,0,0,0,0,0,0,0,0,0,0,0,0,0,0,0,0,0,0,0,0,1.0,1,1,2,0.0,998,2,Baja,0,Tarde,Baja,Tarde,Bajo Riesgo
48672,2024,10,4,16,28,28058,1,1,M-506,20.5,1,2,5,4.0,0,0,1,1,0,0,1,1,2,0,0,0,0,0,0,0,0,0,0,0,0,0,0,0,0,0,0,0,0,0,0,0,2.0,1,1,1,0.0,998,1,Baja,0,Tarde,Baja,Tarde,Bajo Riesgo
48673,2024,10,5,14,28,28058,1,1,A-42,17.489,1,1,3,4.0,0,0,3,3,0,0,3,3,6,0,0,0,0,0,0,0,0,0,0,0,0,0,0,0,0,0,0,0,0,0,0,0,2.0,1,1,1,0.0,998,1,Baja,0,Tarde,Media,Tarde,Bajo Riesgo
48674,2024,10,4,15,28,28058,1,1,M-506,9.629,2,2,6,4.0,0,0,1,1,0,0,1,1,3,0,0,0,0,0,0,0,0,0,0,0,0,0,0,0,0,0,0,0,0,0,0,0,2.0,1,1,1,0.0,998,3,Baja,0,Tarde,Baja,Tarde,Bajo Riesgo
48675,2024,11,5,6,28,28058,1,1,A-42,18.9,1,1,3,7.0,0,1,0,1,0,1,0,1,1,0,0,0,0,0,0,0,0,0,0,0,0,0,0,0,0,0,0,0,0,0,0,0,2.0,3,4,2,0.0,1,1,Baja,0,Madrugada,Baja,Mañana,Bajo Riesgo
48676,2024,11,6,21,28,28058,1,1,M-405,0.5,1,2,6,7.0,0,1,0,1,0,1,0,1,1,0,0,0,0,0,0,0,0,0,0,0,0,0,0,0,0,0,0,0,0,0,0,0,2.0,1,4,1,0.0,1,1,Baja,0,Noche,Baja,Noche,Bajo Riesgo
48677,2024,11,6,22,28,28058,3,2,No inventariada,13.6,4,4,9,16.0,0,0,1,1,0,0,1,1,1,0,0,0,0,0,0,0,0,0,0,0,0,0,0,0,0,0,0,0,0,0,0,0,1.0,1,4,1,0.0,998,998,Baja,0,Noche,Baja,Noche,Bajo Riesgo
48678,2024,11,3,9,28,28065,1,1,A-42,16.384,2,1,3,4.0,0,0,1,1,0,0,1,1,3,0,0,0,0,0,0,0,0,0,0,0,0,0,0,0,0,0,0,0,0,0,0,0,2.0,1,1,1,0.0,998,1,Baja,0,Mañana,Baja,Mañana,Bajo Riesgo
48679,2024,11,6,14,28,28058,1,1,A-42,17.2,2,1,3,4.0,0,0,1,1,0,0,1,1,2,0,0,0,0,0,0,0,0,0,0,0,0,0,0,0,0,0,0,0,0,0,0,0,2.0,1,1,1,0.0,998,1,Baja,0,Tarde,Baja,Tarde,Bajo Riesgo
48680,2024,7,1,3,28,28058,3,2,No inventariada,13.6,4,4,9,6.0,0,0,1,1,0,0,1,1,1,0,0,0,0,0,0,0,0,0,0,0,0,0,0,0,0,0,0,0,0,0,0,0,1.0,1,4,7,0.0,998,998,Baja,0,Madrugada,Baja,Madrugada,Bajo Riesgo
48681,2024,8,7,23,28,28058,3,2,No inventariada,13.6,4,4,9,3.0,0,0,1,1,0,0,1,1,2,0,0,0,0,0,0,0,0,0,0,0,0,0,0,0,0,0,0,0,0,0,0,0,2.0,1,4,7,0.0,998,998,Baja,0,Noche,Baja,Noche,Bajo Riesgo
48682,2024,9,7,19,28,28058,3,2,No inventariada,13.6,4,4,9,7.0,0,0,1,1,0,0,1,1,1,0,0,0,0,0,0,0,0,0,0,0,0,0,0,0,0,0,0,0,0,0,0,0,1.0,1,1,7,0.0,1,998,Baja,0,Noche,Baja,Noche,Bajo Riesgo
48683,2024,8,7,15,28,28058,3,2,No inventariada,13.6,4,4,9,6.0,0,0,1,1,0,0,1,1,1,0,0,0,0,0,0,0,0,0,0,0,0,0,0,0,0,0,0,0,0,0,0,0,1.0,1,1,1,0.0,998,998,Baja,0,Tarde,Baja,Tarde,Bajo Riesgo
48684,2024,9,5,9,28,28058,3,2,No inventariada,13.6,4,4,9,2.0,0,0,1,1,0,0,1,1,2,0,0,0,0,0,0,0,0,0,0,0,0,0,0,0,0,0,0,0,0,0,0,0,1.0,1,1,1,0.0,998,998,Baja,0,Mañana,Baja,Mañana,Bajo Riesgo
48685,2024,9,7,20,28,28058,3,2,No inventariada,13.6,4,4,9,10.0,0,0,1,1,0,0,1,1,1,0,0,0,0,0,0,0,0,0,0,0,0,0,0,0,0,0,0,0,0,0,0,0,1.0,1,4,1,0.0,998,998,Baja,0,Noche,Baja,Noche,Bajo Riesgo
48686,2024,11,3,18,28,28058,1,1,M-50,60.012,1,1,2,4.0,0,0,1,1,0,0,1,1,2,0,0,0,0,0,0,0,0,0,0,0,0,0,0,0,0,0,0,0,0,0,0,0,2.0,3,4,2,0.0,998,1,Media,0,Tarde,Baja,Noche,Bajo Riesgo
48687,2024,8,7,23,28,28058,3,2,No inventariada,13.6,4,4,9,4.0,0,0,1,1,0,0,1,1,3,0,0,0,0,0,0,0,0,0,0,0,0,0,0,0,0,0,0,0,0,0,0,0,1.0,1,4,1,0.0,998,998,Baja,0,Noche,Baja,Noche,Bajo Riesgo
48688,2024,11,6,9,28,28058,1,1,M-506,9.1,2,2,5,16.0,0,0,1,1,0,0,1,1,1,0,0,0,0,0,0,0,0,0,0,0,0,0,0,0,0,0,0,0,0,0,0,0,2.0,3,1,1,0.0,998,2,Baja,0,Mañana,Baja,Mañana,Bajo Riesgo
48689,2024,11,2,15,28,28058,1,1,A-42,18.8,1,1,3,4.0,0,0,1,1,0,0,1,1,2,0,0,0,0,0,0,0,0,0,0,0,0,0,0,0,0,0,0,0,0,0,0,0,2.0,1,1,1,0.0,998,1,Baja,0,Tarde,Baja,Tarde,Bajo Riesgo
48690,2024,11,4,20,28,28058,3,2,No inventariada,13.6,4,4,9,7.0,0,0,1,1,0,0,1,1,1,0,0,0,0,0,0,0,0,0,0,0,0,0,0,0,0,0,0,0,0,0,0,0,1.0,1,4,1,0.0,4,998,Baja,0,Noche,Baja,Noche,Bajo Riesgo
48691,2024,12,2,20,28,28058,3,2,No inventariada,13.6,4,4,9,10.0,0,0,1,1,0,0,1,1,1,0,0,0,0,0,0,0,0,0,0,0,0,0,0,0,0,0,0,0,0,0,0,0,2.0,3,3,3,0.0,998,998,Baja,0,Noche,Baja,Noche,Bajo Riesgo
48692,2024,12,4,23,28,28058,3,2,No inventariada,13.6,4,4,9,10.0,0,0,1,1,0,0,1,1,1,0,0,0,0,0,0,0,0,0,0,0,0,0,0,0,0,0,0,0,0,0,0,0,2.0,1,4,1,0.0,998,998,Baja,0,Noche,Baja,Noche,Bajo Riesgo
48693,2024,12,4,23,28,28058,3,2,No inventariada,13.6,4,4,9,2.0,0,0,1,1,0,0,1,1,2,0,0,0,0,0,0,0,0,0,0,0,0,0,0,0,0,0,0,0,0,0,0,0,2.0,1,4,1,0.0,998,998,Baja,0,Noche,Baja,Noche,Bajo Riesgo
48694,2024,12,4,21,28,28058,3,2,No inventariada,13.6,4,4,14,2.0,0,0,1,1,0,0,1,1,2,0,0,0,0,0,0,0,0,0,0,0,0,0,0,0,0,0,0,0,0,0,0,0,1.0,1,4,1,0.0,998,998,Baja,0,Noche,Baja,Noche,Bajo Riesgo
48695,2024,12,1,14,28,28058,1,1,A-42,18.6,2,1,3,2.0,0,0,1,1,0,0,1,1,2,0,0,0,0,0,0,0,0,0,0,0,0,0,0,0,0,0,0,0,0,0,0,0,2.0,1,1,1,0.0,998,1,Baja,0,Tarde,Baja,Tarde,Bajo Riesgo
48696,2024,12,5,17,28,28058,3,2,No inventariada,13.6,4,4,9,2.0,0,1,0,1,0,1,0,1,2,0,0,0,0,0,0,0,0,0,0,0,0,0,0,0,0,0,0,0,0,0,0,0,1.0,1,1,1,0.0,998,998,Baja,0,Tarde,Baja,Tarde,Bajo Riesgo
48697,2024,12,1,22,28,28058,1,1,M-50,59.235,2,1,2,15.0,0,0,2,2,0,0,2,2,1,0,0,0,0,0,0,0,0,0,0,0,0,0,0,0,0,0,0,0,0,0,0,0,2.0,1,4,1,0.0,998,1,Media,0,Noche,Baja,Noche,Bajo Riesgo
48698,2024,12,1,6,28,28058,1,1,M-506,20.0,2,2,5,12.0,0,0,2,2,0,0,2,2,1,0,0,0,0,0,0,0,0,0,0,0,0,0,0,0,0,0,0,0,0,0,0,0,2.0,1,4,1,0.0,998,1,Baja,0,Madrugada,Baja,Mañana,Bajo Riesgo
48699,2024,12,7,19,28,28058,1,1,A-42,18.8,1,1,3,4.0,0,0,1,1,0,0,1,1,2,0,0,0,0,0,0,0,0,0,0,0,0,0,0,0,0,0,0,0,0,0,0,0,2.0,1,4,1,0.0,998,1,Baja,0,Noche,Baja,Noche,Bajo Riesgo
48700,2024,12,1,17,28,28058,3,2,No inventariada,13.6,4,4,9,7.0,0,0,1,1,0,0,1,1,1,0,0,0,0,0,0,0,0,0,0,0,0,0,0,0,0,0,0,0,0,0,0,0,1.0,1,1,1,0.0,1,998,Baja,0,Tarde,Baja,Tarde,Bajo Riesgo
48701,2024,12,7,13,28,28058,3,2,No inventariada,13.6,4,4,13,10.0,0,0,1,1,0,0,1,1,1,0,0,0,0,0,0,0,0,0,0,0,0,0,0,0,0,0,0,0,0,0,0,0,2.0,1,1,1,0.0,998,998,Baja,0,Tarde,Baja,Tarde,Bajo Riesgo
48702,2024,12,6,11,28,28058,3,2,No inventariada,13.6,4,4,9,7.0,0,0,1,1,0,0,1,1,1,0,0,0,0,0,0,0,0,0,0,0,0,0,0,0,0,0,0,0,0,0,0,0,1.0,1,1,1,0.0,4,998,Baja,0,Mañana,Baja,Mañana,Bajo Riesgo
48703,2024,12,1,20,28,28058,1,1,M-506a,0.977,1,2,5,16.0,0,0,1,1,0,0,1,1,1,0,0,0,0,0,0,0,0,0,0,0,0,0,0,0,0,0,0,0,0,0,0,0,2.0,3,4,1,0.0,998,2,Baja,0,Noche,Baja,Noche,Bajo Riesgo
48704,2024,2,6,12,28,28059,1,1,M-103,15.2,2,2,6,4.0,0,0,1,1,0,0,1,1,2,0,0,0,0,0,0,0,0,0,0,0,0,0,0,0,0,0,0,0,0,0,0,0,1.0,1,1,1,0.0,998,1,Baja,0,Mañana,Baja,Tarde,Bajo Riesgo
48705,2024,4,7,4,28,28134,1,1,M-111,15.0,1,2,5,14.0,0,0,1,1,0,0,1,1,1,0,0,0,0,0,0,0,0,0,0,0,0,0,0,0,0,0,0,0,0,0,0,0,2.0,1,4,1,0.0,998,1,Baja,0,Madrugada,Baja,Madrugada,Bajo Riesgo
48706,2024,2,4,19,28,28059,3,2,No inventariada,13.6,4,4,9,7.0,0,0,1,1,0,0,1,1,1,0,0,0,0,0,0,0,0,0,0,0,0,0,0,0,0,0,0,0,0,0,0,0,2.0,3,4,3,0.0,4,998,Baja,0,Noche,Baja,Noche,Bajo Riesgo
48707,2024,5,5,19,28,28059,1,1,M-111,23.75,1,2,5,18.0,0,1,0,1,0,1,0,1,1,0,0,0,0,0,0,0,0,0,0,0,0,0,0,0,0,0,0,0,0,0,0,0,2.0,1,1,1,0.0,998,1,Baja,0,Noche,Baja,Noche,Bajo Riesgo
48708,2024,6,5,9,28,28164,1,1,M-117,6.756,3,2,6,1.0,0,0,2,2,0,0,2,2,3,0,0,0,0,0,0,0,0,0,0,0,0,0,0,0,0,0,0,0,0,0,0,0,2.0,1,1,1,0.0,998,2,Baja,0,Mañana,Baja,Mañana,Bajo Riesgo
48709,2024,7,1,20,28,28059,1,1,M-111,20.6,1,2,6,6.0,0,0,1,1,0,0,1,1,2,0,0,0,0,0,0,0,0,0,0,0,0,0,0,0,0,0,0,0,0,0,0,0,2.0,1,1,1,0.0,998,1,Baja,0,Noche,Baja,Noche,Bajo Riesgo
48710,2024,7,2,6,28,28059,1,1,M-111,24.45,1,2,5,16.0,0,0,1,1,0,0,1,1,1,0,0,0,0,0,0,0,0,0,0,0,0,0,0,0,0,0,0,0,0,0,0,0,1.0,1,1,1,0.0,998,1,Baja,0,Madrugada,Baja,Mañana,Bajo Riesgo
48711,2024,7,6,6,28,28059,1,1,M-103,11.764,3,2,6,7.0,0,1,0,1,0,1,0,1,1,0,0,0,0,0,0,0,0,0,0,0,0,0,0,0,0,0,0,0,0,0,0,0,2.0,1,5,1,0.0,1,1,Baja,0,Madrugada,Baja,Mañana,Bajo Riesgo
48712,2024,9,7,19,28,28059,1,1,M-111,21.4,2,2,5,15.0,0,2,0,2,0,2,0,2,1,0,0,0,0,0,0,0,0,0,0,0,0,0,0,0,0,0,0,0,0,0,0,0,2.0,1,1,1,0.0,998,1,Baja,0,Noche,Baja,Noche,Bajo Riesgo
48713,2024,9,2,21,28,28134,1,1,M-111,15.0,2,2,5,2.0,0,0,2,2,0,0,2,2,2,0,0,0,0,0,0,0,0,0,0,0,0,0,0,0,0,0,0,0,0,0,0,0,1.0,1,5,1,0.0,998,1,Baja,0,Noche,Baja,Noche,Bajo Riesgo
48714,2024,11,5,20,28,28059,1,1,M-111,19.389,1,2,5,4.0,0,0,1,1,0,0,1,1,2,0,0,0,0,0,0,0,0,0,0,0,0,0,0,0,0,0,0,0,0,0,0,0,2.0,1,6,2,0.0,998,3,Baja,0,Noche,Baja,Noche,Bajo Riesgo
48715,2024,11,2,13,28,28164,1,1,M-117,6.4,2,2,6,5.0,0,0,1,1,0,0,1,1,3,0,0,0,0,0,0,0,0,0,0,0,0,0,0,0,0,0,0,0,0,0,0,0,2.0,1,1,1,0.0,998,1,Baja,0,Tarde,Baja,Tarde,Bajo Riesgo
48716,2024,12,3,14,28,28059,1,1,M-111,22.919,1,2,5,10.0,0,0,1,1,0,0,1,1,1,0,0,0,0,0,0,0,0,0,0,0,0,0,0,0,0,0,0,0,0,0,0,0,2.0,1,1,1,0.0,998,1,Baja,0,Tarde,Baja,Tarde,Bajo Riesgo
48717,2024,12,2,14,28,28059,1,1,M-103,15.2,1,2,6,4.0,0,0,1,1,0,0,1,1,2,0,0,0,0,0,0,0,0,0,0,0,0,0,0,0,0,0,0,0,0,0,0,0,1.0,1,1,1,0.0,998,1,Baja,0,Tarde,Baja,Tarde,Bajo Riesgo
48718,2024,1,3,16,28,0,1,1,A-3,65.5,2,1,3,18.0,0,0,1,1,0,0,1,1,1,0,0,0,0,0,0,0,0,0,0,0,0,0,0,0,0,0,0,0,0,0,0,0,2.0,3,1,2,0.0,998,2,Media,0,Tarde,Baja,Tarde,Bajo Riesgo
48719,2024,2,5,20,28,0,1,1,A-3,63.981,2,1,3,9.0,0,0,1,1,0,0,1,1,5,0,0,0,0,0,0,0,0,0,0,0,0,0,0,0,0,0,0,0,0,0,0,0,2.0,1,6,1,0.0,998,1,Media,0,Noche,Baja,Noche,Bajo Riesgo
48720,2024,3,5,5,28,0,1,1,M-240,0.5,1,2,6,2.0,0,0,3,3,0,0,3,3,2,0,0,0,0,0,0,0,0,0,0,0,0,0,0,0,0,0,0,0,0,0,0,0,2.0,1,2,1,0.0,998,1,Baja,0,Madrugada,Media,Madrugada,Bajo Riesgo
48721,2024,3,2,21,28,0,1,1,A-3,58.4,2,1,3,2.0,0,0,2,2,0,0,2,2,2,0,0,0,0,0,0,0,0,0,0,0,0,0,0,0,0,0,0,0,0,0,0,0,2.0,3,6,3,0.0,998,1,Media,0,Noche,Baja,Noche,Bajo Riesgo
48722,2024,3,3,12,28,0,1,1,A-3,62.231,1,1,3,5.0,0,0,1,1,0,0,1,1,4,0,0,0,0,0,0,0,0,0,0,0,0,0,0,0,0,0,0,0,0,0,0,0,2.0,3,1,3,0.0,998,1,Media,0,Mañana,Baja,Tarde,Bajo Riesgo
48723,2024,3,5,14,28,0,1,1,A-3,65.5,2,1,3,19.0,0,0,2,2,0,0,2,2,1,0,0,0,0,0,0,0,0,0,0,0,0,0,0,0,0,0,0,0,0,0,0,0,2.0,3,1,4,0.0,998,1,Media,0,Tarde,Baja,Tarde,Bajo Riesgo
48724,2024,4,1,13,28,0,1,1,A-3,65.523,2,1,3,12.0,0,0,1,1,0,0,1,1,1,0,0,0,0,0,0,0,0,0,0,0,0,0,0,0,0,0,0,0,0,0,0,0,2.0,1,1,2,0.0,998,1,Media,0,Tarde,Baja,Tarde,Bajo Riesgo
48725,2024,4,1,19,28,0,1,1,A-3,61.0,2,1,3,2.0,0,0,1,1,0,0,1,1,2,0,0,0,0,0,0,0,0,0,0,0,0,0,0,0,0,0,0,0,0,0,0,0,2.0,3,1,3,0.0,998,1,Media,0,Noche,Baja,Noche,Bajo Riesgo
48726,2024,5,3,14,28,0,1,1,A-3,60.8,1,1,3,4.0,0,0,2,2,0,0,2,2,2,0,0,0,0,0,0,0,0,0,0,0,0,0,0,0,0,0,0,0,0,0,0,0,2.0,1,1,1,0.0,998,1,Media,0,Tarde,Baja,Tarde,Bajo Riesgo
48727,2024,5,6,21,28,0,1,1,A-3,60.57,2,1,3,12.0,0,1,4,5,0,1,4,5,3,0,0,0,0,0,0,0,0,0,0,0,0,0,0,0,0,0,0,0,0,0,0,0,2.0,1,2,1,0.0,998,2,Media,0,Noche,Media,Noche,Bajo Riesgo
48728,2024,6,6,21,28,0,3,2,No inventariada,13.6,4,4,9,2.0,0,0,1,1,0,0,1,1,2,0,0,0,0,0,0,0,0,0,0,0,0,0,0,0,0,0,0,0,0,0,0,0,2.0,3,5,2,0.0,998,998,Baja,0,Noche,Baja,Noche,Bajo Riesgo
48729,2024,6,5,7,28,0,1,1,A-3,62.7,1,1,3,4.0,0,0,1,1,0,0,1,1,2,0,0,0,0,0,0,0,0,0,0,0,0,0,0,0,0,0,0,0,0,0,0,0,1.0,1,1,1,0.0,998,1,Media,0,Mañana,Baja,Mañana,Bajo Riesgo
48730,2024,6,5,19,28,0,1,1,A-3,62.0,2,1,3,12.0,0,1,0,1,0,1,0,1,1,0,0,0,0,0,0,0,0,0,0,0,0,0,0,0,0,0,0,0,0,0,0,0,2.0,1,1,1,0.0,998,1,Media,0,Noche,Baja,Noche,Bajo Riesgo
48731,2024,9,7,23,28,0,1,1,A-3,59.66,2,1,3,19.0,0,0,1,1,0,0,1,1,1,0,0,0,0,0,0,0,0,0,0,0,0,0,0,0,0,0,0,0,0,0,0,0,2.0,1,6,1,0.0,998,1,Media,0,Noche,Baja,Noche,Bajo Riesgo
48732,2024,9,6,1,28,0,1,1,A-3,64.9,2,1,3,4.0,1,0,2,3,1,0,2,3,2,0,0,0,0,1,0,0,0,0,0,0,0,0,0,0,1,0,0,0,0,0,0,0,2.0,1,6,2,0.0,998,1,Media,0,Madrugada,Alta,Madrugada,Bajo Riesgo
48733,2024,11,6,9,28,0,1,1,A-3,59.6,1,1,3,18.0,0,0,2,2,0,0,2,2,1,0,0,0,0,0,0,0,0,0,0,0,0,0,0,0,0,0,0,0,0,0,0,0,2.0,3,1,1,0.0,998,2,Media,0,Mañana,Baja,Mañana,Bajo Riesgo
48734,2024,11,1,13,28,0,1,1,A-3,65.5,2,1,3,18.0,0,2,0,2,0,2,0,2,2,0,0,0,0,0,0,0,0,0,0,0,0,0,0,0,0,0,0,0,0,0,0,0,2.0,3,1,3,0.0,998,2,Media,0,Tarde,Baja,Tarde,Bajo Riesgo
48735,2024,1,4,0,28,28061,1,1,A-6,32.835,2,1,2,15.0,0,0,1,1,0,0,1,1,1,0,0,0,0,0,0,0,0,0,0,0,0,0,0,0,0,0,0,0,0,0,0,0,2.0,3,4,3,0.0,998,2,Baja,0,,Baja,Madrugada,Bajo Riesgo
48736,2024,1,2,9,28,28061,3,2,No inventariada,13.6,4,4,9,12.0,0,0,1,1,0,0,1,1,3,0,0,0,0,0,0,0,0,0,0,0,0,0,0,0,0,0,0,0,0,0,0,0,2.0,1,1,1,0.0,998,998,Baja,0,Mañana,Baja,Mañana,Bajo Riesgo
48737,2024,1,3,8,28,28061,1,1,M-505,15.0,2,2,6,16.0,0,0,1,1,0,0,1,1,1,0,0,0,0,0,0,0,0,0,0,0,0,0,0,0,0,0,0,0,0,0,0,0,1.0,3,1,1,0.0,998,2,Baja,0,Mañana,Baja,Mañana,Bajo Riesgo
48738,2024,2,6,3,28,28061,1,1,M-528,1.849,2,2,6,15.0,0,0,1,1,0,0,1,1,1,0,0,0,0,0,0,0,0,0,0,0,0,0,0,0,0,0,0,0,0,0,0,0,2.0,3,6,3,0.0,998,2,Baja,0,Madrugada,Baja,Madrugada,Bajo Riesgo
48739,2024,2,6,7,28,28061,1,1,M-510,0.2,1,2,6,19.0,0,0,1,1,0,0,1,1,1,0,0,0,0,0,0,0,0,0,0,0,0,0,0,0,0,0,0,0,0,0,0,0,2.0,3,6,1,0.0,998,1,Baja,0,Mañana,Baja,Mañana,Bajo Riesgo
48740,2024,2,6,0,28,28061,1,1,M-510,4.5,1,2,6,3.0,0,0,3,3,0,0,3,3,2,0,0,0,0,0,0,0,0,0,0,0,0,0,0,0,0,0,0,0,0,0,0,0,1.0,1,3,1,0.0,998,1,Baja,0,,Media,Madrugada,Bajo Riesgo
48741,2024,2,4,14,28,28061,1,1,M-505,10.0,1,2,6,15.0,0,0,1,1,0,0,1,1,1,0,0,0,0,0,0,0,0,0,0,0,0,0,0,0,0,0,0,0,0,0,0,0,2.0,3,1,4,0.0,998,2,Baja,0,Tarde,Baja,Tarde,Bajo Riesgo
48742,2024,2,3,8,28,28061,1,1,M-528,3.4,1,2,6,19.0,0,0,2,2,0,0,2,2,1,0,0,0,0,0,0,0,0,0,0,0,0,0,0,0,0,0,0,0,0,0,0,0,2.0,1,1,1,0.0,998,2,Baja,0,Mañana,Baja,Mañana,Bajo Riesgo
48743,2024,2,5,11,28,28061,3,2,No inventariada,13.6,4,2,9,7.0,0,0,1,1,0,0,1,1,1,0,0,0,0,0,0,0,0,0,0,0,0,0,0,0,0,0,0,0,0,0,0,0,2.0,1,1,1,0.0,1,998,Baja,0,Mañana,Baja,Mañana,Bajo Riesgo
48744,2024,2,4,8,28,28061,1,1,A-6,35.186,2,1,2,16.0,0,0,2,2,0,0,2,2,2,0,0,0,0,0,0,0,0,0,0,0,0,0,0,0,0,0,0,0,0,0,0,0,2.0,1,1,1,0.0,998,1,Baja,0,Mañana,Baja,Mañana,Bajo Riesgo