ID_ACCIDENTE,ANYO,MES,DIA_SEMANA,HORA,COD_PROVINCIA,COD_MUNICIPIO,ZONA,ZONA_AGRUPADA,CARRETERA,KM,SENTIDO_1F,TITULARIDAD_VIA,TIPO_VIA,TIPO_ACCIDENTE,TOTAL_MU24H,TOTAL_HG24H,TOTAL_HL24H,TOTAL_VICTIMAS_24H,TOTAL_MU30DF,TOTAL_HG30DF,TOTAL_HL30DF,TOTAL_VICTIMAS_30DF,TOTAL_VEHICULOS,TOT_PEAT_MU24H,TOT_BICI_MU24H,TOT_CICLO_MU24H,TOT_MOTO_MU24H,TOT_TUR_MU24H,TOT_FURG_MU24H,TOT_CAM_MENOS3500_MU24H,TOT_CAM_MAS3500_MU24H,TOT_BUS_MU24H,TOT_OTRO_MU24H,TOT_SINESPECIF_MU24H,TOT_PEAT_MU30DF,TOT_BICI_MU30DF,TOT_CICLO_MU30DF,TOT_MOTO_MU30DF,TOT_TUR_MU30DF,TOT_FURG_MU30DF,TOT_CAM_MENOS3500_MU30DF,TOT_CAM_MAS3500_MU30DF,TOT_BUS_MU30DF,TOT_VMP_MU30DF,TOT_OTRO_MU30DF,TOT_SINESPECIF_MU30DF,NUDO,CONDICION_FIRME,CONDICION_ILUMINACION,CONDICION_METEO,CONDICION_NIEBLA,ACERA,TRAZADO_PLANTA,ZONA_KM,HAY_NIEBLA,TRAMO_HORA,gravedad_accidente,tramo_horario,zona_riesgo
59652,2024,3,7,8,28,28096,1,1,A-5,29.589,1,1,8,14.0,0,0,1,1,0,0,1,1,1,0,0,0,0,0,0,0,0,0,0,0,0,0,0,0,0,0,0,0,0,0,0,0,2.0,3,1,1,0.0,998,1,Baja,0,Mañana,Baja,Mañana,Bajo Riesgo
59653,2024,3,7,16,28,28096,1,1,M-507,4.865,1,2,6,2.0,0,0,1,1,0,0,1,1,2,0,0,0,0,0,0,0,0,0,0,0,0,0,0,0,0,0,0,0,0,0,0,0,1.0,1,1,1,0.0,998,1,Baja,0,Tarde,Baja,Tarde,Bajo Riesgo
59654,2024,3,4,14,28,28096,1,1,M-600,48.8,2,2,6,3.0,0,0,1,1,0,0,1,1,2,0,0,0,0,0,0,0,0,0,0,0,0,0,0,0,0,0,0,0,0,0,0,0,1.0,3,1,4,0.0,998,2,Baja,0,Tarde,Baja,Tarde,Bajo Riesgo
59655,2024,3,7,17,28,28096,1,1,A-5,27.845,2,1,3,5.0,0,0,4,4,0,0,4,4,3,0,0,0,0,0,0,0,0,0,0,0,0,0,0,0,0,0,0,0,0,0,0,0,2.0,3,1,4,0.0,998,1,Baja,0,Tarde,Media,Tarde,Bajo Riesgo
59656,2024,3,6,11,28,28096,1,1,A-5,31.5,2,1,3,15.0,0,0,1,1,0,0,1,1,1,0,0,0,0,0,0,0,0,0,0,0,0,0,0,0,0,0,0,0,0,0,0,0,2.0,3,1,3,0.0,998,2,Baja,0,Mañana,Baja,Mañana,Bajo Riesgo
59657,2024,2,6,20,28,28096,3,2,No inventariada,13.6,4,4,9,7.0,0,0,2,2,0,0,2,2,1,0,0,0,0,0,0,0,0,0,0,0,0,0,0,0,0,0,0,0,0,0,0,0,2.0,1,4,1,0.0,4,998,Baja,0,Noche,Baja,Noche,Bajo Riesgo
59658,2024,3,3,9,28,28096,1,1,A-5,31.308,2,1,3,4.0,0,0,1,1,0,0,1,1,2,0,0,0,0,0,0,0,0,0,0,0,0,0,0,0,0,0,0,0,0,0,0,0,2.0,1,1,1,0.0,998,1,Baja,0,Mañana,Baja,Mañana,Bajo Riesgo
59659,2024,3,3,17,28,28096,1,1,R-5,26.8,1,1,1,4.0,0,0,3,3,0,0,3,3,2,0,0,0,0,0,0,0,0,0,0,0,0,0,0,0,0,0,0,0,0,0,0,0,2.0,3,1,2,0.0,998,3,Baja,0,Tarde,Media,Tarde,Bajo Riesgo
59660,2024,4,1,10,28,28096,1,1,A-5,28.6,2,1,3,4.0,0,0,1,1,0,0,1,1,2,0,0,0,0,0,0,0,0,0,0,0,0,0,0,0,0,0,0,0,0,0,0,0,2.0,3,1,3,0.0,998,1,Baja,0,Mañana,Baja,Mañana,Bajo Riesgo
59661,2024,4,5,7,28,28096,1,1,A-5,31.588,2,1,3,4.0,0,0,4,4,0,0,4,4,3,0,0,0,0,0,0,0,0,0,0,0,0,0,0,0,0,0,0,0,0,0,0,0,2.0,1,1,1,0.0,998,1,Baja,0,Mañana,Media,Mañana,Bajo Riesgo
59662,2024,4,5,7,28,28096,1,1,A-5,35.545,2,1,3,3.0,0,0,1,1,0,0,1,1,2,0,0,0,0,0,0,0,0,0,0,0,0,0,0,0,0,0,0,0,0,0,0,0,2.0,1,1,1,0.0,998,1,Baja,0,Mañana,Baja,Mañana,Bajo Riesgo
59663,2024,4,6,9,28,28096,1,1,A-5,28.1,1,1,3,5.0,0,0,1,1,0,0,1,1,3,0,0,0,0,0,0,0,0,0,0,0,0,0,0,0,0,0,0,0,0,0,0,0,2.0,1,1,1,0.0,998,1,Baja,0,Mañana,Baja,Mañana,Bajo Riesgo
59664,2024,3,7,3,28,28096,3,2,No inventariada,13.6,4,4,9,4.0,0,0,1,1,0,0,1,1,2,0,0,0,0,0,0,0,0,0,0,0,0,0,0,0,0,0,0,0,0,0,0,0,1.0,1,4,7,0.0,998,998,Baja,0,Madrugada,Baja,Madrugada,Bajo Riesgo
59665,2024,3,2,17,28,28096,3,2,No inventariada,13.6,4,4,9,2.0,0,0,1,1,0,0,1,1,2,0,0,0,0,0,0,0,0,0,0,0,0,0,0,0,0,0,0,0,0,0,0,0,1.0,1,1,1,0.0,998,998,Baja,0,Tarde,Baja,Tarde,Bajo Riesgo
59666,2024,3,3,16,28,28096,3,2,No inventariada,13.6,4,4,9,7.0,0,0,1,1,0,0,1,1,1,0,0,0,0,0,0,0,0,0,0,0,0,0,0,0,0,0,0,0,0,0,0,0,2.0,1,1,1,0.0,4,998,Baja,0,Tarde,Baja,Tarde,Bajo Riesgo
59667,2024,5,5,5,28,28096,1,1,A-5,31.1,1,1,3,3.0,0,0,1,1,0,0,1,1,2,0,0,0,0,0,0,0,0,0,0,0,0,0,0,0,0,0,0,0,0,0,0,0,2.0,1,4,1,0.0,998,1,Baja,0,Madrugada,Baja,Madrugada,Bajo Riesgo
59668,2024,4,5,17,28,28096,3,2,No inventariada,13.6,4,4,9,10.0,0,0,1,1,0,0,1,1,1,0,0,0,0,0,0,0,0,0,0,0,0,0,0,0,0,0,0,0,0,0,0,0,1.0,1,1,1,0.0,998,998,Baja,0,Tarde,Baja,Tarde,Bajo Riesgo
59669,2024,5,6,18,28,28096,1,1,A-5,32.2,2,1,3,3.0,0,0,2,2,0,0,2,2,2,0,0,0,0,0,0,0,0,0,0,0,0,0,0,0,0,0,0,0,0,0,0,0,1.0,1,1,1,0.0,998,1,Baja,0,Tarde,Baja,Noche,Bajo Riesgo
59670,2024,5,3,6,28,28096,1,1,A-5,28.448,1,1,7,14.0,0,0,3,3,0,0,3,3,1,0,0,0,0,0,0,0,0,0,0,0,0,0,0,0,0,0,0,0,0,0,0,0,1.0,1,2,1,0.0,998,1,Baja,0,Madrugada,Media,Mañana,Bajo Riesgo
59671,2024,5,3,7,28,28096,1,1,M-404,0.1,1,2,6,1.0,0,0,2,2,0,0,2,2,2,0,0,0,0,0,0,0,0,0,0,0,0,0,0,0,0,0,0,0,0,0,0,0,1.0,1,2,1,0.0,998,4,Baja,0,Mañana,Baja,Mañana,Bajo Riesgo
59672,2024,6,6,13,28,28096,1,1,A-5,28.528,2,1,3,4.0,0,0,1,1,0,0,1,1,2,0,0,0,0,0,0,0,0,0,0,0,0,0,0,0,0,0,0,0,0,0,0,0,2.0,1,1,1,0.0,998,1,Baja,0,Tarde,Baja,Tarde,Bajo Riesgo
59673,2024,6,1,8,28,28096,1,1,A-5,28.547,2,1,3,4.0,0,0,1,1,0,0,1,1,3,0,0,0,0,0,0,0,0,0,0,0,0,0,0,0,0,0,0,0,0,0,0,0,2.0,1,1,1,0.0,998,1,Baja,0,Mañana,Baja,Mañana,Bajo Riesgo
59674,2024,5,5,16,28,28096,3,2,No inventariada,13.6,4,4,9,2.0,0,0,1,1,0,0,1,1,2,0,0,0,0,0,0,0,0,0,0,0,0,0,0,0,0,0,0,0,0,0,0,0,1.0,1,1,1,0.0,998,998,Baja,0,Tarde,Baja,Tarde,Bajo Riesgo
59675,2024,5,4,9,28,28096,3,2,No inventariada,13.6,4,4,9,19.0,0,0,2,2,0,0,2,2,1,0,0,0,0,0,0,0,0,0,0,0,0,0,0,0,0,0,0,0,0,0,0,0,1.0,3,1,7,0.0,998,998,Baja,0,Mañana,Baja,Mañana,Bajo Riesgo
59676,2024,5,4,12,28,28096,3,2,No inventariada,13.6,4,4,9,7.0,0,0,1,1,0,0,1,1,1,0,0,0,0,0,0,0,0,0,0,0,0,0,0,0,0,0,0,0,0,0,0,0,2.0,1,1,1,0.0,1,998,Baja,0,Mañana,Baja,Tarde,Bajo Riesgo
59677,2024,7,4,10,28,28096,1,1,A-5,31.0,2,1,3,4.0,0,0,1,1,0,0,1,1,3,0,0,0,0,0,0,0,0,0,0,0,0,0,0,0,0,0,0,0,0,0,0,0,2.0,1,1,1,0.0,998,1,Baja,0,Mañana,Baja,Mañana,Bajo Riesgo
59678,2024,6,6,13,28,28096,3,2,No inventariada,13.6,4,4,9,7.0,0,0,1,1,0,0,1,1,1,0,0,0,0,0,0,0,0,0,0,0,0,0,0,0,0,0,0,0,0,0,0,0,2.0,1,1,1,0.0,4,998,Baja,0,Tarde,Baja,Tarde,Bajo Riesgo
59679,2024,6,5,23,28,28096,3,2,No inventariada,13.6,4,4,9,16.0,0,0,1,1,0,0,1,1,1,0,0,0,0,0,0,0,0,0,0,0,0,0,0,0,0,0,0,0,0,0,0,0,1.0,1,4,1,0.0,998,998,Baja,0,Noche,Baja,Noche,Bajo Riesgo
59680,2024,6,1,13,28,28096,3,2,No inventariada,13.6,4,4,9,4.0,0,0,1,1,0,0,1,1,2,0,0,0,0,0,0,0,0,0,0,0,0,0,0,0,0,0,0,0,0,0,0,0,2.0,1,1,1,0.0,998,998,Baja,0,Tarde,Baja,Tarde,Bajo Riesgo
59681,2024,6,5,17,28,28096,3,2,No inventariada,13.6,4,4,9,7.0,0,0,1,1,0,0,1,1,1,0,0,0,0,0,0,0,0,0,0,0,0,0,0,0,0,0,0,0,0,0,0,0,2.0,1,1,1,0.0,4,998,Baja,0,Tarde,Baja,Tarde,Bajo Riesgo
59682,2024,7,5,17,28,28096,1,1,A-5,27.427,1,1,3,4.0,0,0,4,4,0,0,4,4,3,0,0,0,0,0,0,0,0,0,0,0,0,0,0,0,0,0,0,0,0,0,0,0,2.0,1,1,1,0.0,998,1,Baja,0,Tarde,Media,Tarde,Bajo Riesgo
59683,2024,7,7,19,28,28096,1,1,A-5,31.3,2,1,3,4.0,0,0,1,1,0,0,1,1,2,0,0,0,0,0,0,0,0,0,0,0,0,0,0,0,0,0,0,0,0,0,0,0,2.0,1,1,1,0.0,998,1,Baja,0,Noche,Baja,Noche,Bajo Riesgo
59684,2024,7,4,19,28,28096,1,1,A-5,28.0,2,1,3,4.0,0,0,3,3,0,0,3,3,3,0,0,0,0,0,0,0,0,0,0,0,0,0,0,0,0,0,0,0,0,0,0,0,2.0,1,1,1,0.0,998,1,Baja,0,Noche,Media,Noche,Bajo Riesgo
59685,2024,8,6,18,28,28096,1,1,A-5,34.0,1,1,3,4.0,0,0,2,2,0,0,2,2,2,0,0,0,0,0,0,0,0,0,0,0,0,0,0,0,0,0,0,0,0,0,0,0,2.0,1,1,1,0.0,998,1,Baja,0,Tarde,Baja,Noche,Bajo Riesgo
59686,2024,8,1,19,28,28096,1,1,A-5,29.333,2,1,3,4.0,0,0,1,1,0,0,1,1,2,0,0,0,0,0,0,0,0,0,0,0,0,0,0,0,0,0,0,0,0,0,0,0,1.0,1,1,1,0.0,998,1,Baja,0,Noche,Baja,Noche,Bajo Riesgo
59687,2024,9,7,13,28,28096,1,1,A-5,32.385,2,1,3,4.0,0,0,1,1,0,0,1,1,2,0,0,0,0,0,0,0,0,0,0,0,0,0,0,0,0,0,0,0,0,0,0,0,2.0,1,1,1,0.0,998,1,Baja,0,Tarde,Baja,Tarde,Bajo Riesgo
59688,2024,6,4,21,28,28096,3,2,No inventariada,13.6,4,4,9,2.0,0,0,2,2,0,0,2,2,2,0,0,0,0,0,0,0,0,0,0,0,0,0,0,0,0,0,0,0,0,0,0,0,1.0,1,2,1,0.0,998,998,Baja,0,Noche,Baja,Noche,Bajo Riesgo
59689,2024,9,1,12,28,28096,1,1,A-5,30.129,2,1,3,4.0,0,0,1,1,0,0,1,1,3,0,0,0,0,0,0,0,0,0,0,0,0,0,0,0,0,0,0,0,0,0,0,0,2.0,1,1,1,0.0,998,1,Baja,0,Mañana,Baja,Tarde,Bajo Riesgo
59690,2024,9,4,7,28,28096,1,1,A-5,30.5,2,1,3,5.0,0,0,1,1,0,0,1,1,3,0,0,0,0,0,0,0,0,0,0,0,0,0,0,0,0,0,0,0,0,0,0,0,2.0,1,5,1,0.0,998,1,Baja,0,Mañana,Baja,Mañana,Bajo Riesgo
59691,2024,8,1,8,28,28096,3,2,No inventariada,13.6,4,4,9,2.0,0,0,1,1,0,0,1,1,2,0,0,0,0,0,0,0,0,0,0,0,0,0,0,0,0,0,0,0,0,0,0,0,1.0,1,1,1,0.0,998,998,Baja,0,Mañana,Baja,Mañana,Bajo Riesgo
59692,2024,10,2,8,28,28096,1,1,A-5,27.0,2,1,3,4.0,0,0,1,1,0,0,1,1,2,0,0,0,0,0,0,0,0,0,0,0,0,0,0,0,0,0,0,0,0,0,0,0,2.0,1,6,2,0.0,998,1,Baja,0,Mañana,Baja,Mañana,Bajo Riesgo
59693,2024,10,7,16,28,28096,1,1,M-404,0.1,1,2,6,1.0,0,0,5,5,0,0,5,5,2,0,0,0,0,0,0,0,0,0,0,0,0,0,0,0,0,0,0,0,0,0,0,0,1.0,1,1,1,0.0,998,1,Baja,0,Tarde,Media,Tarde,Bajo Riesgo
59694,2024,10,4,18,28,28096,1,1,A-5,25.259,1,1,3,5.0,0,0,1,1,0,0,1,1,3,0,0,0,0,0,0,0,0,0,0,0,0,0,0,0,0,0,0,0,0,0,0,0,2.0,1,1,1,0.0,998,1,Baja,0,Tarde,Baja,Noche,Bajo Riesgo
59695,2024,10,7,17,28,28096,1,1,A-5,27.816,2,1,3,5.0,0,0,5,5,0,0,5,5,3,0,0,0,0,0,0,0,0,0,0,0,0,0,0,0,0,0,0,0,0,0,0,0,2.0,1,1,1,0.0,998,1,Baja,0,Tarde,Media,Tarde,Bajo Riesgo
59696,2024,10,7,10,28,28096,1,1,A-5,29.0,2,1,3,16.0,0,0,1,1,0,0,1,1,2,0,0,0,0,0,0,0,0,0,0,0,0,0,0,0,0,0,0,0,0,0,0,0,2.0,1,1,1,0.0,998,2,Baja,0,Mañana,Baja,Mañana,Bajo Riesgo
59697,2024,9,4,18,28,28096,3,2,No inventariada,13.6,4,4,9,7.0,0,0,1,1,0,0,1,1,1,0,0,0,0,0,0,0,0,0,0,0,0,0,0,0,0,0,0,0,0,0,0,0,1.0,1,1,1,0.0,1,998,Baja,0,Tarde,Baja,Noche,Bajo Riesgo
59698,2024,10,2,6,28,28096,1,1,A-5,25.3,2,1,3,5.0,0,0,2,2,0,0,2,2,5,0,0,0,0,0,0,0,0,0,0,0,0,0,0,0,0,0,0,0,0,0,0,0,2.0,1,3,2,0.0,998,1,Baja,0,Madrugada,Baja,Mañana,Bajo Riesgo
59699,2024,11,7,20,28,28096,1,1,A-5,28.139,2,1,3,5.0,0,0,4,4,0,0,4,4,3,0,0,0,0,0,0,0,0,0,0,0,0,0,0,0,0,0,0,0,0,0,0,0,2.0,1,6,1,0.0,998,1,Baja,0,Noche,Media,Noche,Bajo Riesgo
59700,2024,11,3,6,28,28096,1,1,A-5,26.0,2,1,3,4.0,0,0,1,1,0,0,1,1,2,0,0,0,0,0,0,0,0,0,0,0,0,0,0,0,0,0,0,0,0,0,0,0,2.0,1,5,1,0.0,998,1,Baja,0,Madrugada,Baja,Mañana,Bajo Riesgo
59701,2024,11,7,20,28,28096,1,1,A-5,32.2,1,1,3,4.0,0,0,2,2,0,0,2,2,2,0,0,0,0,0,0,0,0,0,0,0,0,0,0,0,0,0,0,0,0,0,0,0,2.0,1,2,1,0.0,998,1,Baja,0,Noche,Baja,Noche,Bajo Riesgo
59702,2024,11,2,11,28,28096,1,1,A-5,30.867,2,1,3,17.0,0,0,1,1,0,0,1,1,1,0,0,0,0,0,0,0,0,0,0,0,0,0,0,0,0,0,0,0,0,0,0,0,2.0,1,1,1,0.0,998,1,Baja,0,Mañana,Baja,Mañana,Bajo Riesgo
59703,2024,11,2,21,28,28096,1,1,A-5,27.351,1,1,3,5.0,0,1,6,7,0,1,6,7,4,0,0,0,0,0,0,0,0,0,0,0,0,0,0,0,0,0,0,0,0,0,0,0,2.0,1,6,1,0.0,998,1,Baja,0,Noche,Media,Noche,Bajo Riesgo
59704,2024,10,5,14,28,28096,3,2,No inventariada,13.6,4,4,9,4.0,0,0,2,2,0,0,2,2,2,0,0,0,0,0,0,0,0,0,0,0,0,0,0,0,0,0,0,0,0,0,0,0,2.0,1,1,1,0.0,998,998,Baja,0,Tarde,Baja,Tarde,Bajo Riesgo
59705,2024,10,4,21,28,28096,3,2,No inventariada,13.6,4,4,9,2.0,0,0,1,1,0,0,1,1,2,0,0,0,0,0,0,0,0,0,0,0,0,0,0,0,0,0,0,0,0,0,0,0,1.0,1,4,1,0.0,998,998,Baja,0,Noche,Baja,Noche,Bajo Riesgo
59706,2024,12,4,19,28,28096,1,1,A-5,33.892,1,1,3,5.0,0,0,1,1,0,0,1,1,3,0,0,0,0,0,0,0,0,0,0,0,0,0,0,0,0,0,0,0,0,0,0,0,2.0,1,6,1,0.0,998,1,Baja,0,Noche,Baja,Noche,Bajo Riesgo
59707,2024,12,1,16,28,28096,1,1,A-5,25.6,1,1,3,5.0,0,0,2,2,0,0,2,2,4,0,0,0,0,0,0,0,0,0,0,0,0,0,0,0,0,0,0,0,0,0,0,0,2.0,1,1,1,0.0,998,1,Baja,0,Tarde,Baja,Tarde,Bajo Riesgo
59708,2024,12,5,17,28,28096,1,1,R-5,28.103,1,1,1,16.0,0,0,2,2,0,0,2,2,1,0,0,0,0,0,0,0,0,0,0,0,0,0,0,0,0,0,0,0,0,0,0,0,2.0,1,1,1,0.0,998,1,Baja,0,Tarde,Baja,Tarde,Bajo Riesgo
59709,2024,2,3,6,28,0,1,1,M-855,4.5,2,2,6,16.0,0,0,1,1,0,0,1,1,1,0,0,0,0,0,0,0,0,0,0,0,0,0,0,0,0,0,0,0,0,0,0,0,2.0,1,5,2,1.0,998,2,Baja,1,Madrugada,Baja,Mañana,Bajo Riesgo
59710,2024,3,3,19,28,0,1,1,M-501,47.266,1,2,6,13.0,0,0,3,3,0,0,3,3,1,0,0,0,0,0,0,0,0,0,0,0,0,0,0,0,0,0,0,0,0,0,0,0,2.0,3,1,3,0.0,998,2,Baja,0,Noche,Media,Noche,Bajo Riesgo
59711,2024,8,4,22,28,0,1,1,M-855,3.2,2,2,6,12.0,0,0,1,1,0,0,1,1,1,0,0,0,0,0,0,0,0,0,0,0,0,0,0,0,0,0,0,0,0,0,0,0,2.0,1,6,1,0.0,998,2,Baja,0,Noche,Baja,Noche,Bajo Riesgo
59712,2024,8,5,13,28,0,1,1,M-501,46.7,3,2,6,1.0,0,1,1,2,0,1,1,2,3,0,0,0,0,0,0,0,0,0,0,0,0,0,0,0,0,0,0,0,0,0,0,0,2.0,1,1,1,0.0,998,2,Baja,0,Tarde,Baja,Tarde,Bajo Riesgo
59713,2024,9,6,13,28,0,1,1,M-501,47.0,1,2,6,4.0,0,0,3,3,0,0,3,3,2,0,0,0,0,0,0,0,0,0,0,0,0,0,0,0,0,0,0,0,0,0,0,0,2.0,1,1,1,0.0,998,1,Baja,0,Tarde,Media,Tarde,Bajo Riesgo
59714,2024,10,7,17,28,0,1,1,M-501,43.575,1,2,6,2.0,0,0,2,2,0,0,2,2,2,0,0,0,0,0,0,0,0,0,0,0,0,0,0,0,0,0,0,0,0,0,0,0,1.0,1,1,1,0.0,998,2,Baja,0,Tarde,Baja,Tarde,Bajo Riesgo
59715,2024,10,2,15,28,0,1,1,M-501,46.715,1,2,6,1.0,0,0,2,2,0,0,2,2,2,0,0,0,0,0,0,0,0,0,0,0,0,0,0,0,0,0,0,0,0,0,0,0,2.0,3,1,2,0.0,998,2,Baja,0,Tarde,Baja,Tarde,Bajo Riesgo
59716,2024,10,1,7,28,0,1,1,M-501,46.835,1,2,6,15.0,0,0,1,1,0,0,1,1,1,0,0,0,0,0,0,0,0,0,0,0,0,0,0,0,0,0,0,0,0,0,0,0,2.0,3,1,2,0.0,998,2,Baja,0,Mañana,Baja,Mañana,Bajo Riesgo
59717,2024,12,7,22,28,0,1,1,M-855,4.895,2,2,6,18.0,0,0,1,1,0,0,1,1,1,0,0,0,0,0,0,0,0,0,0,0,0,0,0,0,0,0,0,0,0,0,0,0,2.0,3,6,1,0.0,998,2,Baja,0,Noche,Baja,Noche,Bajo Riesgo
59718,2024,12,4,17,28,0,1,1,M-501,44.984,1,5,6,1.0,0,0,3,3,0,0,3,3,2,0,0,0,0,0,0,0,0,0,0,0,0,0,0,0,0,0,0,0,0,0,0,0,2.0,1,2,1,0.0,998,2,Baja,0,Tarde,Media,Tarde,Bajo Riesgo
59719,2024,6,5,11,28,28100,1,1,M-204,27.0,1,2,6,2.0,0,0,1,1,0,0,1,1,2,0,0,0,0,0,0,0,0,0,0,0,0,0,0,0,0,0,0,0,0,0,0,0,1.0,1,1,1,0.0,998,1,Baja,0,Mañana,Baja,Mañana,Bajo Riesgo
59720,2024,3,7,11,28,0,1,1,M-234,4.922,3,2,6,2.0,0,0,1,1,0,0,1,1,2,0,0,0,0,0,0,0,0,0,0,0,0,0,0,0,0,0,0,0,0,0,0,0,1.0,1,1,1,0.0,998,3,Baja,0,Mañana,Baja,Mañana,Bajo Riesgo
59721,2024,2,5,22,28,28104,1,1,M-113,0.5,1,2,6,18.0,0,0,1,1,0,0,1,1,1,0,0,0,0,0,0,0,0,0,0,0,0,0,0,0,0,0,0,0,0,0,0,0,2.0,3,5,3,0.0,998,2,Baja,0,Noche,Baja,Noche,Bajo Riesgo
59722,2024,2,4,18,28,28104,1,1,M-111,11.8,1,2,6,4.0,0,0,1,1,0,0,1,1,2,0,0,0,0,0,0,0,0,0,0,0,0,0,0,0,0,0,0,0,0,0,0,0,1.0,3,2,2,0.0,998,1,Baja,0,Tarde,Baja,Noche,Bajo Riesgo
59723,2024,4,4,18,28,28104,1,1,M-50,11.7,1,1,2,3.0,0,1,1,2,0,1,1,2,4,0,0,0,0,0,0,0,0,0,0,0,0,0,0,0,0,0,0,0,0,0,0,0,1.0,1,1,1,0.0,998,1,Baja,0,Tarde,Baja,Noche,Bajo Riesgo
59724,2024,5,7,16,28,28104,1,1,M-113,4.446,2,2,6,1.0,0,1,2,3,0,1,2,3,2,0,0,0,0,0,0,0,0,0,0,0,0,0,0,0,0,0,0,0,0,0,0,0,2.0,1,1,1,0.0,998,1,Baja,0,Tarde,Baja,Tarde,Bajo Riesgo
59725,2024,8,3,13,28,28104,1,1,M-50,9.6,2,1,2,4.0,0,0,1,1,0,0,1,1,2,0,0,0,0,0,0,0,0,0,0,0,0,0,0,0,0,0,0,0,0,0,0,0,2.0,1,1,1,0.0,998,1,Baja,0,Tarde,Baja,Tarde,Bajo Riesgo
59726,2024,11,4,23,28,28104,2,2,M-113,2.4,2,2,6,2.0,0,0,1,1,0,0,1,1,2,0,0,0,0,0,0,0,0,0,0,0,0,0,0,0,0,0,0,0,0,0,0,0,1.0,1,4,1,0.0,998,3,Baja,0,Noche,Baja,Noche,Bajo Riesgo
59727,2024,11,6,4,28,28104,1,1,M-113,0.3,1,2,6,1.0,0,0,1,1,0,0,1,1,2,0,0,0,0,0,0,0,0,0,0,0,0,0,0,0,0,0,0,0,0,0,0,0,2.0,1,6,1,0.0,998,2,Baja,0,Madrugada,Baja,Madrugada,Bajo Riesgo
59728,2024,12,3,8,28,28059,1,1,M-103,14.5,1,2,6,15.0,0,0,1,1,0,0,1,1,1,0,0,0,0,0,0,0,0,0,0,0,0,0,0,0,0,0,0,0,0,0,0,0,1.0,1,1,1,0.0,998,1,Baja,0,Mañana,Baja,Mañana,Bajo Riesgo
59729,2024,1,3,0,28,28106,3,2,No inventariada,13.6,4,4,9,10.0,0,0,1,1,0,0,1,1,1,0,0,0,0,0,0,0,0,0,0,0,0,0,0,0,0,0,0,0,0,0,0,0,1.0,3,4,1,1.0,998,998,Baja,1,,Baja,Madrugada,Bajo Riesgo
59730,2024,1,2,9,28,28106,3,2,No inventariada,13.6,4,4,9,20.0,0,0,1,1,0,0,1,1,2,0,0,0,0,0,0,0,0,0,0,0,0,0,0,0,0,0,0,0,0,0,0,0,1.0,1,1,1,0.0,998,998,Baja,0,Mañana,Baja,Mañana,Bajo Riesgo
59731,2024,1,2,13,28,28106,3,2,No inventariada,13.6,4,4,9,2.0,0,0,1,1,0,0,1,1,2,0,0,0,0,0,0,0,0,0,0,0,0,0,0,0,0,0,0,0,0,0,0,0,1.0,1,1,1,0.0,998,998,Baja,0,Tarde,Baja,Tarde,Bajo Riesgo
59732,2024,1,4,18,28,28106,1,1,A-42,21.11,2,1,3,4.0,0,0,3,3,0,0,3,3,5,0,0,0,0,0,0,0,0,0,0,0,0,0,0,0,0,0,0,0,0,0,0,0,2.0,3,3,3,0.0,998,1,Baja,0,Tarde,Media,Noche,Bajo Riesgo
59733,2024,1,7,11,28,28106,3,2,No inventariada,13.6,4,4,9,3.0,0,0,1,1,0,0,1,1,2,0,0,0,0,0,0,0,0,0,0,0,0,0,0,0,0,0,0,0,0,0,0,0,1.0,1,1,1,0.0,998,998,Baja,0,Mañana,Baja,Mañana,Bajo Riesgo
59734,2024,1,6,16,28,28106,3,2,No inventariada,13.6,4,4,9,7.0,0,0,1,1,0,0,1,1,1,0,0,0,0,0,0,0,0,0,0,0,0,0,0,0,0,0,0,0,0,0,0,0,2.0,1,1,1,0.0,4,998,Baja,0,Tarde,Baja,Tarde,Bajo Riesgo
59735,2024,1,4,22,28,28106,3,2,No inventariada,13.6,4,4,9,4.0,0,0,1,1,0,0,1,1,2,0,0,0,0,0,0,0,0,0,0,0,0,0,0,0,0,0,0,0,0,0,0,0,1.0,1,4,1,0.0,998,998,Baja,0,Noche,Baja,Noche,Bajo Riesgo
59736,2024,1,1,15,28,28106,3,2,No inventariada,13.6,4,4,9,2.0,0,0,1,1,0,0,1,1,2,0,0,0,0,0,0,0,0,0,0,0,0,0,0,0,0,0,0,0,0,0,0,0,1.0,1,1,1,0.0,998,998,Baja,0,Tarde,Baja,Tarde,Bajo Riesgo
59737,2024,1,2,16,28,28106,3,2,No inventariada,13.6,4,4,9,2.0,0,0,1,1,0,0,1,1,2,0,0,0,0,0,0,0,0,0,0,0,0,0,0,0,0,0,0,0,0,0,0,0,2.0,1,1,1,0.0,998,998,Baja,0,Tarde,Baja,Tarde,Bajo Riesgo
59738,2024,1,7,19,28,28106,3,2,No inventariada,13.6,4,4,14,20.0,0,0,1,1,0,0,1,1,2,0,0,0,0,0,0,0,0,0,0,0,0,0,0,0,0,0,0,0,0,0,0,0,1.0,1,4,1,0.0,998,998,Baja,0,Noche,Baja,Noche,Bajo Riesgo
59739,2024,1,3,14,28,28106,3,2,No inventariada,13.6,4,4,9,6.0,0,1,0,1,0,1,0,1,1,0,0,0,0,0,0,0,0,0,0,0,0,0,0,0,0,0,0,0,0,0,0,0,2.0,1,1,1,0.0,998,998,Baja,0,Tarde,Baja,Tarde,Bajo Riesgo
59740,2024,1,4,10,28,28106,3,2,No inventariada,13.6,4,4,9,7.0,0,0,1,1,0,0,1,1,1,0,0,0,0,0,0,0,0,0,0,0,0,0,0,0,0,0,0,0,0,0,0,0,2.0,1,1,1,0.0,4,998,Baja,0,Mañana,Baja,Mañana,Bajo Riesgo