ID_ACCIDENTE,ANYO,MES,DIA_SEMANA,HORA,COD_PROVINCIA,COD_MUNICIPIO,ZONA,ZONA_AGRUPADA,CARRETERA,KM,SENTIDO_1F,TITULARIDAD_VIA,TIPO_VIA,TIPO_ACCIDENTE,TOTAL_MU24H,TOTAL_HG24H,TOTAL_HL24H,TOTAL_VICTIMAS_24H,TOTAL_MU30DF,TOTAL_HG30DF,TOTAL_HL30DF,TOTAL_VICTIMAS_30DF,TOTAL_VEHICULOS,TOT_PEAT_MU24H,TOT_BICI_MU24H,TOT_CICLO_MU24H,TOT_MOTO_MU24H,TOT_TUR_MU24H,TOT_FURG_MU24H,TOT_CAM_MENOS3500_MU24H,TOT_CAM_MAS3500_MU24H,TOT_BUS_MU24H,TOT_OTRO_MU24H,TOT_SINESPECIF_MU24H,TOT_PEAT_MU30DF,TOT_BICI_MU30DF,TOT_CICLO_MU30DF,TOT_MOTO_MU30DF,TOT_TUR_MU30DF,TOT_FURG_MU30DF,TOT_CAM_MENOS3500_MU30DF,TOT_CAM_MAS3500_MU30DF,TOT_BUS_MU30DF,TOT_VMP_MU30DF,TOT_OTRO_MU30DF,TOT_SINESPECIF_MU30DF,NUDO,CONDICION_FIRME,CONDICION_ILUMINACION,CONDICION_METEO,CONDICION_NIEBLA,ACERA,TRAZADO_PLANTA,ZONA_KM,HAY_NIEBLA,TRAMO_HORA,gravedad_accidente,tramo_horario,zona_riesgo
65205,2024,12,1,12,29,29067,3,2,No inventariada,13.6,4,4,9,10.0,0,0,1,1,0,0,1,1,1,0,0,0,0,0,0,0,0,0,0,0,0,0,0,0,0,0,0,0,0,0,0,0,2.0,1,1,1,0.0,998,998,Baja,0,Mañana,Baja,Tarde,Bajo Riesgo
65206,2024,12,3,20,29,29067,3,2,No inventariada,13.6,4,4,9,4.0,0,0,2,2,0,0,2,2,2,0,0,0,0,0,0,0,0,0,0,0,0,0,0,0,0,0,0,0,0,0,0,0,1.0,1,4,1,0.0,998,998,Baja,0,Noche,Baja,Noche,Bajo Riesgo
65207,2024,11,6,11,29,29067,3,2,No inventariada,13.6,4,4,9,2.0,0,0,1,1,0,0,1,1,2,0,0,0,0,0,0,0,0,0,0,0,0,0,0,0,0,0,0,0,0,0,0,0,1.0,1,1,1,0.0,998,998,Baja,0,Mañana,Baja,Mañana,Bajo Riesgo
65208,2024,12,6,22,29,29067,3,2,No inventariada,13.6,4,4,9,4.0,0,0,2,2,0,0,2,2,2,0,0,0,0,0,0,0,0,0,0,0,0,0,0,0,0,0,0,0,0,0,0,0,1.0,1,4,1,0.0,998,998,Baja,0,Noche,Baja,Noche,Bajo Riesgo
65209,2024,4,3,14,29,29067,3,2,No inventariada,13.6,4,4,9,10.0,0,0,1,1,0,0,1,1,1,0,0,0,0,0,0,0,0,0,0,0,0,0,0,0,0,0,0,0,0,0,0,0,2.0,1,1,1,0.0,998,998,Baja,0,Tarde,Baja,Tarde,Bajo Riesgo
65210,2024,12,2,19,29,29067,3,2,No inventariada,13.6,4,4,9,4.0,0,0,1,1,0,0,1,1,2,0,0,0,0,0,0,0,0,0,0,0,0,0,0,0,0,0,0,0,0,0,0,0,2.0,1,4,1,0.0,998,998,Baja,0,Noche,Baja,Noche,Bajo Riesgo
65211,2024,12,2,12,29,29067,3,2,No inventariada,13.6,4,4,9,2.0,0,0,1,1,0,0,1,1,2,0,0,0,0,0,0,0,0,0,0,0,0,0,0,0,0,0,0,0,0,0,0,0,1.0,1,1,1,0.0,998,998,Baja,0,Mañana,Baja,Tarde,Bajo Riesgo
65212,2024,12,1,12,29,29067,3,2,No inventariada,13.6,4,4,9,2.0,0,0,1,1,0,0,1,1,4,0,0,0,0,0,0,0,0,0,0,0,0,0,0,0,0,0,0,0,0,0,0,0,1.0,1,1,1,0.0,998,998,Baja,0,Mañana,Baja,Tarde,Bajo Riesgo
65213,2024,12,3,17,29,29067,3,2,No inventariada,13.6,4,4,9,2.0,0,0,1,1,0,0,1,1,2,0,0,0,0,0,0,0,0,0,0,0,0,0,0,0,0,0,0,0,0,0,0,0,1.0,1,1,1,0.0,998,998,Baja,0,Tarde,Baja,Tarde,Bajo Riesgo
65214,2024,12,7,0,29,29067,3,2,No inventariada,13.6,4,4,9,20.0,0,0,1,1,0,0,1,1,2,0,0,0,0,0,0,0,0,0,0,0,0,0,0,0,0,0,0,0,0,0,0,0,2.0,1,4,1,0.0,998,998,Baja,0,,Baja,Madrugada,Bajo Riesgo
65215,2024,12,4,21,29,29067,3,2,No inventariada,13.6,4,4,9,1.0,0,0,1,1,0,0,1,1,2,0,0,0,0,0,0,0,0,0,0,0,0,0,0,0,0,0,0,0,0,0,0,0,2.0,1,4,1,0.0,998,998,Baja,0,Noche,Baja,Noche,Bajo Riesgo
65216,2024,12,5,10,29,29067,3,2,No inventariada,13.6,4,4,9,2.0,0,1,0,1,0,1,0,1,2,0,0,0,0,0,0,0,0,0,0,0,0,0,0,0,0,0,0,0,0,0,0,0,1.0,1,1,1,0.0,998,998,Baja,0,Mañana,Baja,Mañana,Bajo Riesgo
65217,2024,12,2,18,29,29067,3,2,No inventariada,13.6,4,4,9,9.0,0,0,2,2,0,0,2,2,1,0,0,0,0,0,0,0,0,0,0,0,0,0,0,0,0,0,0,0,0,0,0,0,2.0,1,4,1,0.0,998,998,Baja,0,Tarde,Baja,Noche,Bajo Riesgo
65218,2024,12,5,18,29,29067,1,1,MA-20,9.325,2,1,3,5.0,0,0,4,4,0,0,4,4,3,0,0,0,0,0,0,0,0,0,0,0,0,0,0,0,0,0,0,0,0,0,0,0,2.0,1,4,1,0.0,998,1,Baja,0,Tarde,Media,Noche,Bajo Riesgo
65219,2024,12,5,0,29,29067,3,2,No inventariada,13.6,4,4,9,2.0,0,0,4,4,0,0,4,4,3,0,0,0,0,0,0,0,0,0,0,0,0,0,0,0,0,0,0,0,0,0,0,0,1.0,1,4,1,0.0,998,998,Baja,0,,Media,Madrugada,Bajo Riesgo
65220,2024,12,5,11,29,29067,3,2,No inventariada,13.6,4,4,9,4.0,0,0,2,2,0,0,2,2,2,0,0,0,0,0,0,0,0,0,0,0,0,0,0,0,0,0,0,0,0,0,0,0,2.0,1,1,1,0.0,998,998,Baja,0,Mañana,Baja,Mañana,Bajo Riesgo
65221,2024,12,5,17,29,29067,3,2,No inventariada,13.6,4,4,9,2.0,0,0,1,1,0,0,1,1,2,0,0,0,0,0,0,0,0,0,0,0,0,0,0,0,0,0,0,0,0,0,0,0,1.0,1,1,1,0.0,998,998,Baja,0,Tarde,Baja,Tarde,Bajo Riesgo
65222,2024,12,1,17,29,29067,3,2,No inventariada,13.6,4,4,9,10.0,0,0,1,1,0,0,1,1,2,0,0,0,0,0,0,0,0,0,0,0,0,0,0,0,0,0,0,0,0,0,0,0,1.0,1,1,1,0.0,998,998,Baja,0,Tarde,Baja,Tarde,Bajo Riesgo
65223,2024,12,7,0,29,29067,3,2,No inventariada,13.6,4,4,9,2.0,0,0,1,1,0,0,1,1,2,0,0,0,0,0,0,0,0,0,0,0,0,0,0,0,0,0,0,0,0,0,0,0,1.0,1,4,1,0.0,998,998,Baja,0,,Baja,Madrugada,Bajo Riesgo
65224,2024,12,2,15,29,29067,3,2,No inventariada,13.6,4,4,9,2.0,0,0,1,1,0,0,1,1,2,0,0,0,0,0,0,0,0,0,0,0,0,0,0,0,0,0,0,0,0,0,0,0,1.0,1,1,1,0.0,998,998,Baja,0,Tarde,Baja,Tarde,Bajo Riesgo
65225,2024,12,5,22,29,29067,1,1,MA-20,4.091,2,1,3,15.0,0,0,2,2,0,0,2,2,2,0,0,0,0,0,0,0,0,0,0,0,0,0,0,0,0,0,0,0,0,0,0,0,2.0,3,4,4,0.0,998,1,Baja,0,Noche,Baja,Noche,Bajo Riesgo
65226,2024,12,3,15,29,29067,3,2,No inventariada,13.6,4,4,9,20.0,0,0,1,1,0,0,1,1,1,0,0,0,0,0,0,0,0,0,0,0,0,0,0,0,0,0,0,0,0,0,0,0,2.0,1,1,1,0.0,998,998,Baja,0,Tarde,Baja,Tarde,Bajo Riesgo
65227,2024,12,1,12,29,29067,3,2,No inventariada,13.6,4,4,9,2.0,0,0,1,1,0,0,1,1,2,0,0,0,0,0,0,0,0,0,0,0,0,0,0,0,0,0,0,0,0,0,0,0,1.0,1,1,1,0.0,998,998,Baja,0,Mañana,Baja,Tarde,Bajo Riesgo
65228,2024,12,2,13,29,29067,3,2,No inventariada,13.6,4,4,9,2.0,0,0,1,1,0,0,1,1,2,0,0,0,0,0,0,0,0,0,0,0,0,0,0,0,0,0,0,0,0,0,0,0,1.0,1,1,1,0.0,998,998,Baja,0,Tarde,Baja,Tarde,Bajo Riesgo
65229,2024,12,2,12,29,29067,3,2,No inventariada,13.6,4,4,9,16.0,0,1,0,1,0,1,0,1,2,0,0,0,0,0,0,0,0,0,0,0,0,0,0,0,0,0,0,0,0,0,0,0,2.0,1,1,1,0.0,998,998,Baja,0,Mañana,Baja,Tarde,Bajo Riesgo
65230,2024,12,7,0,29,29067,3,2,No inventariada,13.6,4,4,9,2.0,0,0,3,3,0,0,3,3,2,0,0,0,0,0,0,0,0,0,0,0,0,0,0,0,0,0,0,0,0,0,0,0,1.0,1,4,1,0.0,998,998,Baja,0,,Media,Madrugada,Bajo Riesgo
65231,2024,12,3,17,29,29067,3,2,No inventariada,13.6,4,4,9,4.0,0,0,1,1,0,0,1,1,2,0,0,0,0,0,0,0,0,0,0,0,0,0,0,0,0,0,0,0,0,0,0,0,2.0,1,3,1,0.0,998,998,Baja,0,Tarde,Baja,Tarde,Bajo Riesgo
65232,2024,12,7,12,29,29067,3,2,No inventariada,13.6,4,4,9,12.0,0,0,1,1,0,0,1,1,1,0,0,0,0,0,0,0,0,0,0,0,0,0,0,0,0,0,0,0,0,0,0,0,1.0,1,1,1,0.0,998,998,Baja,0,Mañana,Baja,Tarde,Bajo Riesgo
65233,2024,12,6,9,29,29067,3,2,No inventariada,13.6,4,4,9,4.0,0,0,1,1,0,0,1,1,2,0,0,0,0,0,0,0,0,0,0,0,0,0,0,0,0,0,0,0,0,0,0,0,2.0,1,1,1,0.0,998,998,Baja,0,Mañana,Baja,Mañana,Bajo Riesgo
65234,2024,12,2,14,29,29067,3,2,No inventariada,13.6,4,4,9,2.0,0,0,3,3,0,0,3,3,2,0,0,0,0,0,0,0,0,0,0,0,0,0,0,0,0,0,0,0,0,0,0,0,2.0,1,1,1,0.0,998,998,Baja,0,Tarde,Media,Tarde,Bajo Riesgo
65235,2024,12,2,22,29,29067,3,2,No inventariada,13.6,4,4,9,2.0,0,0,1,1,0,0,1,1,2,0,0,0,0,0,0,0,0,0,0,0,0,0,0,0,0,0,0,0,0,0,0,0,1.0,1,4,1,0.0,998,998,Baja,0,Noche,Baja,Noche,Bajo Riesgo
65236,2024,12,5,14,29,29067,3,2,No inventariada,13.6,4,4,9,4.0,1,0,0,1,1,0,0,1,6,0,0,0,1,0,0,0,0,0,0,0,0,0,0,1,0,0,0,0,0,0,0,0,2.0,1,1,2,0.0,998,998,Baja,0,Tarde,Alta,Tarde,Bajo Riesgo
65237,2024,12,6,23,29,29067,3,2,No inventariada,13.6,4,4,9,2.0,0,0,2,2,0,0,2,2,2,0,0,0,0,0,0,0,0,0,0,0,0,0,0,0,0,0,0,0,0,0,0,0,1.0,1,4,1,0.0,3,998,Baja,0,Noche,Baja,Noche,Bajo Riesgo
65238,2024,12,6,20,29,29067,3,2,No inventariada,13.6,4,4,9,4.0,0,0,1,1,0,0,1,1,2,0,0,0,0,0,0,0,0,0,0,0,0,0,0,0,0,0,0,0,0,0,0,0,2.0,1,4,1,0.0,998,998,Baja,0,Noche,Baja,Noche,Bajo Riesgo
65239,2024,12,2,13,29,29067,3,2,No inventariada,13.6,4,4,9,2.0,0,0,5,5,0,0,5,5,2,0,0,0,0,0,0,0,0,0,0,0,0,0,0,0,0,0,0,0,0,0,0,0,1.0,1,1,1,0.0,998,998,Baja,0,Tarde,Media,Tarde,Bajo Riesgo
65240,2024,12,3,14,29,29067,3,2,No inventariada,13.6,4,4,9,4.0,0,0,1,1,0,0,1,1,2,0,0,0,0,0,0,0,0,0,0,0,0,0,0,0,0,0,0,0,0,0,0,0,2.0,1,1,1,0.0,998,998,Baja,0,Tarde,Baja,Tarde,Bajo Riesgo
65241,2024,12,1,9,29,29067,3,2,No inventariada,13.6,4,4,9,2.0,0,0,1,1,0,0,1,1,2,0,0,0,0,0,0,0,0,0,0,0,0,0,0,0,0,0,0,0,0,0,0,0,1.0,1,1,1,0.0,998,998,Baja,0,Mañana,Baja,Mañana,Bajo Riesgo
65242,2024,12,4,16,29,29067,3,2,No inventariada,13.6,4,4,9,4.0,0,0,2,2,0,0,2,2,2,0,0,0,0,0,0,0,0,0,0,0,0,0,0,0,0,0,0,0,0,0,0,0,2.0,1,1,1,0.0,998,998,Baja,0,Tarde,Baja,Tarde,Bajo Riesgo
65243,2024,12,2,15,29,29067,1,1,A-7,998.0,2,1,3,4.0,0,0,1,1,0,0,1,1,2,0,0,0,0,0,0,0,0,0,0,0,0,0,0,0,0,0,0,0,0,0,0,0,2.0,1,4,2,0.0,998,3,Muy Alta,0,Tarde,Baja,Tarde,Bajo Riesgo
65244,2024,12,1,18,29,29067,3,2,No inventariada,13.6,4,4,9,4.0,0,0,2,2,0,0,2,2,3,0,0,0,0,0,0,0,0,0,0,0,0,0,0,0,0,0,0,0,0,0,0,0,2.0,1,3,1,0.0,998,998,Baja,0,Tarde,Baja,Noche,Bajo Riesgo
65245,2024,12,7,15,29,29067,3,2,No inventariada,13.6,4,4,9,4.0,0,0,2,2,0,0,2,2,2,0,0,0,0,0,0,0,0,0,0,0,0,0,0,0,0,0,0,0,0,0,0,0,1.0,1,1,7,0.0,998,998,Baja,0,Tarde,Baja,Tarde,Bajo Riesgo
65246,2024,1,2,22,29,29068,1,1,A-377,1.2,3,2,6,2.0,0,0,2,2,0,0,2,2,2,0,0,0,0,0,0,0,0,0,0,0,0,0,0,0,0,0,0,0,0,0,0,0,2.0,3,4,2,0.0,998,4,Baja,0,Noche,Baja,Noche,Bajo Riesgo
65247,2024,3,6,13,29,29068,1,1,A-7,1087.5,1,1,3,15.0,0,0,1,1,0,0,1,1,1,0,0,0,0,0,0,0,0,0,0,0,0,0,0,0,0,0,0,0,0,0,0,0,2.0,3,1,4,0.0,998,2,,0,Tarde,Baja,Tarde,Bajo Riesgo
65248,2024,3,2,14,29,29068,3,2,No inventariada,13.6,4,4,9,7.0,0,0,1,1,0,0,1,1,1,0,0,0,0,0,0,0,0,0,0,0,0,0,0,0,0,0,0,0,0,0,0,0,2.0,1,1,1,1.0,3,998,Baja,1,Tarde,Baja,Tarde,Bajo Riesgo
65249,2024,4,7,11,29,29068,3,2,No inventariada,13.6,4,4,9,1.0,0,0,1,1,0,0,1,1,2,0,0,0,0,0,0,0,0,0,0,0,0,0,0,0,0,0,0,0,0,0,0,0,2.0,1,1,1,1.0,998,998,Baja,1,Mañana,Baja,Mañana,Bajo Riesgo
65250,2024,5,7,14,29,29068,1,1,A-377,1.484,3,2,6,3.0,0,0,3,3,0,0,3,3,2,0,0,0,0,0,0,0,0,0,0,0,0,0,0,0,0,0,0,0,0,0,0,0,2.0,1,1,1,0.0,998,2,Baja,0,Tarde,Media,Tarde,Bajo Riesgo
65251,2024,5,7,15,29,29068,1,1,A-7,1080.5,2,1,3,4.0,0,0,1,1,0,0,1,1,2,0,0,0,0,0,0,0,0,0,0,0,0,0,0,0,0,0,0,0,0,0,0,0,2.0,1,1,1,0.0,998,1,,0,Tarde,Baja,Tarde,Bajo Riesgo
65252,2024,5,3,20,29,29068,3,2,No inventariada,13.6,4,4,9,4.0,0,0,2,2,0,0,2,2,2,0,0,0,0,0,0,0,0,0,0,0,0,0,0,0,0,0,0,0,0,0,0,0,2.0,1,2,1,1.0,998,998,Baja,1,Noche,Baja,Noche,Bajo Riesgo
65253,2024,6,7,0,29,29068,1,1,A-7,1083.5,2,1,5,3.0,0,0,1,1,0,0,1,1,2,0,0,0,0,0,0,0,0,0,0,0,0,0,0,0,0,0,0,0,0,0,0,0,2.0,1,6,1,0.0,998,1,,0,,Baja,Madrugada,Bajo Riesgo
65254,2024,6,1,13,29,29068,1,1,A-377,1.9,3,2,6,2.0,0,0,1,1,0,0,1,1,2,0,0,0,0,0,0,0,0,0,0,0,0,0,0,0,0,0,0,0,0,0,0,0,2.0,1,1,1,0.0,998,2,Baja,0,Tarde,Baja,Tarde,Bajo Riesgo
65255,2024,6,7,21,29,29068,3,2,No inventariada,13.6,4,4,9,7.0,0,0,1,1,0,0,1,1,1,0,0,0,0,0,0,0,0,0,0,0,0,0,0,0,0,0,0,0,0,0,0,0,2.0,1,3,1,1.0,3,998,Baja,1,Noche,Baja,Noche,Bajo Riesgo
65256,2024,6,7,21,29,29068,3,2,No inventariada,13.6,4,4,9,7.0,0,0,1,1,0,0,1,1,1,0,0,0,0,0,0,0,0,0,0,0,0,0,0,0,0,0,0,0,0,0,0,0,2.0,1,3,1,1.0,3,998,Baja,1,Noche,Baja,Noche,Bajo Riesgo
65257,2024,7,1,21,29,29068,3,2,No inventariada,13.6,4,4,9,2.0,0,0,1,1,0,0,1,1,2,0,0,0,0,0,0,0,0,0,0,0,0,0,0,0,0,0,0,0,0,0,0,0,2.0,1,2,1,1.0,998,998,Baja,1,Noche,Baja,Noche,Bajo Riesgo
65258,2024,7,7,21,29,29068,3,2,No inventariada,13.6,4,4,9,2.0,0,0,1,1,0,0,1,1,2,0,0,0,0,0,0,0,0,0,0,0,0,0,0,0,0,0,0,0,0,0,0,0,2.0,1,2,1,1.0,998,998,Baja,1,Noche,Baja,Noche,Bajo Riesgo
65259,2024,8,1,17,29,29068,3,2,No inventariada,13.6,4,4,9,1.0,0,0,1,1,0,0,1,1,2,0,0,0,0,0,0,0,0,0,0,0,0,0,0,0,0,0,0,0,0,0,0,0,2.0,1,1,1,1.0,998,998,Baja,1,Tarde,Baja,Tarde,Bajo Riesgo
65260,2024,8,5,13,29,29068,3,2,No inventariada,13.6,4,4,9,7.0,0,0,1,1,0,0,1,1,1,0,0,0,0,0,0,0,0,0,0,0,0,0,0,0,0,0,0,0,0,0,0,0,2.0,1,1,1,1.0,1,998,Baja,1,Tarde,Baja,Tarde,Bajo Riesgo
65261,2024,8,1,20,29,29068,3,2,No inventariada,13.6,4,4,9,4.0,0,0,1,1,0,0,1,1,2,0,0,0,0,0,0,0,0,0,0,0,0,0,0,0,0,0,0,0,0,0,0,0,2.0,1,2,1,1.0,998,998,Baja,1,Noche,Baja,Noche,Bajo Riesgo
65262,2024,9,7,21,29,29068,1,1,A-377,0.3,1,2,6,2.0,0,1,0,1,0,1,0,1,3,0,0,0,0,0,0,0,0,0,0,0,0,0,0,0,0,0,0,0,0,0,0,0,2.0,1,6,1,0.0,998,1,Baja,0,Noche,Baja,Noche,Bajo Riesgo
65263,2024,9,3,6,29,29068,1,1,A-377,3.6,1,2,6,1.0,0,1,0,1,0,1,0,1,2,0,0,0,0,0,0,0,0,0,0,0,0,0,0,0,0,0,0,0,0,0,0,0,2.0,1,4,1,0.0,998,2,Baja,0,Madrugada,Baja,Mañana,Bajo Riesgo
65264,2024,9,1,22,29,29068,1,1,A-377,0.1,2,2,6,4.0,0,0,1,1,0,0,1,1,2,0,0,0,0,0,0,0,0,0,0,0,0,0,0,0,0,0,0,0,0,0,0,0,2.0,1,5,1,0.0,998,1,Baja,0,Noche,Baja,Noche,Bajo Riesgo
65265,2024,10,6,17,29,29068,1,1,A-377,2.0,2,2,6,2.0,0,0,3,3,0,0,3,3,2,0,0,0,0,0,0,0,0,0,0,0,0,0,0,0,0,0,0,0,0,0,0,0,2.0,3,1,3,0.0,998,2,Baja,0,Tarde,Media,Tarde,Bajo Riesgo
65266,2024,10,7,20,29,29068,1,1,AP-7,139.927,2,1,1,4.0,0,0,1,1,0,0,1,1,2,0,0,0,0,0,0,0,0,0,0,0,0,0,0,0,0,0,0,0,0,0,0,0,2.0,1,6,1,0.0,998,1,Alta,0,Noche,Baja,Noche,Bajo Riesgo
65267,2024,8,6,14,29,29068,3,2,No inventariada,13.6,4,4,13,10.0,0,0,1,1,0,0,1,1,1,0,0,0,0,0,0,0,0,0,0,0,0,0,0,0,0,0,0,0,0,0,0,0,2.0,1,1,1,1.0,998,998,Baja,1,Tarde,Baja,Tarde,Bajo Riesgo
65268,2024,9,5,15,29,29068,3,2,No inventariada,13.6,4,4,9,15.0,0,0,1,1,0,0,1,1,1,0,0,0,0,0,0,0,0,0,0,0,0,0,0,0,0,0,0,0,0,0,0,0,2.0,1,1,1,1.0,998,998,Baja,1,Tarde,Baja,Tarde,Bajo Riesgo
65269,2024,9,7,17,29,29068,3,2,No inventariada,13.6,4,4,14,10.0,0,0,1,1,0,0,1,1,1,0,0,0,0,0,0,0,0,0,0,0,0,0,0,0,0,0,0,0,0,0,0,0,2.0,7,1,1,1.0,998,998,Baja,1,Tarde,Baja,Tarde,Bajo Riesgo
65270,2024,9,7,17,29,29068,3,2,No inventariada,13.6,4,4,9,16.0,0,0,1,1,0,0,1,1,1,0,0,0,0,0,0,0,0,0,0,0,0,0,0,0,0,0,0,0,0,0,0,0,2.0,1,1,1,1.0,998,998,Baja,1,Tarde,Baja,Tarde,Bajo Riesgo
65271,2024,9,3,14,29,29068,3,2,No inventariada,13.6,4,4,9,10.0,0,0,1,1,0,0,1,1,2,0,0,0,0,0,0,0,0,0,0,0,0,0,0,0,0,0,0,0,0,0,0,0,2.0,1,1,1,1.0,998,998,Baja,1,Tarde,Baja,Tarde,Bajo Riesgo
65272,2024,10,5,19,29,29068,1,1,MA-3203,1085.2,2,3,6,4.0,0,0,2,2,0,0,2,2,2,0,0,0,0,0,0,0,0,0,0,0,0,0,0,0,0,0,0,0,0,0,0,0,2.0,1,2,1,1.0,998,1,,1,Noche,Baja,Noche,Bajo Riesgo
65273,2024,10,5,17,29,29068,4,2,A-377,0.0,2,2,6,4.0,0,0,1,1,0,0,1,1,2,0,0,0,0,0,0,0,0,0,0,0,0,0,0,0,0,0,0,0,0,0,0,0,2.0,1,1,1,1.0,998,1,,1,Tarde,Baja,Tarde,Bajo Riesgo
65274,2024,10,2,10,29,29068,1,1,A-377,4.0,1,2,6,1.0,0,0,8,8,0,0,8,8,2,0,0,0,0,0,0,0,0,0,0,0,0,0,0,0,0,0,0,0,0,0,0,0,1.0,1,1,1,1.0,998,2,Baja,1,Mañana,Media,Mañana,Bajo Riesgo
65275,2024,10,7,12,29,29068,3,2,No inventariada,13.6,4,4,14,5.0,0,0,4,4,0,0,4,4,3,0,0,0,0,0,0,0,0,0,0,0,0,0,0,0,0,0,0,0,0,0,0,0,2.0,1,1,1,1.0,998,998,Baja,1,Mañana,Media,Tarde,Bajo Riesgo
65276,2024,11,7,20,29,29068,3,2,No inventariada,13.6,4,4,14,7.0,0,1,0,1,0,1,0,1,1,0,0,0,0,0,0,0,0,0,0,0,0,0,0,0,0,0,0,0,0,0,0,0,2.0,1,4,1,0.0,1,998,Baja,0,Noche,Baja,Noche,Bajo Riesgo
65277,2024,11,5,9,29,29068,3,2,No inventariada,13.6,4,4,9,7.0,0,0,1,1,0,0,1,1,1,0,0,0,0,0,0,0,0,0,0,0,0,0,0,0,0,0,0,0,0,0,0,0,2.0,1,1,1,1.0,3,998,Baja,1,Mañana,Baja,Mañana,Bajo Riesgo
65278,2024,11,5,8,29,29068,1,1,A-377,1.4,3,2,6,2.0,0,0,1,1,0,0,1,1,2,0,0,0,0,0,0,0,0,0,0,0,0,0,0,0,0,0,0,0,0,0,0,0,2.0,1,1,1,1.0,998,4,Baja,1,Mañana,Baja,Mañana,Bajo Riesgo
65279,2024,12,7,17,29,29068,1,1,A-7,1082.471,1,1,3,3.0,0,0,1,1,0,0,1,1,2,0,0,0,0,0,0,0,0,0,0,0,0,0,0,0,0,0,0,0,0,0,0,0,1.0,1,1,1,0.0,998,1,,0,Tarde,Baja,Tarde,Bajo Riesgo
65280,2024,12,6,10,29,29068,3,2,No inventariada,13.6,4,4,14,2.0,0,0,1,1,0,0,1,1,2,0,0,0,0,0,0,0,0,0,0,0,0,0,0,0,0,0,0,0,0,0,0,0,2.0,1,1,1,0.0,998,998,Baja,0,Mañana,Baja,Mañana,Bajo Riesgo
65281,2024,1,3,14,29,29069,3,2,No inventariada,13.6,4,4,9,7.0,0,0,1,1,0,0,1,1,1,0,0,0,0,0,0,0,0,0,0,0,0,0,0,0,0,0,0,0,0,0,0,0,1.0,1,1,1,0.0,1,998,Baja,0,Tarde,Baja,Tarde,Bajo Riesgo
65282,2024,1,1,13,29,29069,3,2,No inventariada,13.6,4,4,9,20.0,0,0,1,1,0,0,1,1,2,0,0,0,0,0,0,0,0,0,0,0,0,0,0,0,0,0,0,0,0,0,0,0,1.0,1,1,1,0.0,998,998,Baja,0,Tarde,Baja,Tarde,Bajo Riesgo
65283,2024,1,4,10,29,29069,3,2,No inventariada,13.6,4,4,9,3.0,0,0,1,1,0,0,1,1,2,0,0,0,0,0,0,0,0,0,0,0,0,0,0,0,0,0,0,0,0,0,0,0,2.0,3,1,3,0.0,998,998,Baja,0,Mañana,Baja,Mañana,Bajo Riesgo
65284,2024,1,2,17,29,29069,1,1,A-7,1049.0,2,1,3,5.0,0,0,1,1,0,0,1,1,4,0,0,0,0,0,0,0,0,0,0,0,0,0,0,0,0,0,0,0,0,0,0,0,2.0,3,1,3,0.0,998,1,,0,Tarde,Baja,Tarde,Bajo Riesgo
65285,2024,1,2,9,29,29069,3,2,No inventariada,13.6,4,4,9,4.0,0,0,1,1,0,0,1,1,2,0,0,0,0,0,0,0,0,0,0,0,0,0,0,0,0,0,0,0,0,0,0,0,1.0,3,1,3,0.0,998,998,Baja,0,Mañana,Baja,Mañana,Bajo Riesgo
65286,2024,1,2,9,29,29069,3,2,No inventariada,13.6,4,4,9,15.0,0,0,1,1,0,0,1,1,1,0,0,0,0,0,0,0,0,0,0,0,0,0,0,0,0,0,0,0,0,0,0,0,2.0,3,1,3,0.0,998,998,Baja,0,Mañana,Baja,Mañana,Bajo Riesgo
65287,2024,1,2,10,29,29069,3,2,No inventariada,13.6,4,4,9,4.0,0,0,1,1,0,0,1,1,2,0,0,0,0,0,0,0,0,0,0,0,0,0,0,0,0,0,0,0,0,0,0,0,1.0,3,1,3,0.0,998,998,Baja,0,Mañana,Baja,Mañana,Bajo Riesgo
65288,2024,1,2,17,29,29069,3,2,No inventariada,13.6,4,4,9,3.0,0,0,1,1,0,0,1,1,2,0,0,0,0,0,0,0,0,0,0,0,0,0,0,0,0,0,0,0,0,0,0,0,1.0,3,1,1,0.0,998,998,Baja,0,Tarde,Baja,Tarde,Bajo Riesgo
65289,2024,1,5,18,29,29069,1,1,A-7,1042.0,2,1,3,4.0,0,0,1,1,0,0,1,1,3,0,0,0,0,0,0,0,0,0,0,0,0,0,0,0,0,0,0,0,0,0,0,0,2.0,1,1,1,0.0,998,1,,0,Tarde,Baja,Noche,Bajo Riesgo
65290,2024,1,1,17,29,29069,1,1,A-7,1052.0,1,1,3,4.0,0,0,1,1,0,0,1,1,2,0,0,0,0,0,0,0,0,0,0,0,0,0,0,0,0,0,0,0,0,0,0,0,2.0,1,1,1,0.0,998,1,,0,Tarde,Baja,Tarde,Bajo Riesgo
65291,2024,1,1,11,29,29069,3,2,No inventariada,13.6,4,4,9,4.0,0,0,1,1,0,0,1,1,2,0,0,0,0,0,0,0,0,0,0,0,0,0,0,0,0,0,0,0,0,0,0,0,1.0,1,1,1,0.0,998,998,Baja,0,Mañana,Baja,Mañana,Bajo Riesgo