ID_ACCIDENTE,ANYO,MES,DIA_SEMANA,HORA,COD_PROVINCIA,COD_MUNICIPIO,ZONA,ZONA_AGRUPADA,CARRETERA,KM,SENTIDO_1F,TITULARIDAD_VIA,TIPO_VIA,TIPO_ACCIDENTE,TOTAL_MU24H,TOTAL_HG24H,TOTAL_HL24H,TOTAL_VICTIMAS_24H,TOTAL_MU30DF,TOTAL_HG30DF,TOTAL_HL30DF,TOTAL_VICTIMAS_30DF,TOTAL_VEHICULOS,TOT_PEAT_MU24H,TOT_BICI_MU24H,TOT_CICLO_MU24H,TOT_MOTO_MU24H,TOT_TUR_MU24H,TOT_FURG_MU24H,TOT_CAM_MENOS3500_MU24H,TOT_CAM_MAS3500_MU24H,TOT_BUS_MU24H,TOT_OTRO_MU24H,TOT_SINESPECIF_MU24H,TOT_PEAT_MU30DF,TOT_BICI_MU30DF,TOT_CICLO_MU30DF,TOT_MOTO_MU30DF,TOT_TUR_MU30DF,TOT_FURG_MU30DF,TOT_CAM_MENOS3500_MU30DF,TOT_CAM_MAS3500_MU30DF,TOT_BUS_MU30DF,TOT_VMP_MU30DF,TOT_OTRO_MU30DF,TOT_SINESPECIF_MU30DF,NUDO,CONDICION_FIRME,CONDICION_ILUMINACION,CONDICION_METEO,CONDICION_NIEBLA,ACERA,TRAZADO_PLANTA,ZONA_KM,HAY_NIEBLA,TRAMO_HORA,gravedad_accidente,tramo_horario,zona_riesgo
75331,2024,5,6,20,36,36003,1,1,EP-2202,9.8,2,3,6,16.0,0,0,1,1,0,0,1,1,1,0,0,0,0,0,0,0,0,0,0,0,0,0,0,0,0,0,0,0,0,0,0,0,2.0,1,1,2,2.0,998,3,Baja,1,Noche,Baja,Noche,Bajo Riesgo
75332,2024,6,7,4,36,36003,1,1,PO-552,18.3,1,2,6,16.0,0,0,1,1,0,0,1,1,1,0,0,0,0,0,0,0,0,0,0,0,0,0,0,0,0,0,0,0,0,0,0,0,2.0,1,4,1,0.0,998,3,Baja,0,Madrugada,Baja,Madrugada,Bajo Riesgo
75333,2024,6,1,20,36,36003,1,1,PO-552,19.9,1,2,6,12.0,0,0,1,1,0,0,1,1,1,0,0,0,0,0,0,0,0,0,0,0,0,0,0,0,0,0,0,0,0,0,0,0,2.0,1,1,1,0.0,998,2,Baja,0,Noche,Baja,Noche,Bajo Riesgo
75334,2024,9,6,11,36,36003,1,1,PO-552,13.8,1,2,6,2.0,0,0,1,1,0,0,1,1,2,0,0,0,0,0,0,0,0,0,0,0,0,0,0,0,0,0,0,0,0,0,0,0,1.0,1,1,1,0.0,998,2,Baja,0,Mañana,Baja,Mañana,Bajo Riesgo
75335,2024,9,1,16,36,36003,1,1,EP-2204,5.0,2,3,6,1.0,0,0,1,1,0,0,1,1,2,0,0,0,0,0,0,0,0,0,0,0,0,0,0,0,0,0,0,0,0,0,0,0,2.0,1,1,1,0.0,998,3,Baja,0,Tarde,Baja,Tarde,Bajo Riesgo
75336,2024,10,7,2,36,36003,1,1,EP-2201,1.8,1,3,6,9.0,0,0,1,1,0,0,1,1,1,0,0,0,0,0,0,0,0,0,0,0,0,0,0,0,0,0,0,0,0,0,0,0,2.0,1,4,1,0.0,998,2,Baja,0,Madrugada,Baja,Madrugada,Bajo Riesgo
75337,2024,12,7,10,36,36003,1,1,EP-2202,6.466,2,3,6,14.0,0,0,1,1,0,0,1,1,1,0,0,0,0,0,0,0,0,0,0,0,0,0,0,0,0,0,0,0,0,0,0,0,2.0,3,1,2,0.0,998,3,Baja,0,Mañana,Baja,Mañana,Bajo Riesgo
75338,2024,12,2,10,36,36003,1,1,PO-552,13.28,2,2,6,4.0,0,0,1,1,0,0,1,1,2,0,0,0,0,0,0,0,0,0,0,0,0,0,0,0,0,0,0,0,0,0,0,0,2.0,1,1,1,0.0,998,1,Baja,0,Mañana,Baja,Mañana,Bajo Riesgo
75339,2024,1,7,0,36,36004,1,1,PO-315,4.7,1,2,6,18.0,0,0,1,1,0,0,1,1,1,0,0,0,0,0,0,0,0,0,0,0,0,0,0,0,0,0,0,0,0,0,0,0,2.0,1,6,1,0.0,998,3,Baja,0,,Baja,Madrugada,Bajo Riesgo
75340,2024,2,3,15,36,36004,1,1,EP-1305,3.6,1,3,6,3.0,0,0,2,2,0,0,2,2,3,0,0,0,0,0,0,0,0,0,0,0,0,0,0,0,0,0,0,0,0,0,0,0,2.0,1,1,1,0.0,998,1,Baja,0,Tarde,Baja,Tarde,Bajo Riesgo
75341,2024,4,2,10,36,36004,1,1,SC/PO,0.0,3,4,11,4.0,0,0,1,1,0,0,1,1,2,0,0,0,0,0,0,0,0,0,0,0,0,0,0,0,0,0,0,0,0,0,0,0,2.0,2,1,1,0.0,998,1,,0,Mañana,Baja,Mañana,Bajo Riesgo
75342,2024,5,7,20,36,36004,1,1,PO-315,2.9,1,2,6,16.0,0,0,1,1,0,0,1,1,1,0,0,0,0,0,0,0,0,0,0,0,0,0,0,0,0,0,0,0,0,0,0,0,2.0,1,1,1,0.0,998,3,Baja,0,Noche,Baja,Noche,Bajo Riesgo
75343,2024,9,1,20,36,36004,1,1,PO-315,2.7,2,2,6,19.0,0,0,1,1,0,0,1,1,1,0,0,0,0,0,0,0,0,0,0,0,0,0,0,0,0,0,0,0,0,0,0,0,2.0,1,2,1,0.0,998,3,Baja,0,Noche,Baja,Noche,Bajo Riesgo
75344,2024,9,1,11,36,36004,1,1,PO-551,9.4,1,2,6,4.0,0,0,2,2,0,0,2,2,2,0,0,0,0,0,0,0,0,0,0,0,0,0,0,0,0,0,0,0,0,0,0,0,2.0,1,1,1,0.0,998,1,Baja,0,Mañana,Baja,Mañana,Bajo Riesgo
75345,2024,10,3,17,36,36004,1,1,PO-315,1.4,1,2,6,15.0,0,0,2,2,0,0,2,2,1,0,0,0,0,0,0,0,0,0,0,0,0,0,0,0,0,0,0,0,0,0,0,0,2.0,3,1,3,0.0,998,3,Baja,0,Tarde,Baja,Tarde,Bajo Riesgo
75346,2024,10,2,18,36,36004,1,1,PO-551,13.6,1,2,6,5.0,0,0,5,5,0,0,5,5,3,0,0,0,0,0,0,0,0,0,0,0,0,0,0,0,0,0,0,0,0,0,0,0,2.0,3,3,3,0.0,998,1,Baja,0,Tarde,Media,Noche,Bajo Riesgo
75347,2024,7,7,9,36,36004,3,2,No inventariada,13.6,4,2,9,7.0,0,0,1,1,0,0,1,1,1,0,0,0,0,0,0,0,0,0,0,0,0,0,0,0,0,0,0,0,0,0,0,0,2.0,1,1,1,0.0,4,998,Baja,0,Mañana,Baja,Mañana,Bajo Riesgo
75348,2024,11,6,6,36,36004,1,1,PO-551,8.1,1,2,6,16.0,0,0,1,1,0,0,1,1,2,0,0,0,0,0,0,0,0,0,0,0,0,0,0,0,0,0,0,0,0,0,0,0,2.0,3,4,3,0.0,998,3,Baja,0,Madrugada,Baja,Mañana,Bajo Riesgo
75349,2024,9,2,21,36,36004,3,2,No inventariada,13.6,4,2,9,2.0,0,0,1,1,0,0,1,1,2,0,0,0,0,0,0,0,0,0,0,0,0,0,0,0,0,0,0,0,0,0,0,0,1.0,1,1,1,0.0,998,998,Baja,0,Noche,Baja,Noche,Bajo Riesgo
75350,2024,10,5,13,36,36004,3,2,No inventariada,13.6,4,2,9,10.0,0,0,1,1,0,0,1,1,1,0,0,0,0,0,0,0,0,0,0,0,0,0,0,0,0,0,0,0,0,0,0,0,1.0,3,1,3,0.0,998,998,Baja,0,Tarde,Baja,Tarde,Bajo Riesgo
75351,2024,10,2,20,36,36004,3,2,No inventariada,13.6,4,2,9,4.0,0,0,2,2,0,0,2,2,3,0,0,0,0,0,0,0,0,0,0,0,0,0,0,0,0,0,0,0,0,0,0,0,2.0,1,4,1,0.0,998,998,Baja,0,Noche,Baja,Noche,Bajo Riesgo
75352,2024,10,4,11,36,36004,3,2,No inventariada,13.6,4,4,9,7.0,0,0,1,1,0,0,1,1,2,0,0,0,0,0,0,0,0,0,0,0,0,0,0,0,0,0,0,0,0,0,0,0,2.0,1,1,1,0.0,4,998,Baja,0,Mañana,Baja,Mañana,Bajo Riesgo
75353,2024,1,5,11,36,36005,1,1,N-640,222.7,2,1,6,2.0,0,0,1,1,0,0,1,1,2,0,0,0,0,0,0,0,0,0,0,0,0,0,0,0,0,0,0,0,0,0,0,0,1.0,1,1,1,0.0,998,3,Muy Alta,0,Mañana,Baja,Mañana,Bajo Riesgo
75354,2024,2,2,3,36,36005,1,1,N-640,233.341,1,1,6,12.0,0,0,1,1,0,0,1,1,1,0,0,0,0,0,0,0,0,0,0,0,0,0,0,0,0,0,0,0,0,0,0,0,1.0,3,4,3,0.0,998,2,Muy Alta,0,Madrugada,Baja,Madrugada,Bajo Riesgo
75355,2024,4,1,1,36,36005,1,1,AP-9,105.2,1,1,1,16.0,0,0,1,1,0,0,1,1,1,0,0,0,0,0,0,0,0,0,0,0,0,0,0,0,0,0,0,0,0,0,0,0,2.0,5,6,2,0.0,998,1,Alta,0,Madrugada,Baja,Madrugada,Bajo Riesgo
75356,2024,5,3,14,36,0,1,1,AP-9,113.5,1,1,1,5.0,0,0,2,2,0,0,2,2,7,0,0,0,0,0,0,0,0,0,0,0,0,0,0,0,0,0,0,0,0,0,0,0,2.0,8,1,5,0.0,998,3,Alta,0,Tarde,Baja,Tarde,Bajo Riesgo
75357,2024,4,5,17,36,36005,1,1,N-640,225.25,2,5,6,7.0,0,0,1,1,0,0,1,1,1,0,0,0,0,0,0,0,0,0,0,0,0,0,0,0,0,0,0,0,0,0,0,0,2.0,3,1,3,0.0,4,1,Muy Alta,0,Tarde,Baja,Tarde,Bajo Riesgo
75358,2024,6,1,15,36,36005,1,1,N-640,227.1,3,1,6,2.0,0,0,1,1,0,0,1,1,2,0,0,0,0,0,0,0,0,0,0,0,0,0,0,0,0,0,0,0,0,0,0,0,2.0,4,1,4,0.0,998,1,Muy Alta,0,Tarde,Baja,Tarde,Bajo Riesgo
75359,2024,7,7,19,36,36005,3,2,No inventariada,13.6,4,1,9,7.0,0,0,1,1,0,0,1,1,1,0,0,0,0,0,0,0,0,0,0,0,0,0,0,0,0,0,0,0,0,0,0,0,2.0,1,1,1,0.0,4,998,Baja,0,Noche,Baja,Noche,Bajo Riesgo
75360,2024,7,3,20,36,36005,1,1,N-550a,100.5,2,1,6,19.0,0,0,1,1,0,0,1,1,1,0,0,0,0,0,0,0,0,0,0,0,0,0,0,0,0,0,0,0,0,0,0,0,2.0,1,1,1,0.0,998,2,Alta,0,Noche,Baja,Noche,Bajo Riesgo
75361,2024,8,7,10,36,36005,1,1,N-640,226.8,1,1,6,16.0,0,0,1,1,0,0,1,1,1,0,0,0,0,0,0,0,0,0,0,0,0,0,0,0,0,0,0,0,0,0,0,0,2.0,1,1,1,0.0,998,1,Muy Alta,0,Mañana,Baja,Mañana,Bajo Riesgo
75362,2024,8,6,18,36,36005,2,2,N-640,225.0,2,5,6,4.0,0,0,5,5,0,0,5,5,3,0,0,0,0,0,0,0,0,0,0,0,0,0,0,0,0,0,0,0,0,0,0,0,1.0,1,1,1,0.0,998,2,Muy Alta,0,Tarde,Media,Noche,Bajo Riesgo
75363,2024,8,7,22,36,36005,1,1,N-550,99.65,2,1,6,8.0,0,0,1,1,0,0,1,1,1,0,0,0,0,0,0,0,0,0,0,0,0,0,0,0,0,0,0,0,0,0,0,0,2.0,1,4,1,0.0,998,1,Media,0,Noche,Baja,Noche,Bajo Riesgo
75364,2024,11,5,10,36,36005,1,1,N-640,224.1,1,1,6,20.0,0,0,1,1,0,0,1,1,3,0,0,0,0,0,0,0,0,0,0,0,0,0,0,0,0,0,0,0,0,0,0,0,2.0,1,1,1,0.0,998,3,Muy Alta,0,Mañana,Baja,Mañana,Bajo Riesgo
75365,2024,11,6,19,36,36005,1,1,AP-9,108.9,2,1,1,4.0,0,0,3,3,0,0,3,3,2,0,0,0,0,0,0,0,0,0,0,0,0,0,0,0,0,0,0,0,0,0,0,0,2.0,3,6,3,0.0,998,3,Alta,0,Noche,Media,Noche,Bajo Riesgo
75366,2024,11,7,14,36,36005,1,1,N-640,222.8,2,1,8,16.0,0,0,1,1,0,0,1,1,1,0,0,0,0,0,0,0,0,0,0,0,0,0,0,0,0,0,0,0,0,0,0,0,1.0,3,1,3,0.0,998,2,Muy Alta,0,Tarde,Baja,Tarde,Bajo Riesgo
75367,2024,11,4,9,36,36005,1,1,N-640,227.6,2,1,6,2.0,0,0,1,1,0,0,1,1,2,0,0,0,0,0,0,0,0,0,0,0,0,0,0,0,0,0,0,0,0,0,0,0,2.0,1,1,1,0.0,998,1,Muy Alta,0,Mañana,Baja,Mañana,Bajo Riesgo
75368,2024,11,5,16,36,36005,1,1,N-550,102.117,2,1,6,4.0,0,0,1,1,0,0,1,1,2,0,0,0,0,0,0,0,0,0,0,0,0,0,0,0,0,0,0,0,0,0,0,0,2.0,1,1,1,0.0,998,1,Alta,0,Tarde,Baja,Tarde,Bajo Riesgo
75369,2024,11,6,7,36,36005,1,1,PO-531,18.8,2,2,6,12.0,0,0,1,1,0,0,1,1,1,0,0,0,0,0,0,0,0,0,0,0,0,0,0,0,0,0,0,0,0,0,0,0,1.0,3,6,3,0.0,998,2,Baja,0,Mañana,Baja,Mañana,Bajo Riesgo
75370,2024,12,7,16,36,36005,1,1,N-640,231.8,1,1,6,19.0,0,0,1,1,0,0,1,1,1,0,0,0,0,0,0,0,0,0,0,0,0,0,0,0,0,0,0,0,0,0,0,0,2.0,1,1,1,0.0,998,1,Muy Alta,0,Tarde,Baja,Tarde,Bajo Riesgo
75371,2024,1,7,4,36,36006,1,1,PO-550,3.5,1,2,6,16.0,0,0,1,1,0,0,1,1,1,0,0,0,0,0,0,0,0,0,0,0,0,0,0,0,0,0,0,0,0,0,0,0,2.0,1,4,1,0.0,998,3,Baja,0,Madrugada,Baja,Madrugada,Bajo Riesgo
75372,2024,1,2,12,36,36006,1,1,PO-300,11.5,1,2,6,2.0,0,0,1,1,0,0,1,1,2,0,0,0,0,0,0,0,0,0,0,0,0,0,0,0,0,0,0,0,0,0,0,0,1.0,3,1,2,0.0,998,1,Baja,0,Mañana,Baja,Tarde,Bajo Riesgo
75373,2024,3,4,4,36,36006,1,1,C. S.ANTÓN,0.25,3,4,10,16.0,0,0,2,2,0,0,2,2,1,0,0,0,0,0,0,0,0,0,0,0,0,0,0,0,0,0,0,0,0,0,0,0,1.0,1,4,1,0.0,998,1,Baja,0,Madrugada,Baja,Madrugada,Bajo Riesgo
75374,2024,3,4,19,36,36006,1,1,EP-9006,0.8,1,3,6,20.0,0,0,1,1,0,0,1,1,2,0,0,0,0,0,0,0,0,0,0,0,0,0,0,0,0,0,0,0,0,0,0,0,2.0,1,1,1,0.0,998,1,Baja,0,Noche,Baja,Noche,Bajo Riesgo
75375,2024,4,2,21,36,36006,1,1,PO-549,9.047,1,2,6,3.0,0,0,1,1,0,0,1,1,2,0,0,0,0,0,0,0,0,0,0,0,0,0,0,0,0,0,0,0,0,0,0,0,1.0,1,4,1,0.0,998,1,Baja,0,Noche,Baja,Noche,Bajo Riesgo
75376,2024,4,7,23,36,36061,1,1,PO-549,8.3,2,2,6,7.0,0,0,1,1,0,0,1,1,1,0,0,0,0,0,0,0,0,0,0,0,0,0,0,0,0,0,0,0,0,0,0,0,2.0,1,4,1,0.0,4,1,Baja,0,Noche,Baja,Noche,Bajo Riesgo
75377,2024,6,6,19,36,36006,3,2,No inventariada,13.6,4,4,9,2.0,0,0,1,1,0,0,1,1,2,0,0,0,0,0,0,0,0,0,0,0,0,0,0,0,0,0,0,0,0,0,0,0,1.0,1,1,1,0.0,998,998,Baja,0,Noche,Baja,Noche,Bajo Riesgo
75378,2024,7,3,17,36,36006,1,1,PO-550,5.4,2,2,6,1.0,0,0,3,3,0,0,3,3,2,0,0,0,0,0,0,0,0,0,0,0,0,0,0,0,0,0,0,0,0,0,0,0,1.0,1,1,2,0.0,998,1,Baja,0,Tarde,Media,Tarde,Bajo Riesgo
75379,2024,7,5,12,36,36006,1,1,PO-300,11.6,1,2,6,4.0,0,0,1,1,0,0,1,1,2,0,0,0,0,0,0,0,0,0,0,0,0,0,0,0,0,0,0,0,0,0,0,0,1.0,1,1,1,0.0,998,3,Baja,0,Mañana,Baja,Tarde,Bajo Riesgo
75380,2024,7,7,19,36,36006,1,1,PO-549,8.5,1,2,6,18.0,0,0,1,1,0,0,1,1,2,0,0,0,0,0,0,0,0,0,0,0,0,0,0,0,0,0,0,0,0,0,0,0,2.0,1,1,1,0.0,998,1,Baja,0,Noche,Baja,Noche,Bajo Riesgo
75381,2024,8,5,20,36,36006,1,1,VG-4.3,1.1,2,2,4,5.0,0,0,5,5,0,0,5,5,3,0,0,0,0,0,0,0,0,0,0,0,0,0,0,0,0,0,0,0,0,0,0,0,2.0,1,1,1,0.0,998,1,Baja,0,Noche,Media,Noche,Bajo Riesgo
75382,2024,8,5,16,36,36006,1,1,PO-550,6.0,3,2,6,1.0,0,0,3,3,0,0,3,3,2,0,0,0,0,0,0,0,0,0,0,0,0,0,0,0,0,0,0,0,0,0,0,0,2.0,1,1,1,0.0,998,1,Baja,0,Tarde,Media,Tarde,Bajo Riesgo
75383,2024,8,7,19,36,36006,1,1,VG-4.2,3.5,1,2,4,5.0,0,0,1,1,0,0,1,1,3,0,0,0,0,0,0,0,0,0,0,0,0,0,0,0,0,0,0,0,0,0,0,0,2.0,1,1,1,0.0,998,1,Baja,0,Noche,Baja,Noche,Bajo Riesgo
75384,2024,10,1,8,36,36006,1,1,PO-300,10.374,1,2,5,2.0,0,0,1,1,0,0,1,1,2,0,0,0,0,0,0,0,0,0,0,0,0,0,0,0,0,0,0,0,0,0,0,0,1.0,1,2,1,0.0,998,1,Baja,0,Mañana,Baja,Mañana,Bajo Riesgo
75385,2024,4,4,11,36,36006,3,2,No inventariada,13.6,4,4,9,20.0,0,1,0,1,0,1,0,1,2,0,0,0,0,0,0,0,0,0,0,0,0,0,0,0,0,0,0,0,0,0,0,0,1.0,1,1,1,0.0,998,998,Baja,0,Mañana,Baja,Mañana,Bajo Riesgo
75386,2024,10,2,12,36,36006,3,2,No inventariada,13.6,4,4,9,7.0,0,1,0,1,0,1,0,1,1,0,0,0,0,0,0,0,0,0,0,0,0,0,0,0,0,0,0,0,0,0,0,0,2.0,1,1,1,0.0,4,998,Baja,0,Mañana,Baja,Tarde,Bajo Riesgo
75387,2024,11,5,19,36,36006,1,1,PO-549,9.4,2,2,6,10.0,0,0,2,2,0,0,2,2,2,0,0,0,0,0,0,0,0,0,0,0,0,0,0,0,0,0,0,0,0,0,0,0,1.0,1,4,2,0.0,998,3,Baja,0,Noche,Baja,Noche,Bajo Riesgo
75388,2024,12,4,15,36,36006,3,2,No inventariada,13.6,4,4,9,20.0,0,0,1,1,0,0,1,1,2,0,0,0,0,0,0,0,0,0,0,0,0,0,0,0,0,0,0,0,0,0,0,0,1.0,3,1,3,0.0,998,998,Baja,0,Tarde,Baja,Tarde,Bajo Riesgo
75389,2024,12,1,3,36,36006,1,1,EP-9001,1.057,1,3,6,15.0,0,0,1,1,0,0,1,1,1,0,0,0,0,0,0,0,0,0,0,0,0,0,0,0,0,0,0,0,0,0,0,0,2.0,3,6,3,1.0,998,1,Baja,1,Madrugada,Baja,Madrugada,Bajo Riesgo
75390,2024,12,1,12,36,36006,1,1,VG-4.3,0.1,2,2,4,4.0,0,0,1,1,0,0,1,1,2,0,0,0,0,0,0,0,0,0,0,0,0,0,0,0,0,0,0,0,0,0,0,0,1.0,1,1,1,0.0,998,2,Baja,0,Mañana,Baja,Tarde,Bajo Riesgo
75391,2024,12,5,12,36,36006,1,1,EP-9001,0.6,1,3,6,2.0,0,0,2,2,0,0,2,2,2,0,0,0,0,0,0,0,0,0,0,0,0,0,0,0,0,0,0,0,0,0,0,0,1.0,1,1,1,0.0,998,1,Baja,0,Mañana,Baja,Tarde,Bajo Riesgo
75392,2024,9,4,13,36,0,1,1,PO-223,9.2,1,2,6,19.0,0,0,1,1,0,0,1,1,1,0,0,0,0,0,0,0,0,0,0,0,0,0,0,0,0,0,0,0,0,0,0,0,2.0,1,1,1,0.0,998,3,Baja,0,Tarde,Baja,Tarde,Bajo Riesgo
75393,2024,10,6,19,36,0,1,1,PO-221,12.5,1,2,6,15.0,0,0,1,1,0,0,1,1,1,0,0,0,0,0,0,0,0,0,0,0,0,0,0,0,0,0,0,0,0,0,0,0,2.0,1,4,1,0.0,998,2,Baja,0,Noche,Baja,Noche,Bajo Riesgo
75394,2024,1,7,23,36,36029,1,1,AG-46,0.2,1,2,3,16.0,0,0,1,1,0,0,1,1,1,0,0,0,0,0,0,0,0,0,0,0,0,0,0,0,0,0,0,0,0,0,0,0,2.0,3,4,3,0.0,998,3,Baja,0,Noche,Baja,Noche,Bajo Riesgo
75395,2024,1,6,12,36,36008,1,1,EP-1002,0.4,2,3,6,18.0,0,0,1,1,0,0,1,1,2,0,0,0,0,0,0,0,0,0,0,0,0,0,0,0,0,0,0,0,0,0,0,0,2.0,1,1,1,0.0,998,1,Baja,0,Mañana,Baja,Tarde,Bajo Riesgo
75396,2024,1,1,7,36,36004,1,1,VG-4.6,0.6,1,2,4,8.0,0,0,2,2,0,0,2,2,1,0,0,0,0,0,0,0,0,0,0,0,0,0,0,0,0,0,0,0,0,0,0,0,2.0,1,6,1,0.0,998,3,Baja,0,Mañana,Baja,Mañana,Bajo Riesgo
75397,2024,1,1,21,36,36008,1,1,PO-315,11.9,3,2,6,20.0,0,0,5,5,0,0,5,5,3,0,0,0,0,0,0,0,0,0,0,0,0,0,0,0,0,0,0,0,0,0,0,0,2.0,1,6,1,0.0,998,2,Baja,0,Noche,Media,Noche,Bajo Riesgo
75398,2024,3,5,17,36,36008,1,1,EP-1006,0.8,1,3,6,10.0,0,0,2,2,0,0,2,2,1,0,0,0,0,0,0,0,0,0,0,0,0,0,0,0,0,0,0,0,0,0,0,0,2.0,1,1,2,0.0,998,3,Baja,0,Tarde,Baja,Tarde,Bajo Riesgo
75399,2024,3,7,12,36,36008,1,1,PO-315,8.4,2,2,6,19.0,0,0,1,1,0,0,1,1,2,0,0,0,0,0,0,0,0,0,0,0,0,0,0,0,0,0,0,0,0,0,0,0,2.0,3,1,3,1.0,998,3,Baja,1,Mañana,Baja,Tarde,Bajo Riesgo
75400,2024,1,3,16,36,36008,3,2,No inventariada,13.6,4,2,9,16.0,0,0,2,2,0,0,2,2,3,0,0,0,0,0,0,0,0,0,0,0,0,0,0,0,0,0,0,0,0,0,0,0,2.0,1,1,1,0.0,998,998,Baja,0,Tarde,Baja,Tarde,Bajo Riesgo
75401,2024,2,3,19,36,36008,3,2,No inventariada,13.6,4,3,9,1.0,0,0,1,1,0,0,1,1,2,0,0,0,0,0,0,0,0,0,0,0,0,0,0,0,0,0,0,0,0,0,0,0,2.0,1,1,2,0.0,998,998,Baja,0,Noche,Baja,Noche,Bajo Riesgo
75402,2024,4,7,9,36,36008,1,1,CG-4.1,14.88,2,2,4,8.0,0,0,1,1,0,0,1,1,1,0,0,0,0,0,0,0,0,0,0,0,0,0,0,0,0,0,0,0,0,0,0,0,1.0,1,1,1,0.0,998,1,Baja,0,Mañana,Baja,Mañana,Bajo Riesgo
75403,2024,3,2,13,36,36008,3,2,No inventariada,13.6,4,2,9,10.0,0,1,0,1,0,1,0,1,2,0,0,0,0,0,0,0,0,0,0,0,0,0,0,0,0,0,0,0,0,0,0,0,2.0,1,1,1,0.0,998,998,Baja,0,Tarde,Baja,Tarde,Bajo Riesgo
75404,2024,3,7,13,36,36008,3,2,No inventariada,13.6,4,4,14,20.0,0,0,1,1,0,0,1,1,2,0,0,0,0,0,0,0,0,0,0,0,0,0,0,0,0,0,0,0,0,0,0,0,2.0,1,1,2,0.0,998,998,Baja,0,Tarde,Baja,Tarde,Bajo Riesgo
75405,2024,4,4,15,36,36008,1,1,S/C-PO3604,0.8,2,4,10,19.0,0,0,1,1,0,0,1,1,1,0,0,0,0,0,0,0,0,0,0,0,0,0,0,0,0,0,0,0,0,0,0,0,2.0,1,1,1,0.0,998,1,Baja,0,Tarde,Baja,Tarde,Bajo Riesgo
75406,2024,4,2,20,36,36008,3,2,No inventariada,13.6,4,4,9,10.0,0,0,2,2,0,0,2,2,1,0,0,0,0,0,0,0,0,0,0,0,0,0,0,0,0,0,0,0,0,0,0,0,1.0,2,1,1,0.0,998,998,Baja,0,Noche,Baja,Noche,Bajo Riesgo
75407,2024,4,7,23,36,36008,1,1,CG-4.1,14.7,3,2,4,1.0,1,3,0,4,1,3,0,4,2,0,0,0,0,1,0,0,0,0,0,0,0,0,0,0,1,0,0,0,0,0,0,0,2.0,1,6,1,0.0,998,3,Baja,0,Noche,Alta,Noche,Bajo Riesgo
75408,2024,4,6,11,36,36008,1,1,CG-4.1,12.9,3,2,4,1.0,0,2,0,2,0,2,0,2,2,0,0,0,0,0,0,0,0,0,0,0,0,0,0,0,0,0,0,0,0,0,0,0,2.0,3,1,3,0.0,998,3,Baja,0,Mañana,Baja,Mañana,Bajo Riesgo
75409,2024,6,5,20,36,36029,1,1,CG-4.1,11.5,2,2,4,4.0,0,0,1,1,0,0,1,1,3,0,0,0,0,0,0,0,0,0,0,0,0,0,0,0,0,0,0,0,0,0,0,0,2.0,3,1,4,0.0,998,1,Baja,0,Noche,Baja,Noche,Bajo Riesgo
75410,2024,7,4,13,36,36008,1,1,PO-315,9.177,2,2,6,2.0,0,0,1,1,0,0,1,1,2,0,0,0,0,0,0,0,0,0,0,0,0,0,0,0,0,0,0,0,0,0,0,0,1.0,1,1,1,0.0,998,1,Baja,0,Tarde,Baja,Tarde,Bajo Riesgo
75411,2024,7,2,12,36,36008,3,2,No inventariada,13.6,4,3,9,7.0,0,0,1,1,0,0,1,1,1,0,0,0,0,0,0,0,0,0,0,0,0,0,0,0,0,0,0,0,0,0,0,0,1.0,1,1,1,0.0,4,998,Baja,0,Mañana,Baja,Tarde,Bajo Riesgo
75412,2024,7,5,6,36,36008,2,2,PO-551,19.7,2,2,6,1.0,1,0,0,1,1,0,0,1,2,0,0,0,0,1,0,0,0,0,0,0,0,0,0,0,1,0,0,0,0,0,0,0,2.0,1,3,1,0.0,998,1,Baja,0,Madrugada,Alta,Mañana,Bajo Riesgo
75413,2024,8,6,15,36,36008,1,1,PO-315,11.5,2,2,6,2.0,0,0,3,3,0,0,3,3,2,0,0,0,0,0,0,0,0,0,0,0,0,0,0,0,0,0,0,0,0,0,0,0,1.0,1,1,1,0.0,998,3,Baja,0,Tarde,Media,Tarde,Bajo Riesgo
75414,2024,8,6,16,36,36008,3,2,No inventariada,13.6,4,4,9,3.0,0,0,3,3,0,0,3,3,2,0,0,0,0,0,0,0,0,0,0,0,0,0,0,0,0,0,0,0,0,0,0,0,2.0,1,1,1,0.0,998,998,Baja,0,Tarde,Media,Tarde,Bajo Riesgo
75415,2024,9,7,14,36,36008,1,1,EP-1002,4.6,2,3,6,2.0,0,0,1,1,0,0,1,1,2,0,0,0,0,0,0,0,0,0,0,0,0,0,0,0,0,0,0,0,0,0,0,0,2.0,1,1,1,0.0,998,3,Baja,0,Tarde,Baja,Tarde,Bajo Riesgo
75416,2024,9,6,22,36,36008,1,1,SC/PO,0.1,2,4,10,15.0,0,0,1,1,0,0,1,1,1,0,0,0,0,0,0,0,0,0,0,0,0,0,0,0,0,0,0,0,0,0,0,0,2.0,1,6,1,0.0,998,3,Baja,0,Noche,Baja,Noche,Bajo Riesgo
75417,2024,9,1,14,36,36008,1,1,POSD36031,0.0,3,4,10,1.0,0,0,2,2,0,0,2,2,2,0,0,0,0,0,0,0,0,0,0,0,0,0,0,0,0,0,0,0,0,0,0,0,2.0,1,1,1,0.0,998,2,,0,Tarde,Baja,Tarde,Bajo Riesgo
75418,2024,5,2,8,36,36008,3,2,No inventariada,13.6,4,3,9,3.0,0,1,0,1,0,1,0,1,2,0,0,0,0,0,0,0,0,0,0,0,0,0,0,0,0,0,0,0,0,0,0,0,2.0,1,1,1,0.0,998,998,Baja,0,Mañana,Baja,Mañana,Bajo Riesgo
75419,2024,9,3,9,36,36008,1,1,PO-551,15.2,1,2,6,4.0,0,0,2,2,0,0,2,2,2,0,0,0,0,0,0,0,0,0,0,0,0,0,0,0,0,0,0,0,0,0,0,0,2.0,1,1,1,0.0,998,1,Baja,0,Mañana,Baja,Mañana,Bajo Riesgo