ID_ACCIDENTE,ANYO,MES,DIA_SEMANA,HORA,COD_PROVINCIA,COD_MUNICIPIO,ZONA,ZONA_AGRUPADA,CARRETERA,KM,SENTIDO_1F,TITULARIDAD_VIA,TIPO_VIA,TIPO_ACCIDENTE,TOTAL_MU24H,TOTAL_HG24H,TOTAL_HL24H,TOTAL_VICTIMAS_24H,TOTAL_MU30DF,TOTAL_HG30DF,TOTAL_HL30DF,TOTAL_VICTIMAS_30DF,TOTAL_VEHICULOS,TOT_PEAT_MU24H,TOT_BICI_MU24H,TOT_CICLO_MU24H,TOT_MOTO_MU24H,TOT_TUR_MU24H,TOT_FURG_MU24H,TOT_CAM_MENOS3500_MU24H,TOT_CAM_MAS3500_MU24H,TOT_BUS_MU24H,TOT_OTRO_MU24H,TOT_SINESPECIF_MU24H,TOT_PEAT_MU30DF,TOT_BICI_MU30DF,TOT_CICLO_MU30DF,TOT_MOTO_MU30DF,TOT_TUR_MU30DF,TOT_FURG_MU30DF,TOT_CAM_MENOS3500_MU30DF,TOT_CAM_MAS3500_MU30DF,TOT_BUS_MU30DF,TOT_VMP_MU30DF,TOT_OTRO_MU30DF,TOT_SINESPECIF_MU30DF,NUDO,CONDICION_FIRME,CONDICION_ILUMINACION,CONDICION_METEO,CONDICION_NIEBLA,ACERA,TRAZADO_PLANTA,ZONA_KM,HAY_NIEBLA,TRAMO_HORA,gravedad_accidente,tramo_horario,zona_riesgo
90631,2024,4,1,13,46,0,1,1,CV-60,26.0,2,2,5,12.0,0,1,0,1,0,1,0,1,1,0,0,0,0,0,0,0,0,0,0,0,0,0,0,0,0,0,0,0,0,0,0,0,1.0,1,1,1,0.0,998,2,Baja,0,Tarde,Baja,Tarde,Bajo Riesgo
90632,2024,1,3,12,46,0,1,1,A-7,397.9,1,1,3,4.0,0,0,1,1,0,0,1,1,2,0,0,0,0,0,0,0,0,0,0,0,0,0,0,0,0,0,0,0,0,0,0,0,2.0,1,1,1,0.0,998,1,Muy Alta,0,Mañana,Baja,Tarde,Bajo Riesgo
90633,2024,6,7,9,46,0,2,2,No inventariada,0.5,2,4,10,3.0,0,0,1,1,0,0,1,1,2,0,0,0,0,0,0,0,0,0,0,0,0,0,0,0,0,0,0,0,0,0,0,0,1.0,1,1,1,0.0,998,1,Baja,0,Mañana,Baja,Mañana,Bajo Riesgo
90634,2024,8,4,11,46,0,1,1,A-7,397.0,2,1,3,1.0,0,1,2,3,1,0,2,3,2,0,0,0,0,0,0,0,0,0,0,0,0,0,0,0,1,0,0,0,0,0,0,0,2.0,1,1,1,0.0,998,1,Muy Alta,0,Mañana,Baja,Mañana,Bajo Riesgo
90635,2024,5,2,17,46,0,3,2,No inventariada,13.6,4,4,9,7.0,0,0,2,2,0,0,2,2,1,0,0,0,0,0,0,0,0,0,0,0,0,0,0,0,0,0,0,0,0,0,0,0,1.0,1,1,1,0.0,3,998,Baja,0,Tarde,Baja,Tarde,Bajo Riesgo
90636,2024,9,3,15,46,0,1,1,CAMI DEL C,10.188,1,2,14,12.0,0,0,1,1,0,0,1,1,1,0,0,0,0,0,0,0,0,0,0,0,0,0,0,0,0,0,0,0,0,0,0,0,2.0,1,1,1,0.0,998,1,Baja,0,Tarde,Baja,Tarde,Bajo Riesgo
90637,2024,2,5,22,46,0,1,1,CV-422,14.1,1,3,6,18.0,0,0,4,4,0,0,4,4,1,0,0,0,0,0,0,0,0,0,0,0,0,0,0,0,0,0,0,0,0,0,0,0,2.0,3,6,2,0.0,998,2,Baja,0,Noche,Media,Noche,Bajo Riesgo
90638,2024,3,2,16,46,0,1,1,CV-422,14.5,1,3,6,13.0,0,1,0,1,0,1,0,1,1,0,0,0,0,0,0,0,0,0,0,0,0,0,0,0,0,0,0,0,0,0,0,0,2.0,1,1,1,0.0,998,2,Baja,0,Tarde,Baja,Tarde,Bajo Riesgo
90639,2024,5,3,16,46,0,1,1,CV-50,43.521,1,2,6,2.0,0,1,1,2,0,1,1,2,2,0,0,0,0,0,0,0,0,0,0,0,0,0,0,0,0,0,0,0,0,0,0,0,2.0,1,1,1,0.0,998,1,Baja,0,Tarde,Baja,Tarde,Bajo Riesgo
90640,2024,12,5,11,46,0,3,2,No inventariada,13.6,4,4,9,2.0,0,0,1,1,0,0,1,1,2,0,0,0,0,0,0,0,0,0,0,0,0,0,0,0,0,0,0,0,0,0,0,0,1.0,1,1,1,0.0,998,998,Baja,0,Mañana,Baja,Mañana,Bajo Riesgo
90641,2024,12,3,21,46,0,1,1,CV-50,44.49,1,2,6,8.0,0,0,2,2,0,0,2,2,1,0,0,0,0,0,0,0,0,0,0,0,0,0,0,0,0,0,0,0,0,0,0,0,2.0,1,6,1,0.0,998,1,Baja,0,Noche,Baja,Noche,Bajo Riesgo
90642,2024,5,7,19,46,0,1,1,A-7,395.0,2,1,3,14.0,0,0,1,1,0,0,1,1,1,0,0,0,0,0,0,0,0,0,0,0,0,0,0,0,0,0,0,0,0,0,0,0,2.0,1,1,1,0.0,998,1,Muy Alta,0,Noche,Baja,Noche,Bajo Riesgo
90643,2024,6,4,16,46,0,1,1,A-7,398.26,1,1,3,15.0,1,0,0,1,1,0,0,1,1,0,0,0,0,1,0,0,0,0,0,0,0,0,0,0,1,0,0,0,0,0,0,0,1.0,1,1,1,0.0,998,3,Muy Alta,0,Tarde,Alta,Tarde,Bajo Riesgo
90644,2024,6,5,17,46,46145,1,1,A-7,391.938,2,1,3,3.0,0,0,1,1,0,0,1,1,2,0,0,0,0,0,0,0,0,0,0,0,0,0,0,0,0,0,0,0,0,0,0,0,2.0,1,1,1,0.0,998,2,Muy Alta,0,Tarde,Baja,Tarde,Bajo Riesgo
90645,2024,10,4,10,46,0,1,1,A-7,391.266,2,1,7,10.0,0,0,1,1,0,0,1,1,1,0,0,0,0,0,0,0,0,0,0,0,0,0,0,0,0,0,0,0,0,0,0,0,2.0,1,1,1,0.0,998,1,Muy Alta,0,Mañana,Baja,Mañana,Bajo Riesgo
90646,2024,12,7,20,46,46145,1,1,A-7,393.5,2,1,3,4.0,0,0,3,3,0,0,3,3,4,0,0,0,0,0,0,0,0,0,0,0,0,0,0,0,0,0,0,0,0,0,0,0,2.0,1,6,1,0.0,998,2,Muy Alta,0,Noche,Media,Noche,Bajo Riesgo
90647,2024,2,2,7,46,0,1,1,CV-429,0.9,2,3,6,2.0,0,0,5,5,0,0,5,5,2,0,0,0,0,0,0,0,0,0,0,0,0,0,0,0,0,0,0,0,0,0,0,0,1.0,1,2,1,0.0,998,1,Baja,0,Mañana,Media,Mañana,Bajo Riesgo
90648,2024,3,7,12,46,0,1,1,CV-425,12.659,2,3,6,19.0,0,0,1,1,0,0,1,1,1,0,0,0,0,0,0,0,0,0,0,0,0,0,0,0,0,0,0,0,0,0,0,0,2.0,1,1,1,0.0,998,2,Baja,0,Mañana,Baja,Tarde,Bajo Riesgo
90649,2024,1,2,10,46,46159,3,2,No inventariada,13.6,4,4,9,3.0,0,0,1,1,0,0,1,1,2,0,0,0,0,0,0,0,0,0,0,0,0,0,0,0,0,0,0,0,0,0,0,0,2.0,1,1,7,0.0,998,998,Baja,0,Mañana,Baja,Mañana,Bajo Riesgo
90650,2024,1,5,14,46,46159,3,2,No inventariada,13.6,4,4,9,7.0,0,0,1,1,0,0,1,1,1,0,0,0,0,0,0,0,0,0,0,0,0,0,0,0,0,0,0,0,0,0,0,0,2.0,9,1,7,0.0,4,998,Baja,0,Tarde,Baja,Tarde,Bajo Riesgo
90651,2024,1,6,0,46,46159,3,2,No inventariada,13.6,4,4,9,11.0,0,0,2,2,0,0,2,2,2,0,0,0,0,0,0,0,0,0,0,0,0,0,0,0,0,0,0,0,0,0,0,0,1.0,9,3,7,0.0,998,998,Baja,0,,Baja,Madrugada,Bajo Riesgo
90652,2024,1,3,13,46,46159,3,2,No inventariada,13.6,4,4,9,6.0,0,0,1,1,0,0,1,1,2,0,0,0,0,0,0,0,0,0,0,0,0,0,0,0,0,0,0,0,0,0,0,0,2.0,9,1,2,0.0,1,998,Baja,0,Tarde,Baja,Tarde,Bajo Riesgo
90653,2024,1,3,8,46,46159,1,1,CV-370,4.0,2,3,6,4.0,0,0,1,1,0,0,1,1,2,0,0,0,0,0,0,0,0,0,0,0,0,0,0,0,0,0,0,0,0,0,0,0,2.0,1,1,1,0.0,998,1,Baja,0,Mañana,Baja,Mañana,Bajo Riesgo
90654,2024,1,1,15,46,46159,3,2,No inventariada,13.6,4,4,9,2.0,0,0,1,1,0,0,1,1,2,0,0,0,0,0,0,0,0,0,0,0,0,0,0,0,0,0,0,0,0,0,0,0,2.0,9,1,1,0.0,998,998,Baja,0,Tarde,Baja,Tarde,Bajo Riesgo
90655,2024,2,3,12,46,46159,1,1,CV-370,4.1,1,3,6,2.0,0,0,1,1,0,0,1,1,2,0,0,0,0,0,0,0,0,0,0,0,0,0,0,0,0,0,0,0,0,0,0,0,1.0,1,1,1,0.0,998,1,Baja,0,Mañana,Baja,Tarde,Bajo Riesgo
90656,2024,3,6,13,46,46159,3,2,No inventariada,13.6,4,4,9,7.0,0,0,2,2,0,0,2,2,1,0,0,0,0,0,0,0,0,0,0,0,0,0,0,0,0,0,0,0,0,0,0,0,2.0,9,1,7,0.0,1,998,Baja,0,Tarde,Baja,Tarde,Bajo Riesgo
90657,2024,3,1,14,46,46159,3,2,No inventariada,13.6,4,4,9,20.0,0,0,1,1,0,0,1,1,2,0,0,0,0,0,0,0,0,0,0,0,0,0,0,0,0,0,0,0,0,0,0,0,2.0,9,1,1,0.0,998,998,Baja,0,Tarde,Baja,Tarde,Bajo Riesgo
90658,2024,4,1,14,46,46159,1,1,V-11,1.3,2,1,8,12.0,0,0,1,1,0,0,1,1,2,0,0,0,0,0,0,0,0,0,0,0,0,0,0,0,0,0,0,0,0,0,0,0,1.0,1,1,1,0.0,998,2,Baja,0,Tarde,Baja,Tarde,Bajo Riesgo
90659,2024,3,4,9,46,46159,3,2,No inventariada,13.6,4,4,9,7.0,0,0,1,1,0,0,1,1,1,0,0,0,0,0,0,0,0,0,0,0,0,0,0,0,0,0,0,0,0,0,0,0,2.0,9,1,1,0.0,4,998,Baja,0,Mañana,Baja,Mañana,Bajo Riesgo
90660,2024,4,6,13,46,46159,1,1,CV-370,1.3,2,3,6,4.0,0,1,0,1,0,1,0,1,2,0,0,0,0,0,0,0,0,0,0,0,0,0,0,0,0,0,0,0,0,0,0,0,2.0,1,1,1,0.0,998,1,Baja,0,Tarde,Baja,Tarde,Bajo Riesgo
90661,2024,4,2,17,46,0,1,1,CV-25,4.4,2,2,6,3.0,0,0,1,1,0,0,1,1,2,0,0,0,0,0,0,0,0,0,0,0,0,0,0,0,0,0,0,0,0,0,0,0,2.0,1,1,1,0.0,998,2,Baja,0,Tarde,Baja,Tarde,Bajo Riesgo
90662,2024,5,5,13,46,46159,3,2,No inventariada,13.6,4,4,9,7.0,0,0,1,1,0,0,1,1,1,0,0,0,0,0,0,0,0,0,0,0,0,0,0,0,0,0,0,0,0,0,0,0,2.0,9,1,1,0.0,4,998,Baja,0,Tarde,Baja,Tarde,Bajo Riesgo
90663,2024,4,2,11,46,46159,3,2,No inventariada,13.6,4,4,9,4.0,0,0,2,2,0,0,2,2,2,0,0,0,0,0,0,0,0,0,0,0,0,0,0,0,0,0,0,0,0,0,0,0,2.0,9,1,1,0.0,998,998,Baja,0,Mañana,Baja,Mañana,Bajo Riesgo
90664,2024,5,2,14,46,46159,3,2,No inventariada,13.6,4,4,9,3.0,0,0,1,1,0,0,1,1,2,0,0,0,0,0,0,0,0,0,0,0,0,0,0,0,0,0,0,0,0,0,0,0,2.0,9,1,1,0.0,3,998,Baja,0,Tarde,Baja,Tarde,Bajo Riesgo
90665,2024,6,3,8,46,46159,1,1,A-7,331.271,1,1,3,2.0,0,0,2,2,0,0,2,2,2,0,0,0,0,0,0,0,0,0,0,0,0,0,0,0,0,0,0,0,0,0,0,0,2.0,1,1,2,0.0,998,1,Muy Alta,0,Mañana,Baja,Mañana,Bajo Riesgo
90666,2024,6,3,20,46,46159,1,1,CV-370,0.1,1,3,6,3.0,0,0,1,1,0,0,1,1,2,0,0,0,0,0,0,0,0,0,0,0,0,0,0,0,0,0,0,0,0,0,0,0,1.0,1,1,1,0.0,998,3,Baja,0,Noche,Baja,Noche,Bajo Riesgo
90667,2024,5,2,9,46,46159,3,2,No inventariada,13.6,4,4,9,11.0,0,0,1,1,0,0,1,1,2,0,0,0,0,0,0,0,0,0,0,0,0,0,0,0,0,0,0,0,0,0,0,0,1.0,9,1,7,0.0,1,998,Baja,0,Mañana,Baja,Mañana,Bajo Riesgo
90668,2024,6,6,13,46,46159,3,2,No inventariada,13.6,4,4,9,2.0,0,0,4,4,0,0,4,4,2,0,0,0,0,0,0,0,0,0,0,0,0,0,0,0,0,0,0,0,0,0,0,0,2.0,9,1,1,0.0,998,998,Baja,0,Tarde,Media,Tarde,Bajo Riesgo
90669,2024,6,4,20,46,46159,3,2,No inventariada,13.6,4,4,9,7.0,0,0,1,1,0,0,1,1,1,0,0,0,0,0,0,0,0,0,0,0,0,0,0,0,0,0,0,0,0,0,0,0,2.0,9,1,1,0.0,4,998,Baja,0,Noche,Baja,Noche,Bajo Riesgo
90670,2024,7,5,16,46,46159,1,1,CV-370,2.5,3,3,6,1.0,0,1,3,4,0,1,3,4,2,0,0,0,0,0,0,0,0,0,0,0,0,0,0,0,0,0,0,0,0,0,0,0,2.0,1,1,1,0.0,998,1,Baja,0,Tarde,Media,Tarde,Bajo Riesgo
90671,2024,7,1,20,46,46159,1,1,CV-370,1.0,1,3,6,3.0,0,0,1,1,0,0,1,1,2,0,0,0,0,0,0,0,0,0,0,0,0,0,0,0,0,0,0,0,0,0,0,0,1.0,1,1,1,0.0,998,1,Baja,0,Noche,Baja,Noche,Bajo Riesgo
90672,2024,7,2,9,46,46159,3,2,No inventariada,13.6,4,4,9,7.0,0,0,1,1,0,0,1,1,1,0,0,0,0,0,0,0,0,0,0,0,0,0,0,0,0,0,0,0,0,0,0,0,2.0,9,1,1,0.0,4,998,Baja,0,Mañana,Baja,Mañana,Bajo Riesgo
90673,2024,7,4,12,46,46159,3,2,No inventariada,13.6,4,4,9,7.0,0,0,2,2,0,0,2,2,1,0,0,0,0,0,0,0,0,0,0,0,0,0,0,0,0,0,0,0,0,0,0,0,2.0,1,1,1,0.0,4,998,Baja,0,Mañana,Baja,Tarde,Bajo Riesgo
90674,2024,7,3,8,46,46159,3,2,No inventariada,13.6,4,4,9,2.0,0,0,1,1,0,0,1,1,2,0,0,0,0,0,0,0,0,0,0,0,0,0,0,0,0,0,0,0,0,0,0,0,1.0,9,1,1,0.0,4,998,Baja,0,Mañana,Baja,Mañana,Bajo Riesgo
90675,2024,7,4,13,46,46159,1,1,A-7,331.5,1,1,3,4.0,0,0,1,1,0,0,1,1,2,0,0,0,0,0,0,0,0,0,0,0,0,0,0,0,0,0,0,0,0,0,0,0,2.0,1,1,1,0.0,998,1,Muy Alta,0,Tarde,Baja,Tarde,Bajo Riesgo
90676,2024,8,4,19,46,46159,1,1,N-220,0.186,1,1,6,3.0,0,0,1,1,0,0,1,1,2,0,0,0,0,0,0,0,0,0,0,0,0,0,0,0,0,0,0,0,0,0,0,0,2.0,1,1,1,0.0,998,3,Baja,0,Noche,Baja,Noche,Bajo Riesgo
90677,2024,9,1,21,46,46159,1,1,CV-370,0.05,2,3,6,4.0,0,0,1,1,0,0,1,1,2,0,0,0,0,0,0,0,0,0,0,0,0,0,0,0,0,0,0,0,0,0,0,0,1.0,1,4,1,0.0,998,2,Baja,0,Noche,Baja,Noche,Bajo Riesgo
90678,2024,10,3,9,46,46159,1,1,A-7,329.667,1,1,3,4.0,0,0,2,2,0,0,2,2,2,0,0,0,0,0,0,0,0,0,0,0,0,0,0,0,0,0,0,0,0,0,0,0,2.0,1,1,1,0.0,998,1,Muy Alta,0,Mañana,Baja,Mañana,Bajo Riesgo
90679,2024,11,1,8,46,46159,1,1,A-7,331.35,1,1,3,4.0,1,0,1,2,1,0,1,2,3,0,0,0,0,1,0,0,0,0,0,0,0,0,0,0,1,0,0,0,0,0,0,0,2.0,3,1,2,0.0,998,1,Muy Alta,0,Mañana,Alta,Mañana,Bajo Riesgo
90680,2024,11,2,14,46,46190,1,1,CV-371,0.25,1,3,6,7.0,0,0,1,1,0,0,1,1,1,0,0,0,0,0,0,0,0,0,0,0,0,0,0,0,0,0,0,0,0,0,0,0,2.0,1,1,1,0.0,1,1,Baja,0,Tarde,Baja,Tarde,Bajo Riesgo
90681,2024,12,1,13,46,46159,1,1,A-7,330.912,1,1,2,3.0,0,0,2,2,0,0,2,2,2,0,0,0,0,0,0,0,0,0,0,0,0,0,0,0,0,0,0,0,0,0,0,0,2.0,1,1,1,0.0,998,1,Muy Alta,0,Tarde,Baja,Tarde,Bajo Riesgo
90682,2024,9,6,8,46,46159,3,2,No inventariada,13.6,4,4,9,6.0,0,0,1,1,0,0,1,1,1,0,0,0,0,0,0,0,0,0,0,0,0,0,0,0,0,0,0,0,0,0,0,0,2.0,3,2,3,0.0,998,998,Baja,0,Mañana,Baja,Mañana,Bajo Riesgo
90683,2024,12,4,18,46,46159,1,1,A-7,330.0,1,1,3,5.0,0,0,3,3,0,0,3,3,3,0,0,0,0,0,0,0,0,0,0,0,0,0,0,0,0,0,0,0,0,0,0,0,2.0,1,5,1,0.0,998,1,Muy Alta,0,Tarde,Media,Noche,Bajo Riesgo
90684,2024,12,5,19,46,46159,1,1,CV-370,2.514,2,3,6,3.0,0,0,2,2,0,0,2,2,2,0,0,0,0,0,0,0,0,0,0,0,0,0,0,0,0,0,0,0,0,0,0,0,2.0,1,4,1,0.0,998,1,Baja,0,Noche,Baja,Noche,Bajo Riesgo
90685,2024,4,3,22,46,46145,1,1,CV-41,14.3,2,2,6,8.0,0,0,1,1,0,0,1,1,3,0,0,0,0,0,0,0,0,0,0,0,0,0,0,0,0,0,0,0,0,0,0,0,2.0,1,6,1,0.0,998,1,Baja,0,Noche,Baja,Noche,Bajo Riesgo
90686,2024,11,7,16,46,0,1,1,CV-41,11.2,2,2,6,18.0,0,0,2,2,0,0,2,2,1,0,0,0,0,0,0,0,0,0,0,0,0,0,0,0,0,0,0,0,0,0,0,0,2.0,1,1,1,0.0,998,1,Baja,0,Tarde,Baja,Tarde,Bajo Riesgo
90687,2024,3,7,22,46,0,1,1,CV-25,4.9,1,2,6,14.0,0,0,1,1,0,0,1,1,1,0,0,0,0,0,0,0,0,0,0,0,0,0,0,0,0,0,0,0,0,0,0,0,1.0,1,4,1,0.0,998,1,Baja,0,Noche,Baja,Noche,Bajo Riesgo
90688,2024,7,2,20,46,0,1,1,CV-25,5.563,2,2,6,3.0,0,0,1,1,0,0,1,1,2,0,0,0,0,0,0,0,0,0,0,0,0,0,0,0,0,0,0,0,0,0,0,0,1.0,1,1,1,0.0,998,2,Baja,0,Noche,Baja,Noche,Bajo Riesgo
90689,2024,9,5,14,46,0,1,1,CV-25,5.733,2,2,6,15.0,0,1,0,1,0,1,0,1,1,0,0,0,0,0,0,0,0,0,0,0,0,0,0,0,0,0,0,0,0,0,0,0,2.0,1,1,7,0.0,998,4,Baja,0,Tarde,Baja,Tarde,Bajo Riesgo
90690,2024,12,6,10,46,0,1,1,CV-25,13.897,2,2,6,8.0,0,0,1,1,0,0,1,1,1,0,0,0,0,0,0,0,0,0,0,0,0,0,0,0,0,0,0,0,0,0,0,0,2.0,1,1,1,0.0,998,1,Baja,0,Mañana,Baja,Mañana,Bajo Riesgo
90691,2024,8,7,9,46,0,1,1,A-7,377.12,2,1,3,12.0,1,2,0,3,1,2,0,3,1,0,0,0,0,1,0,0,0,0,0,0,0,0,0,0,1,0,0,0,0,0,0,0,2.0,1,1,1,0.0,998,3,Muy Alta,0,Mañana,Alta,Mañana,Bajo Riesgo
90692,2024,9,1,3,46,0,1,1,A-7,378.711,2,1,3,19.0,0,0,4,4,0,0,4,4,1,0,0,0,0,0,0,0,0,0,0,0,0,0,0,0,0,0,0,0,0,0,0,0,2.0,1,6,1,0.0,998,1,Muy Alta,0,Madrugada,Media,Madrugada,Bajo Riesgo
90693,2024,2,1,9,46,0,1,1,CV-32,1.0,1,2,5,9.0,0,1,0,1,0,1,0,1,1,0,0,0,0,0,0,0,0,0,0,0,0,0,0,0,0,0,0,0,0,0,0,0,1.0,1,1,1,0.0,998,2,Baja,0,Mañana,Baja,Mañana,Bajo Riesgo
90694,2024,2,4,7,46,0,1,1,CV-32,1.8,2,2,5,4.0,0,0,3,3,0,0,3,3,4,0,0,0,0,0,0,0,0,0,0,0,0,0,0,0,0,0,0,0,0,0,0,0,2.0,1,2,1,0.0,998,1,Baja,0,Mañana,Media,Mañana,Bajo Riesgo
90695,2024,11,6,1,46,0,1,1,CV-32,0.959,2,2,5,19.0,0,0,1,1,0,0,1,1,1,0,0,0,0,0,0,0,0,0,0,0,0,0,0,0,0,0,0,0,0,0,0,0,1.0,1,4,1,0.0,998,1,Baja,0,Madrugada,Baja,Madrugada,Bajo Riesgo
90696,2024,12,6,12,46,0,1,1,CV-32,0.4,2,2,5,3.0,0,0,1,1,0,0,1,1,2,0,0,0,0,0,0,0,0,0,0,0,0,0,0,0,0,0,0,0,0,0,0,0,1.0,1,1,1,0.0,998,1,Baja,0,Mañana,Baja,Tarde,Bajo Riesgo
90697,2024,6,6,13,46,46177,1,1,CV-32,6.0,2,2,5,16.0,0,1,0,1,0,1,0,1,1,0,0,0,0,0,0,0,0,0,0,0,0,0,0,0,0,0,0,0,0,0,0,0,2.0,1,1,1,0.0,998,2,Baja,0,Tarde,Baja,Tarde,Bajo Riesgo
90698,2024,1,2,18,46,46165,1,1,V-31,8.819,1,1,3,4.0,0,0,1,1,0,0,1,1,3,0,0,0,0,0,0,0,0,0,0,0,0,0,0,0,0,0,0,0,0,0,0,0,2.0,1,6,1,0.0,998,1,Baja,0,Tarde,Baja,Noche,Bajo Riesgo
90699,2024,3,5,20,46,46165,1,1,V-31,9.406,1,1,3,6.0,0,0,1,1,0,0,1,1,1,0,0,0,0,0,0,0,0,0,0,0,0,0,0,0,0,0,0,0,0,0,0,0,2.0,1,5,1,0.0,998,1,Baja,0,Noche,Baja,Noche,Bajo Riesgo
90700,2024,1,3,19,46,46165,3,2,No inventariada,13.6,4,4,9,2.0,0,0,1,1,0,0,1,1,2,0,0,0,0,0,0,0,0,0,0,0,0,0,0,0,0,0,0,0,0,0,0,0,2.0,1,3,1,0.0,998,998,Baja,0,Noche,Baja,Noche,Bajo Riesgo
90701,2024,3,6,1,46,46165,3,2,No inventariada,13.6,4,4,9,4.0,0,0,3,3,0,0,3,3,2,0,0,0,0,0,0,0,0,0,0,0,0,0,0,0,0,0,0,0,0,0,0,0,2.0,1,4,1,0.0,998,998,Baja,0,Madrugada,Media,Madrugada,Bajo Riesgo
90702,2024,3,2,8,46,46165,3,2,No inventariada,13.6,4,4,9,7.0,0,0,1,1,0,0,1,1,1,0,0,0,0,0,0,0,0,0,0,0,0,0,0,0,0,0,0,0,0,0,0,0,2.0,1,2,1,0.0,4,998,Baja,0,Mañana,Baja,Mañana,Bajo Riesgo
90703,2024,5,5,13,46,46165,1,1,V-31,9.4,1,1,3,14.0,0,0,1,1,0,0,1,1,1,0,0,0,0,0,0,0,0,0,0,0,0,0,0,0,0,0,0,0,0,0,0,0,2.0,2,1,1,0.0,998,3,Baja,0,Tarde,Baja,Tarde,Bajo Riesgo
90704,2024,3,2,12,46,46165,3,2,No inventariada,13.6,4,4,9,4.0,0,0,1,1,0,0,1,1,2,0,0,0,0,0,0,0,0,0,0,0,0,0,0,0,0,0,0,0,0,0,0,0,2.0,1,1,1,0.0,998,998,Baja,0,Mañana,Baja,Tarde,Bajo Riesgo
90705,2024,3,3,5,46,46165,3,2,No inventariada,13.6,4,4,9,2.0,0,0,1,1,0,0,1,1,2,0,0,0,0,0,0,0,0,0,0,0,0,0,0,0,0,0,0,0,0,0,0,0,1.0,1,3,1,0.0,998,998,Baja,0,Madrugada,Baja,Madrugada,Bajo Riesgo
90706,2024,4,4,18,46,46165,3,2,No inventariada,13.6,4,4,9,10.0,0,0,1,1,0,0,1,1,1,0,0,0,0,0,0,0,0,0,0,0,0,0,0,0,0,0,0,0,0,0,0,0,2.0,1,1,7,0.0,998,998,Baja,0,Tarde,Baja,Noche,Bajo Riesgo
90707,2024,5,3,16,46,46165,3,2,No inventariada,13.6,4,4,9,10.0,0,0,1,1,0,0,1,1,1,0,0,0,0,0,0,0,0,0,0,0,0,0,0,0,0,0,0,0,0,0,0,0,2.0,1,1,1,0.0,998,998,Baja,0,Tarde,Baja,Tarde,Bajo Riesgo
90708,2024,5,5,14,46,46165,3,2,No inventariada,13.6,4,4,9,10.0,0,0,1,1,0,0,1,1,2,0,0,0,0,0,0,0,0,0,0,0,0,0,0,0,0,0,0,0,0,0,0,0,1.0,1,1,1,0.0,998,998,Baja,0,Tarde,Baja,Tarde,Bajo Riesgo
90709,2024,6,1,14,46,46165,3,2,No inventariada,13.6,4,4,9,7.0,0,0,1,1,0,0,1,1,1,0,0,0,0,0,0,0,0,0,0,0,0,0,0,0,0,0,0,0,0,0,0,0,2.0,1,1,1,0.0,1,998,Baja,0,Tarde,Baja,Tarde,Bajo Riesgo
90710,2024,7,7,23,46,46022,1,1,V-31,10.227,1,1,3,4.0,0,0,1,1,0,0,1,1,2,0,0,0,0,0,0,0,0,0,0,0,0,0,0,0,0,0,0,0,0,0,0,0,2.0,1,5,1,0.0,998,1,Baja,0,Noche,Baja,Noche,Bajo Riesgo
90711,2024,10,6,17,46,46186,1,1,CV-400,3.5,1,2,5,4.0,0,0,1,1,0,0,1,1,3,0,0,0,0,0,0,0,0,0,0,0,0,0,0,0,0,0,0,0,0,0,0,0,2.0,1,1,1,0.0,998,1,Baja,0,Tarde,Baja,Tarde,Bajo Riesgo
90712,2024,11,5,15,46,46165,1,1,V-31,8.9,1,1,3,4.0,0,0,1,1,0,0,1,1,2,0,0,0,0,0,0,0,0,0,0,0,0,0,0,0,0,0,0,0,0,0,0,0,2.0,2,1,7,0.0,998,1,Baja,0,Tarde,Baja,Tarde,Bajo Riesgo
90713,2024,11,4,19,46,46094,1,1,V-31,8.376,2,1,3,5.0,0,0,2,2,0,0,2,2,4,0,0,0,0,0,0,0,0,0,0,0,0,0,0,0,0,0,0,0,0,0,0,0,2.0,1,5,1,0.0,998,1,Baja,0,Noche,Baja,Noche,Bajo Riesgo
90714,2024,11,2,13,46,46165,1,1,V-31,9.4,2,1,3,4.0,0,1,0,1,0,1,0,1,2,0,0,0,0,0,0,0,0,0,0,0,0,0,0,0,0,0,0,0,0,0,0,0,2.0,2,1,2,0.0,998,1,Baja,0,Tarde,Baja,Tarde,Bajo Riesgo
90715,2024,12,1,15,46,46165,1,1,V-31,9.5,1,1,3,5.0,0,0,3,3,0,0,3,3,3,0,0,0,0,0,0,0,0,0,0,0,0,0,0,0,0,0,0,0,0,0,0,0,2.0,1,1,1,0.0,998,1,Baja,0,Tarde,Media,Tarde,Bajo Riesgo
90716,2024,2,7,17,46,46166,3,2,No inventariada,13.6,4,4,9,12.0,0,0,1,1,0,0,1,1,1,0,0,0,0,0,0,0,0,0,0,0,0,0,0,0,0,0,0,0,0,0,0,0,2.0,1,1,1,0.0,4,998,Baja,0,Tarde,Baja,Tarde,Bajo Riesgo
90717,2024,3,4,9,46,46166,3,2,No inventariada,13.6,4,4,9,2.0,0,0,1,1,0,0,1,1,2,0,0,0,0,0,0,0,0,0,0,0,0,0,0,0,0,0,0,0,0,0,0,0,1.0,1,1,1,0.0,998,998,Baja,0,Mañana,Baja,Mañana,Bajo Riesgo
90718,2024,5,3,14,46,46166,3,2,No inventariada,13.6,4,4,9,10.0,0,0,1,1,0,0,1,1,1,0,0,0,0,0,0,0,0,0,0,0,0,0,0,0,0,0,0,0,0,0,0,0,1.0,1,1,1,0.0,998,998,Baja,0,Tarde,Baja,Tarde,Bajo Riesgo
90719,2024,5,4,12,46,46166,3,2,No inventariada,13.6,4,4,9,2.0,0,0,1,1,0,0,1,1,2,0,0,0,0,0,0,0,0,0,0,0,0,0,0,0,0,0,0,0,0,0,0,0,1.0,1,1,1,0.0,998,998,Baja,0,Mañana,Baja,Tarde,Bajo Riesgo