ID_ACCIDENTE,ANYO,MES,DIA_SEMANA,HORA,COD_PROVINCIA,COD_MUNICIPIO,ZONA,ZONA_AGRUPADA,CARRETERA,KM,SENTIDO_1F,TITULARIDAD_VIA,TIPO_VIA,TIPO_ACCIDENTE,TOTAL_MU24H,TOTAL_HG24H,TOTAL_HL24H,TOTAL_VICTIMAS_24H,TOTAL_MU30DF,TOTAL_HG30DF,TOTAL_HL30DF,TOTAL_VICTIMAS_30DF,TOTAL_VEHICULOS,TOT_PEAT_MU24H,TOT_BICI_MU24H,TOT_CICLO_MU24H,TOT_MOTO_MU24H,TOT_TUR_MU24H,TOT_FURG_MU24H,TOT_CAM_MENOS3500_MU24H,TOT_CAM_MAS3500_MU24H,TOT_BUS_MU24H,TOT_OTRO_MU24H,TOT_SINESPECIF_MU24H,TOT_PEAT_MU30DF,TOT_BICI_MU30DF,TOT_CICLO_MU30DF,TOT_MOTO_MU30DF,TOT_TUR_MU30DF,TOT_FURG_MU30DF,TOT_CAM_MENOS3500_MU30DF,TOT_CAM_MAS3500_MU30DF,TOT_BUS_MU30DF,TOT_VMP_MU30DF,TOT_OTRO_MU30DF,TOT_SINESPECIF_MU30DF,NUDO,CONDICION_FIRME,CONDICION_ILUMINACION,CONDICION_METEO,CONDICION_NIEBLA,ACERA,TRAZADO_PLANTA,ZONA_KM,HAY_NIEBLA,TRAMO_HORA,gravedad_accidente,tramo_horario,zona_riesgo
96807,2024,7,1,12,48,48003,1,1,N-634,89.0,3,5,14,3.0,0,0,2,2,0,0,2,2,2,0,0,0,0,0,0,0,0,0,0,0,0,0,0,0,0,0,0,0,0,0,0,0,1.0,1,1,1,0.0,998,1,Media,0,Mañana,Baja,Tarde,Bajo Riesgo
96808,2024,8,4,13,48,0,1,1,BI-3321,36.0,2,3,7,19.0,0,0,1,1,0,0,1,1,1,0,0,0,0,0,0,0,0,0,0,0,0,0,0,0,0,0,0,0,0,0,0,0,2.0,1,1,1,0.0,998,1,Baja,0,Tarde,Baja,Tarde,Bajo Riesgo
96809,2024,8,4,20,48,0,3,2,No inventariada,0.0,4,5,14,6.0,0,2,0,2,0,2,0,2,1,0,0,0,0,0,0,0,0,0,0,0,0,0,0,0,0,0,0,0,0,0,0,0,2.0,1,1,1,0.0,998,998,,0,Noche,Baja,Noche,Bajo Riesgo
96810,2024,9,4,1,48,48020,1,1,A-8,116.0,2,3,2,16.0,0,0,1,1,0,0,1,1,1,0,0,0,0,0,0,0,0,0,0,0,0,0,0,0,0,0,0,0,0,0,0,0,2.0,3,4,3,0.0,998,3,Alta,0,Madrugada,Baja,Madrugada,Bajo Riesgo
96811,2024,9,4,8,48,48020,3,2,No inventariada,0.0,2,4,14,2.0,0,0,3,3,0,0,3,3,2,0,0,0,0,0,0,0,0,0,0,0,0,0,0,0,0,0,0,0,0,0,0,0,1.0,8,1,1,0.0,998,998,,0,Mañana,Media,Mañana,Bajo Riesgo
96812,2024,9,2,12,48,48020,3,2,No inventariada,0.0,4,4,14,10.0,0,0,1,1,0,0,1,1,1,0,0,0,0,0,0,0,0,0,0,0,0,0,0,0,0,0,0,0,0,0,0,0,2.0,9,1,7,0.0,998,998,,0,Mañana,Baja,Tarde,Bajo Riesgo
96813,2024,8,4,13,48,48020,3,2,No inventariada,0.0,4,4,9,3.0,0,0,1,1,0,0,1,1,2,0,0,0,0,0,0,0,0,0,0,0,0,0,0,0,0,0,0,0,0,0,0,0,2.0,9,1,7,0.0,998,998,,0,Tarde,Baja,Tarde,Bajo Riesgo
96814,2024,9,1,19,48,48020,3,2,No inventariada,0.0,4,4,14,4.0,0,0,2,2,0,0,2,2,2,0,0,0,0,0,0,0,0,0,0,0,0,0,0,0,0,0,0,0,0,0,0,0,2.0,9,1,7,0.0,998,998,,0,Noche,Baja,Noche,Bajo Riesgo
96815,2024,6,7,10,48,48044,3,2,No inventariada,0.0,4,4,12,10.0,0,0,1,1,0,0,1,1,1,0,0,0,0,0,0,0,0,0,0,0,0,0,0,0,0,0,0,0,0,0,0,0,2.0,3,1,4,0.0,998,998,,0,Mañana,Baja,Mañana,Bajo Riesgo
96816,2024,9,2,22,48,48044,3,2,No inventariada,0.0,2,4,9,7.0,0,0,1,1,0,0,1,1,1,0,0,0,0,0,0,0,0,0,0,0,0,0,0,0,0,0,0,0,0,0,0,0,2.0,3,1,3,0.0,0,998,,0,Noche,Baja,Noche,Bajo Riesgo
96817,2024,8,3,8,48,48902,1,1,No inventariada,4.0,1,3,5,4.0,0,0,3,3,0,0,3,3,3,0,0,0,0,0,0,0,0,0,0,0,0,0,0,0,0,0,0,0,0,0,0,0,2.0,3,1,2,0.0,998,3,Baja,0,Mañana,Media,Mañana,Bajo Riesgo
96818,2024,8,7,12,48,48071,3,2,No inventariada,0.0,4,5,14,19.0,0,1,0,1,0,1,0,1,1,0,0,0,0,0,0,0,0,0,0,0,0,0,0,0,0,0,0,0,0,0,0,0,2.0,8,1,2,0.0,998,998,,0,Mañana,Baja,Tarde,Bajo Riesgo
96819,2024,9,3,21,48,48054,1,1,BI-637,13.0,1,3,3,11.0,0,0,2,2,0,0,2,2,1,0,0,0,0,0,0,0,0,0,0,0,0,0,0,0,0,0,0,0,0,0,0,0,2.0,3,4,3,0.0,998,2,Baja,0,Noche,Baja,Noche,Bajo Riesgo
96820,2024,8,1,14,48,48020,3,2,No inventariada,0.0,3,4,9,2.0,0,0,1,1,0,0,1,1,2,0,0,0,0,0,0,0,0,0,0,0,0,0,0,0,0,0,0,0,0,0,0,0,2.0,1,1,1,0.0,998,998,,0,Tarde,Baja,Tarde,Bajo Riesgo
96821,2024,9,6,0,48,0,1,1,BI-635,33.0,1,3,14,16.0,0,1,2,3,0,1,2,3,1,0,0,0,0,0,0,0,0,0,0,0,0,0,0,0,0,0,0,0,0,0,0,0,2.0,1,4,1,0.0,998,1,Baja,0,,Baja,Madrugada,Bajo Riesgo
96822,2024,7,6,11,48,48046,3,2,No inventariada,0.0,4,5,14,20.0,0,0,1,1,0,0,1,1,1,0,0,0,0,0,0,0,0,0,0,0,0,0,0,0,0,0,0,0,0,0,0,0,1.0,1,1,1,0.0,998,998,,0,Mañana,Baja,Mañana,Bajo Riesgo
96823,2024,9,1,12,48,0,1,1,BI-2224,36.0,1,3,5,18.0,0,0,1,1,0,0,1,1,1,0,0,0,0,0,0,0,0,0,0,0,0,0,0,0,0,0,0,0,0,0,0,0,2.0,1,1,1,0.0,998,2,Baja,0,Mañana,Baja,Tarde,Bajo Riesgo
96824,2024,9,7,11,48,48901,1,1,N-633,10.0,1,5,14,12.0,0,0,1,1,0,0,1,1,1,0,0,0,0,0,0,0,0,0,0,0,0,0,0,0,0,0,0,0,0,0,0,0,2.0,3,1,1,0.0,998,2,Baja,0,Mañana,Baja,Mañana,Bajo Riesgo
96825,2024,8,1,19,48,48020,3,2,No inventariada,0.0,2,4,9,7.0,0,0,1,1,0,0,1,1,2,0,0,0,0,0,0,0,0,0,0,0,0,0,0,0,0,0,0,0,0,0,0,0,2.0,1,1,1,0.0,0,998,,0,Noche,Baja,Noche,Bajo Riesgo
96826,2024,8,4,12,48,48020,3,2,No inventariada,0.0,2,4,14,16.0,0,0,2,2,0,0,2,2,1,0,0,0,0,0,0,0,0,0,0,0,0,0,0,0,0,0,0,0,0,0,0,0,2.0,3,1,3,0.0,998,998,,0,Mañana,Baja,Tarde,Bajo Riesgo
96827,2024,8,6,13,48,48020,3,2,No inventariada,0.0,4,4,9,20.0,0,0,1,1,0,0,1,1,2,0,0,0,0,0,0,0,0,0,0,0,0,0,0,0,0,0,0,0,0,0,0,0,2.0,9,1,7,0.0,998,998,,0,Tarde,Baja,Tarde,Bajo Riesgo
96828,2024,8,3,8,48,48020,3,2,No inventariada,0.0,4,4,9,10.0,0,0,1,1,0,0,1,1,1,0,0,0,0,0,0,0,0,0,0,0,0,0,0,0,0,0,0,0,0,0,0,0,2.0,9,1,7,0.0,998,998,,0,Mañana,Baja,Mañana,Bajo Riesgo
96829,2024,8,3,7,48,48020,3,2,No inventariada,0.0,4,4,14,10.0,0,0,1,1,0,0,1,1,1,0,0,0,0,0,0,0,0,0,0,0,0,0,0,0,0,0,0,0,0,0,0,0,2.0,9,1,7,0.0,998,998,,0,Mañana,Baja,Mañana,Bajo Riesgo
96830,2024,6,6,17,48,48020,3,2,No inventariada,0.0,4,4,12,1.0,0,0,1,1,0,0,1,1,2,0,0,0,0,0,0,0,0,0,0,0,0,0,0,0,0,0,0,0,0,0,0,0,2.0,9,1,7,0.0,998,998,,0,Tarde,Baja,Tarde,Bajo Riesgo
96831,2024,8,6,20,48,48020,3,2,No inventariada,0.0,4,4,9,4.0,0,0,2,2,0,0,2,2,2,0,0,0,0,0,0,0,0,0,0,0,0,0,0,0,0,0,0,0,0,0,0,0,2.0,9,1,7,0.0,998,998,,0,Noche,Baja,Noche,Bajo Riesgo
96832,2024,7,7,16,48,48032,1,1,BI-3321,37.0,1,3,6,1.0,0,0,1,1,0,0,1,1,2,0,0,0,0,0,0,0,0,0,0,0,0,0,0,0,0,0,0,0,0,0,0,0,2.0,1,1,1,0.0,998,2,Baja,0,Tarde,Baja,Tarde,Bajo Riesgo
96833,2024,8,7,17,48,48020,3,2,No inventariada,0.0,2,4,12,10.0,0,0,1,1,0,0,1,1,1,0,0,0,0,0,0,0,0,0,0,0,0,0,0,0,0,0,0,0,0,0,0,0,2.0,1,1,1,0.0,998,998,,0,Tarde,Baja,Tarde,Bajo Riesgo
96834,2024,8,3,13,48,48020,3,2,No inventariada,0.0,4,4,14,7.0,0,0,1,1,0,0,1,1,1,0,0,0,0,0,0,0,0,0,0,0,0,0,0,0,0,0,0,0,0,0,0,0,2.0,9,1,7,0.0,0,998,,0,Tarde,Baja,Tarde,Bajo Riesgo
96835,2024,7,6,10,48,0,3,2,No inventariada,0.0,4,4,9,10.0,0,0,1,1,0,0,1,1,1,0,0,0,0,0,0,0,0,0,0,0,0,0,0,0,0,0,0,0,0,0,0,0,2.0,1,1,1,0.0,998,998,,0,Mañana,Baja,Mañana,Bajo Riesgo
96836,2024,9,3,19,48,48043,1,1,BI-3154,0.0,1,3,14,10.0,0,0,1,1,0,0,1,1,1,0,0,0,0,0,0,0,0,0,0,0,0,0,0,0,0,0,0,0,0,0,0,0,2.0,3,1,3,0.0,998,2,,0,Noche,Baja,Noche,Bajo Riesgo
96837,2024,9,4,20,48,0,1,1,BI-633,53.0,1,3,14,1.0,0,0,1,1,0,0,1,1,2,0,0,0,0,0,0,0,0,0,0,0,0,0,0,0,0,0,0,0,0,0,0,0,1.0,3,1,4,0.0,998,1,Media,0,Noche,Baja,Noche,Bajo Riesgo
96838,2024,9,2,6,48,48020,1,1,A-8,117.0,2,3,2,3.0,0,0,1,1,0,0,1,1,2,0,0,0,0,0,0,0,0,0,0,0,0,0,0,0,0,0,0,0,0,0,0,0,2.0,3,4,3,0.0,998,3,Alta,0,Madrugada,Baja,Mañana,Bajo Riesgo
96839,2024,8,5,14,48,48020,3,2,No inventariada,0.0,4,4,9,5.0,0,0,3,3,0,0,3,3,3,0,0,0,0,0,0,0,0,0,0,0,0,0,0,0,0,0,0,0,0,0,0,0,2.0,9,1,7,0.0,998,998,,0,Tarde,Media,Tarde,Bajo Riesgo
96840,2024,9,3,18,48,48036,1,1,N-634,97.0,2,5,6,3.0,0,1,0,1,0,1,0,1,2,0,0,0,0,0,0,0,0,0,0,0,0,0,0,0,0,0,0,0,0,0,0,0,1.0,1,1,2,0.0,998,1,Media,0,Tarde,Baja,Noche,Bajo Riesgo
96841,2024,9,5,19,48,48083,1,1,BI-757,5.0,2,3,5,12.0,0,0,2,2,0,0,2,2,1,0,0,0,0,0,0,0,0,0,0,0,0,0,0,0,0,0,0,0,0,0,0,0,2.0,1,1,1,0.0,998,2,Baja,0,Noche,Baja,Noche,Bajo Riesgo
96842,2024,9,2,17,48,48020,3,2,No inventariada,0.0,4,4,9,2.0,0,0,2,2,0,0,2,2,3,0,0,0,0,0,0,0,0,0,0,0,0,0,0,0,0,0,0,0,0,0,0,0,2.0,9,1,7,0.0,998,998,,0,Tarde,Baja,Tarde,Bajo Riesgo
96843,2024,9,4,21,48,0,1,1,N-639,20.0,2,5,14,16.0,0,0,3,3,0,0,3,3,1,0,0,0,0,0,0,0,0,0,0,0,0,0,0,0,0,0,0,0,0,0,0,0,2.0,3,6,2,0.0,998,2,Baja,0,Noche,Media,Noche,Bajo Riesgo
96844,2024,7,7,18,48,0,1,1,BI-635,27.0,1,3,6,12.0,0,0,6,6,0,0,6,6,3,0,0,0,0,0,0,0,0,0,0,0,0,0,0,0,0,0,0,0,0,0,0,0,2.0,1,1,1,0.0,998,2,Baja,0,Tarde,Media,Noche,Bajo Riesgo
96845,2024,9,3,8,48,48069,1,1,BI-631,19.0,2,3,14,16.0,0,0,1,1,0,0,1,1,1,0,0,0,0,0,0,0,0,0,0,0,0,0,0,0,0,0,0,0,0,0,0,0,1.0,1,1,1,0.0,998,3,Baja,0,Mañana,Baja,Mañana,Bajo Riesgo
96846,2024,9,4,12,48,0,1,1,BI-2121,22.0,2,3,14,18.0,0,0,1,1,0,0,1,1,1,0,0,0,0,0,0,0,0,0,0,0,0,0,0,0,0,0,0,0,0,0,0,0,2.0,7,1,3,0.0,998,3,Baja,0,Mañana,Baja,Tarde,Bajo Riesgo
96847,2024,9,4,14,48,0,1,1,AP-8,77.0,2,2,1,16.0,0,0,1,1,0,0,1,1,1,0,0,0,0,0,0,0,0,0,0,0,0,0,0,0,0,0,0,0,0,0,0,0,2.0,3,1,3,0.0,998,2,Media,0,Tarde,Baja,Tarde,Bajo Riesgo
96848,2024,9,4,18,48,0,2,2,BI-633,54.0,1,3,6,15.0,1,0,0,1,1,0,0,1,1,0,0,0,0,1,0,0,0,0,0,0,0,0,0,0,1,0,0,0,0,0,0,0,2.0,3,1,2,0.0,998,3,Media,0,Tarde,Alta,Noche,Bajo Riesgo
96849,2024,9,5,8,48,48902,1,1,No inventariada,0.0,1,5,2,10.0,0,0,1,1,0,0,1,1,1,0,0,0,0,0,0,0,0,0,0,0,0,0,0,0,0,0,0,0,0,0,0,0,2.0,3,1,3,0.0,998,2,,0,Mañana,Baja,Mañana,Bajo Riesgo
96850,2024,9,5,8,48,48902,1,1,No inventariada,0.0,1,5,2,12.0,0,0,1,1,0,0,1,1,1,0,0,0,0,0,0,0,0,0,0,0,0,0,0,0,0,0,0,0,0,0,0,0,2.0,3,1,1,0.0,998,2,,0,Mañana,Baja,Mañana,Bajo Riesgo
96851,2024,9,3,9,48,48902,1,1,N-637,12.0,2,5,5,20.0,0,0,1,1,0,0,1,1,3,0,0,0,0,0,0,0,0,0,0,0,0,0,0,0,0,0,0,0,0,0,0,0,2.0,1,1,2,0.0,998,3,Baja,0,Mañana,Baja,Mañana,Bajo Riesgo
96852,2024,9,3,13,48,48043,3,2,No inventariada,0.0,4,5,14,10.0,0,0,1,1,0,0,1,1,1,0,0,0,0,0,0,0,0,0,0,0,0,0,0,0,0,0,0,0,0,0,0,0,2.0,1,1,1,0.0,998,998,,0,Tarde,Baja,Tarde,Bajo Riesgo
96853,2024,9,6,22,48,0,1,1,BI-3114,24.0,1,3,6,2.0,0,0,1,1,0,0,1,1,3,0,0,0,0,0,0,0,0,0,0,0,0,0,0,0,0,0,0,0,0,0,0,0,2.0,1,4,1,0.0,998,1,Baja,0,Noche,Baja,Noche,Bajo Riesgo
96854,2024,8,1,11,48,48085,3,2,No inventariada,0.0,4,5,14,3.0,0,0,1,1,0,0,1,1,2,0,0,0,0,0,0,0,0,0,0,0,0,0,0,0,0,0,0,0,0,0,0,0,2.0,1,1,1,0.0,998,998,,0,Mañana,Baja,Mañana,Bajo Riesgo
96855,2024,8,3,8,48,48069,1,1,BI-2101,21.0,1,3,5,18.0,0,0,1,1,0,0,1,1,1,0,0,0,0,0,0,0,0,0,0,0,0,0,0,0,0,0,0,0,0,0,0,0,2.0,3,1,3,0.0,998,2,Baja,0,Mañana,Baja,Mañana,Bajo Riesgo
96856,2024,8,3,20,48,48901,3,2,No inventariada,0.0,4,4,9,20.0,0,0,2,2,0,0,2,2,2,0,0,0,0,0,0,0,0,0,0,0,0,0,0,0,0,0,0,0,0,0,0,0,2.0,1,1,1,0.0,998,998,,0,Noche,Baja,Noche,Bajo Riesgo
96857,2024,8,6,12,48,48001,3,2,No inventariada,0.0,4,4,9,10.0,0,0,1,1,0,0,1,1,1,0,0,0,0,0,0,0,0,0,0,0,0,0,0,0,0,0,0,0,0,0,0,0,2.0,1,1,1,0.0,998,998,,0,Mañana,Baja,Tarde,Bajo Riesgo
96858,2024,8,6,16,48,48043,3,2,No inventariada,0.0,4,4,9,19.0,0,0,1,1,0,0,1,1,1,0,0,0,0,0,0,0,0,0,0,0,0,0,0,0,0,0,0,0,0,0,0,0,2.0,3,1,3,0.0,998,998,,0,Tarde,Baja,Tarde,Bajo Riesgo
96859,2024,8,7,9,48,48089,1,1,BI-2704,17.0,1,3,6,15.0,0,0,1,1,0,0,1,1,1,0,0,0,0,0,0,0,0,0,0,0,0,0,0,0,0,0,0,0,0,0,0,0,2.0,3,1,1,0.0,998,2,Baja,0,Mañana,Baja,Mañana,Bajo Riesgo
96860,2024,8,7,14,48,0,3,2,No inventariada,0.0,4,4,9,10.0,0,0,1,1,0,0,1,1,1,0,0,0,0,0,0,0,0,0,0,0,0,0,0,0,0,0,0,0,0,0,0,0,1.0,1,1,1,0.0,998,998,,0,Tarde,Baja,Tarde,Bajo Riesgo
96861,2024,9,3,0,48,48085,3,2,No inventariada,0.0,4,4,9,10.0,0,1,0,1,0,1,0,1,1,0,0,0,0,0,0,0,0,0,0,0,0,0,0,0,0,0,0,0,0,0,0,0,2.0,1,4,1,0.0,998,998,,0,,Baja,Madrugada,Bajo Riesgo
96862,2024,9,3,22,48,48003,1,1,AP-8,96.0,2,2,1,15.0,0,0,1,1,0,0,1,1,1,0,0,0,0,0,0,0,0,0,0,0,0,0,0,0,0,0,0,0,0,0,0,0,2.0,3,6,4,0.0,998,1,Media,0,Noche,Baja,Noche,Bajo Riesgo
96863,2024,9,5,7,48,48044,1,1,BI-637,15.0,1,3,5,12.0,0,0,2,2,0,0,2,2,2,0,0,0,0,0,0,0,0,0,0,0,0,0,0,0,0,0,0,0,0,0,0,0,2.0,3,1,2,0.0,998,1,Baja,0,Mañana,Baja,Mañana,Bajo Riesgo
96864,2024,9,5,8,48,0,1,1,BI-633,44.0,1,3,6,15.0,0,0,1,1,0,0,1,1,1,0,0,0,0,0,0,0,0,0,0,0,0,0,0,0,0,0,0,0,0,0,0,0,2.0,3,1,3,0.0,998,2,Baja,0,Mañana,Baja,Mañana,Bajo Riesgo
96865,2024,9,5,10,48,48003,1,1,BI-3334,93.0,1,3,8,12.0,0,0,1,1,0,0,1,1,1,0,0,0,0,0,0,0,0,0,0,0,0,0,0,0,0,0,0,0,0,0,0,0,2.0,1,1,1,0.0,998,1,Media,0,Mañana,Baja,Mañana,Bajo Riesgo
96866,2024,9,6,10,48,0,1,1,BI-3123,27.0,2,3,6,16.0,0,1,0,1,0,1,0,1,1,0,0,0,0,0,0,0,0,0,0,0,0,0,0,0,0,0,0,0,0,0,0,0,2.0,8,1,1,0.0,998,3,Baja,0,Mañana,Baja,Mañana,Bajo Riesgo
96867,2024,8,2,14,48,0,1,1,BI-2101,25.0,2,3,14,19.0,0,0,1,1,0,0,1,1,1,0,0,0,0,0,0,0,0,0,0,0,0,0,0,0,0,0,0,0,0,0,0,0,2.0,1,1,1,0.0,998,1,Baja,0,Tarde,Baja,Tarde,Bajo Riesgo
96868,2024,9,1,21,48,48013,1,1,A-8,123.0,1,3,3,12.0,0,0,2,2,0,0,2,2,1,0,0,0,0,0,0,0,0,0,0,0,0,0,0,0,0,0,0,0,0,0,0,0,2.0,3,3,3,0.0,998,2,Alta,0,Noche,Baja,Noche,Bajo Riesgo
96869,2024,9,5,3,48,0,1,1,BI-635,28.0,1,3,5,12.0,0,0,1,1,0,0,1,1,1,0,0,0,0,0,0,0,0,0,0,0,0,0,0,0,0,0,0,0,0,0,0,0,2.0,3,6,4,0.0,998,2,Baja,0,Madrugada,Baja,Madrugada,Bajo Riesgo
96870,2024,9,2,20,48,48071,1,1,No inventariada,131.0,2,3,6,2.0,0,0,3,3,0,0,3,3,2,0,0,0,0,0,0,0,0,0,0,0,0,0,0,0,0,0,0,0,0,0,0,0,1.0,1,3,1,0.0,998,2,Alta,0,Noche,Media,Noche,Bajo Riesgo
96871,2024,9,3,14,48,48036,1,1,AP-8,102.0,2,2,1,12.0,0,0,1,1,0,0,1,1,3,0,0,0,0,0,0,0,0,0,0,0,0,0,0,0,0,0,0,0,0,0,0,0,2.0,1,1,2,0.0,998,1,Alta,0,Tarde,Baja,Tarde,Bajo Riesgo
96872,2024,9,4,17,48,48015,1,1,A-8,111.0,1,3,2,4.0,0,0,1,1,0,0,1,1,3,0,0,0,0,0,0,0,0,0,0,0,0,0,0,0,0,0,0,0,0,0,0,0,2.0,3,1,3,0.0,998,1,Alta,0,Tarde,Baja,Tarde,Bajo Riesgo
96873,2024,9,5,8,48,48020,3,2,No inventariada,0.0,2,4,9,10.0,0,0,1,1,0,0,1,1,1,0,0,0,0,0,0,0,0,0,0,0,0,0,0,0,0,0,0,0,0,0,0,0,2.0,3,1,3,0.0,998,998,,0,Mañana,Baja,Mañana,Bajo Riesgo
96874,2024,9,7,4,48,48071,1,1,BI-3796,0.0,1,3,6,13.0,0,0,1,1,0,0,1,1,1,0,0,0,0,0,0,0,0,0,0,0,0,0,0,0,0,0,0,0,0,0,0,0,2.0,1,5,1,0.0,998,2,,0,Madrugada,Baja,Madrugada,Bajo Riesgo
96875,2024,9,4,14,48,0,1,1,BI-626,3.0,2,3,8,15.0,0,0,1,1,0,0,1,1,1,0,0,0,0,0,0,0,0,0,0,0,0,0,0,0,0,0,0,0,0,0,0,0,2.0,3,1,3,0.0,998,2,Baja,0,Tarde,Baja,Tarde,Bajo Riesgo
96876,2024,9,4,19,48,48020,1,1,A-8,117.0,2,3,2,4.0,0,0,1,1,0,0,1,1,2,0,0,0,0,0,0,0,0,0,0,0,0,0,0,0,0,0,0,0,0,0,0,0,2.0,3,1,2,0.0,998,3,Alta,0,Noche,Baja,Noche,Bajo Riesgo
96877,2024,9,1,8,48,48089,3,2,No inventariada,0.0,4,5,14,7.0,0,0,1,1,0,0,1,1,1,0,0,0,0,0,0,0,0,0,0,0,0,0,0,0,0,0,0,0,0,0,0,0,2.0,1,1,1,0.0,3,998,,0,Mañana,Baja,Mañana,Bajo Riesgo
96878,2024,9,1,12,48,0,1,1,BI-633,32.0,1,3,14,2.0,0,1,1,2,0,1,1,2,2,0,0,0,0,0,0,0,0,0,0,0,0,0,0,0,0,0,0,0,0,0,0,0,2.0,1,1,1,0.0,998,2,Baja,0,Mañana,Baja,Tarde,Bajo Riesgo
96879,2024,7,3,20,48,0,3,2,No inventariada,0.0,4,4,9,7.0,0,0,1,1,0,0,1,1,1,0,0,0,0,0,0,0,0,0,0,0,0,0,0,0,0,0,0,0,0,0,0,0,2.0,1,1,2,0.0,4,998,,0,Noche,Baja,Noche,Bajo Riesgo
96880,2024,8,1,3,48,0,1,1,BI-725,18.0,2,3,14,18.0,0,0,1,1,0,0,1,1,1,0,0,0,0,0,0,0,0,0,0,0,0,0,0,0,0,0,0,0,0,0,0,0,2.0,1,4,1,0.0,998,2,Baja,0,Madrugada,Baja,Madrugada,Bajo Riesgo
96881,2024,9,4,15,48,0,1,1,BI-3632,31.0,2,3,14,20.0,0,0,1,1,0,0,1,1,3,0,0,0,0,0,0,0,0,0,0,0,0,0,0,0,0,0,0,0,0,0,0,0,2.0,3,1,4,0.0,998,2,Baja,0,Tarde,Baja,Tarde,Bajo Riesgo
96882,2024,9,4,20,48,48011,1,1,BI-625,383.0,1,3,14,20.0,0,0,1,1,0,0,1,1,2,0,0,0,0,0,0,0,0,0,0,0,0,0,0,0,0,0,0,0,0,0,0,0,2.0,3,3,2,0.0,998,1,Muy Alta,0,Noche,Baja,Noche,Bajo Riesgo
96883,2024,8,6,13,48,48020,3,2,No inventariada,0.0,4,4,9,3.0,0,0,1,1,0,0,1,1,2,0,0,0,0,0,0,0,0,0,0,0,0,0,0,0,0,0,0,0,0,0,0,0,2.0,1,1,1,0.0,998,998,,0,Tarde,Baja,Tarde,Bajo Riesgo
96884,2024,6,7,19,48,48020,3,2,No inventariada,0.0,3,4,9,5.0,0,0,3,3,0,0,3,3,5,0,0,0,0,0,0,0,0,0,0,0,0,0,0,0,0,0,0,0,0,0,0,0,2.0,1,1,1,0.0,998,998,,0,Noche,Media,Noche,Bajo Riesgo
96885,2024,8,3,21,48,0,1,1,BI-2522,25.0,1,3,14,2.0,0,0,3,3,0,0,3,3,2,0,0,0,0,0,0,0,0,0,0,0,0,0,0,0,0,0,0,0,0,0,0,0,1.0,1,5,2,0.0,998,1,Baja,0,Noche,Media,Noche,Bajo Riesgo
96886,2024,8,3,14,48,48001,1,1,BI-623,29.0,2,3,6,15.0,0,0,4,4,0,0,4,4,3,0,0,0,0,0,0,0,0,0,0,0,0,0,0,0,0,0,0,0,0,0,0,0,2.0,3,1,2,0.0,998,2,Baja,0,Tarde,Media,Tarde,Bajo Riesgo
96887,2024,8,5,13,48,0,1,1,N-240,43.0,2,5,6,3.0,0,0,3,3,0,0,3,3,4,0,0,0,0,0,0,0,0,0,0,0,0,0,0,0,0,0,0,0,0,0,0,0,2.0,1,1,1,0.0,998,2,Baja,0,Tarde,Media,Tarde,Bajo Riesgo
96888,2024,8,2,8,48,48082,1,1,N-644,132.0,2,5,5,3.0,0,0,1,1,0,0,1,1,3,0,0,0,0,0,0,0,0,0,0,0,0,0,0,0,0,0,0,0,0,0,0,0,2.0,1,1,1,0.0,998,1,Alta,0,Mañana,Baja,Mañana,Bajo Riesgo
96889,2024,9,7,10,48,0,3,2,No inventariada,0.0,4,5,14,10.0,0,1,0,1,0,1,0,1,1,0,0,0,0,0,0,0,0,0,0,0,0,0,0,0,0,0,0,0,0,0,0,0,2.0,3,1,1,0.0,998,998,,0,Mañana,Baja,Mañana,Bajo Riesgo
96890,2024,9,4,18,48,48020,1,1,A-8,116.0,2,3,1,16.0,0,0,1,1,0,0,1,1,1,0,0,0,0,0,0,0,0,0,0,0,0,0,0,0,0,0,0,0,0,0,0,0,2.0,3,1,3,0.0,998,3,Alta,0,Tarde,Baja,Noche,Bajo Riesgo
96891,2024,9,5,14,48,48069,1,1,BI-631,17.0,1,3,3,4.0,0,0,1,1,0,0,1,1,3,0,0,0,0,0,0,0,0,0,0,0,0,0,0,0,0,0,0,0,0,0,0,0,2.0,1,1,1,0.0,998,3,Baja,0,Tarde,Baja,Tarde,Bajo Riesgo
96892,2024,9,4,6,48,48013,1,1,AP-8,120.0,1,2,1,4.0,0,0,1,1,0,0,1,1,2,0,0,0,0,0,0,0,0,0,0,0,0,0,0,0,0,0,0,0,0,0,0,0,2.0,1,4,1,0.0,998,1,Alta,0,Madrugada,Baja,Mañana,Bajo Riesgo
96893,2024,9,4,7,48,48901,3,2,No inventariada,0.0,4,5,14,20.0,0,0,1,1,0,0,1,1,1,0,0,0,0,0,0,0,0,0,0,0,0,0,0,0,0,0,0,0,0,0,0,0,2.0,1,1,1,0.0,998,998,,0,Mañana,Baja,Mañana,Bajo Riesgo
96894,2024,8,5,12,48,48044,1,1,BI-637,14.0,2,3,8,4.0,0,0,1,1,0,0,1,1,2,0,0,0,0,0,0,0,0,0,0,0,0,0,0,0,0,0,0,0,0,0,0,0,1.0,1,1,1,0.0,998,2,Baja,0,Mañana,Baja,Tarde,Bajo Riesgo
96895,2024,8,7,11,48,0,1,1,BI-2121,34.0,2,3,5,10.0,0,0,2,2,0,0,2,2,2,0,0,0,0,0,0,0,0,0,0,0,0,0,0,0,0,0,0,0,0,0,0,0,1.0,3,1,2,0.0,998,1,Baja,0,Mañana,Baja,Mañana,Bajo Riesgo