ID_ACCIDENTE,ANYO,MES,DIA_SEMANA,HORA,COD_PROVINCIA,COD_MUNICIPIO,ZONA,ZONA_AGRUPADA,CARRETERA,KM,SENTIDO_1F,TITULARIDAD_VIA,TIPO_VIA,TIPO_ACCIDENTE,TOTAL_MU24H,TOTAL_HG24H,TOTAL_HL24H,TOTAL_VICTIMAS_24H,TOTAL_MU30DF,TOTAL_HG30DF,TOTAL_HL30DF,TOTAL_VICTIMAS_30DF,TOTAL_VEHICULOS,TOT_PEAT_MU24H,TOT_BICI_MU24H,TOT_CICLO_MU24H,TOT_MOTO_MU24H,TOT_TUR_MU24H,TOT_FURG_MU24H,TOT_CAM_MENOS3500_MU24H,TOT_CAM_MAS3500_MU24H,TOT_BUS_MU24H,TOT_OTRO_MU24H,TOT_SINESPECIF_MU24H,TOT_PEAT_MU30DF,TOT_BICI_MU30DF,TOT_CICLO_MU30DF,TOT_MOTO_MU30DF,TOT_TUR_MU30DF,TOT_FURG_MU30DF,TOT_CAM_MENOS3500_MU30DF,TOT_CAM_MAS3500_MU30DF,TOT_BUS_MU30DF,TOT_VMP_MU30DF,TOT_OTRO_MU30DF,TOT_SINESPECIF_MU30DF,NUDO,CONDICION_FIRME,CONDICION_ILUMINACION,CONDICION_METEO,CONDICION_NIEBLA,ACERA,TRAZADO_PLANTA,ZONA_KM,HAY_NIEBLA,TRAMO_HORA,gravedad_accidente,tramo_horario,zona_riesgo
96985,2024,8,6,12,48,48902,1,1,BI-738,9.0,1,3,14,19.0,0,0,3,3,0,0,3,3,1,0,0,0,0,0,0,0,0,0,0,0,0,0,0,0,0,0,0,0,0,0,0,0,1.0,1,1,1,0.0,998,1,Baja,0,Mañana,Media,Tarde,Bajo Riesgo
96986,2024,9,6,10,48,48069,1,1,BI-631,15.0,2,3,3,16.0,0,0,1,1,0,0,1,1,1,0,0,0,0,0,0,0,0,0,0,0,0,0,0,0,0,0,0,0,0,0,0,0,2.0,4,1,4,0.0,998,1,Baja,0,Mañana,Baja,Mañana,Bajo Riesgo
96987,2024,10,1,9,48,48902,1,1,No inventariada,2.0,1,3,6,4.0,0,0,1,1,0,0,1,1,2,0,0,0,0,0,0,0,0,0,0,0,0,0,0,0,0,0,0,0,0,0,0,0,1.0,3,1,3,0.0,998,1,Baja,0,Mañana,Baja,Mañana,Bajo Riesgo
96988,2024,10,1,16,48,48085,3,2,No inventariada,0.0,4,5,14,2.0,0,0,1,1,0,0,1,1,2,0,0,0,0,0,0,0,0,0,0,0,0,0,0,0,0,0,0,0,0,0,0,0,1.0,1,1,1,0.0,998,998,,0,Tarde,Baja,Tarde,Bajo Riesgo
96989,2024,9,7,11,48,48020,3,2,No inventariada,0.0,2,4,9,10.0,0,0,1,1,0,0,1,1,1,0,0,0,0,0,0,0,0,0,0,0,0,0,0,0,0,0,0,0,0,0,0,0,2.0,3,1,3,0.0,998,998,,0,Mañana,Baja,Mañana,Bajo Riesgo
96990,2024,9,7,16,48,48020,3,2,BI-631,0.0,2,4,14,9.0,0,0,1,1,0,0,1,1,1,0,0,0,0,0,0,0,0,0,0,0,0,0,0,0,0,0,0,0,0,0,0,0,2.0,3,1,3,0.0,998,998,,0,Tarde,Baja,Tarde,Bajo Riesgo
96991,2024,9,1,8,48,48013,1,1,N-637,9.0,1,5,8,4.0,0,0,1,1,0,0,1,1,2,0,0,0,0,0,0,0,0,0,0,0,0,0,0,0,0,0,0,0,0,0,0,0,2.0,3,1,1,0.0,998,1,Baja,0,Mañana,Baja,Mañana,Bajo Riesgo
96992,2024,10,2,17,48,48902,1,1,BI-707,18.0,1,3,6,2.0,0,0,1,1,0,0,1,1,2,0,0,0,0,0,0,0,0,0,0,0,0,0,0,0,0,0,0,0,0,0,0,0,1.0,1,1,2,0.0,998,1,Baja,0,Tarde,Baja,Tarde,Bajo Riesgo
96993,2024,8,5,13,48,0,1,1,BI-2235,48.0,2,3,6,4.0,0,0,1,1,0,0,1,1,2,0,0,0,0,0,0,0,0,0,0,0,0,0,0,0,0,0,0,0,0,0,0,0,1.0,1,1,1,0.0,998,3,Baja,0,Tarde,Baja,Tarde,Bajo Riesgo
96994,2024,9,1,16,48,48060,1,1,BI-633,44.0,1,3,5,2.0,0,0,1,1,0,0,1,1,2,0,0,0,0,0,0,0,0,0,0,0,0,0,0,0,0,0,0,0,0,0,0,0,2.0,1,1,1,0.0,998,1,Baja,0,Tarde,Baja,Tarde,Bajo Riesgo
96995,2024,9,1,21,48,48036,1,1,N-634,103.0,2,5,5,16.0,0,3,1,4,0,3,1,4,1,0,0,0,0,0,0,0,0,0,0,0,0,0,0,0,0,0,0,0,0,0,0,0,1.0,1,4,1,0.0,998,1,Alta,0,Noche,Baja,Noche,Bajo Riesgo
96996,2024,10,4,14,48,48054,1,1,BI-637,11.0,2,3,5,4.0,0,0,3,3,0,0,3,3,2,0,0,0,0,0,0,0,0,0,0,0,0,0,0,0,0,0,0,0,0,0,0,0,2.0,1,1,2,0.0,998,1,Baja,0,Tarde,Media,Tarde,Bajo Riesgo
96997,2024,10,4,16,48,48078,1,1,BI-728,13.0,3,3,6,15.0,0,0,1,1,0,0,1,1,1,0,0,0,0,0,0,0,0,0,0,0,0,0,0,0,0,0,0,0,0,0,0,0,1.0,1,1,1,0.0,998,2,Baja,0,Tarde,Baja,Tarde,Bajo Riesgo
96998,2024,10,4,18,48,0,1,1,BI-630,39.0,2,3,6,10.0,0,0,1,1,0,0,1,1,1,0,0,0,0,0,0,0,0,0,0,0,0,0,0,0,0,0,0,0,0,0,0,0,2.0,3,1,2,0.0,998,2,Baja,0,Tarde,Baja,Noche,Bajo Riesgo
96999,2024,9,7,15,48,48020,3,2,No inventariada,0.0,2,4,9,2.0,0,0,2,2,0,0,2,2,2,0,0,0,0,0,0,0,0,0,0,0,0,0,0,0,0,0,0,0,0,0,0,0,2.0,3,1,3,0.0,998,998,,0,Tarde,Baja,Tarde,Bajo Riesgo
97000,2024,10,2,17,48,48020,3,2,No inventariada,0.0,4,4,9,2.0,0,0,1,1,0,0,1,1,2,0,0,0,0,0,0,0,0,0,0,0,0,0,0,0,0,0,0,0,0,0,0,0,2.0,9,1,7,0.0,998,998,,0,Tarde,Baja,Tarde,Bajo Riesgo
97001,2024,7,3,11,48,0,1,1,BI-794,24.0,3,3,6,2.0,0,1,2,3,0,1,2,3,2,0,0,0,0,0,0,0,0,0,0,0,0,0,0,0,0,0,0,0,0,0,0,0,1.0,1,1,1,0.0,998,1,Baja,0,Mañana,Baja,Mañana,Bajo Riesgo
97002,2024,10,4,17,48,48080,1,1,AP-8,125.0,1,2,1,6.0,0,2,0,2,0,2,0,2,1,0,0,0,0,0,0,0,0,0,0,0,0,0,0,0,0,0,0,0,0,0,0,0,2.0,1,1,2,0.0,998,1,Alta,0,Tarde,Baja,Tarde,Bajo Riesgo
97003,2024,10,5,14,48,48036,1,1,N-240,55.0,2,5,6,4.0,0,0,1,1,0,0,1,1,2,0,0,0,0,0,0,0,0,0,0,0,0,0,0,0,0,0,0,0,0,0,0,0,1.0,1,1,1,0.0,998,1,Media,0,Tarde,Baja,Tarde,Bajo Riesgo
97004,2024,10,2,18,48,48020,3,2,No inventariada,0.0,4,4,9,4.0,0,0,1,1,0,0,1,1,3,0,0,0,0,0,0,0,0,0,0,0,0,0,0,0,0,0,0,0,0,0,0,0,2.0,1,1,1,0.0,998,998,,0,Tarde,Baja,Noche,Bajo Riesgo
97005,2024,8,4,16,48,0,3,2,No inventariada,0.0,4,5,14,7.0,0,0,1,1,0,0,1,1,1,0,0,0,0,0,0,0,0,0,0,0,0,0,0,0,0,0,0,0,0,0,0,0,2.0,1,1,1,0.0,998,998,,0,Tarde,Baja,Tarde,Bajo Riesgo
97006,2024,9,5,12,48,48902,1,1,BI-735,10.0,1,3,5,4.0,0,0,1,1,0,0,1,1,2,0,0,0,0,0,0,0,0,0,0,0,0,0,0,0,0,0,0,0,0,0,0,0,1.0,1,1,1,0.0,998,1,Baja,0,Mañana,Baja,Tarde,Bajo Riesgo
97007,2024,9,2,20,48,48045,1,1,BI-636,21.0,2,3,14,16.0,0,0,1,1,0,0,1,1,1,0,0,0,0,0,0,0,0,0,0,0,0,0,0,0,0,0,0,0,0,0,0,0,2.0,1,6,2,0.0,998,3,Baja,0,Noche,Baja,Noche,Bajo Riesgo
97008,2024,10,3,22,48,48054,1,1,BI-637,13.0,1,3,3,12.0,0,0,1,1,0,0,1,1,1,0,0,0,0,0,0,0,0,0,0,0,0,0,0,0,0,0,0,0,0,0,0,0,2.0,3,4,1,0.0,998,2,Baja,0,Noche,Baja,Noche,Bajo Riesgo
97009,2024,10,5,23,48,48020,1,1,BI-631,1.0,2,3,5,4.0,0,0,1,1,0,0,1,1,2,0,0,0,0,0,0,0,0,0,0,0,0,0,0,0,0,0,0,0,0,0,0,0,2.0,1,4,1,0.0,998,1,Baja,0,Noche,Baja,Noche,Bajo Riesgo
97010,2024,9,5,20,48,0,1,1,BI-625,377.0,1,3,14,6.0,0,0,2,2,0,0,2,2,1,0,0,0,0,0,0,0,0,0,0,0,0,0,0,0,0,0,0,0,0,0,0,0,2.0,3,4,3,0.0,998,4,Muy Alta,0,Noche,Baja,Noche,Bajo Riesgo
97011,2024,10,1,7,48,48085,1,1,No inventariada,0.0,1,3,6,15.0,0,0,2,2,0,0,2,2,2,0,0,0,0,0,0,0,0,0,0,0,0,0,0,0,0,0,0,0,0,0,0,0,1.0,3,6,4,0.0,998,1,,0,Mañana,Baja,Mañana,Bajo Riesgo
97012,2024,10,5,10,48,0,1,1,BI-2604,18.0,3,3,6,10.0,0,0,1,1,0,0,1,1,1,0,0,0,0,0,0,0,0,0,0,0,0,0,0,0,0,0,0,0,0,0,0,0,2.0,1,1,1,0.0,4,1,Baja,0,Mañana,Baja,Mañana,Bajo Riesgo
97013,2024,8,1,18,48,48020,3,2,No inventariada,0.0,2,4,9,4.0,0,1,0,1,0,1,0,1,2,0,0,0,0,0,0,0,0,0,0,0,0,0,0,0,0,0,0,0,0,0,0,0,2.0,1,1,1,0.0,998,998,,0,Tarde,Baja,Noche,Bajo Riesgo
97014,2024,7,2,22,48,48020,3,2,No inventariada,0.0,1,4,9,7.0,0,0,1,1,0,0,1,1,1,0,0,0,0,0,0,0,0,0,0,0,0,0,0,0,0,0,0,0,0,0,0,0,2.0,3,2,3,0.0,4,998,,0,Noche,Baja,Noche,Bajo Riesgo
97015,2024,8,1,7,48,48003,1,1,N-634,90.0,3,5,6,1.0,0,1,1,2,0,1,1,2,3,0,0,0,0,0,0,0,0,0,0,0,0,0,0,0,0,0,0,0,0,0,0,0,2.0,1,1,1,0.0,998,3,Media,0,Mañana,Baja,Mañana,Bajo Riesgo
97016,2024,9,5,19,48,0,3,2,No inventariada,0.0,4,4,9,1.0,0,0,1,1,0,0,1,1,2,0,0,0,0,0,0,0,0,0,0,0,0,0,0,0,0,0,0,0,0,0,0,0,2.0,1,1,1,0.0,998,998,,0,Noche,Baja,Noche,Bajo Riesgo
97017,2024,9,3,1,48,48082,3,2,No inventariada,0.0,4,4,9,10.0,0,0,1,1,0,0,1,1,3,0,0,0,0,0,0,0,0,0,0,0,0,0,0,0,0,0,0,0,0,0,0,0,2.0,1,4,1,0.0,998,998,,0,Madrugada,Baja,Madrugada,Bajo Riesgo
97018,2024,10,1,17,48,48017,1,1,BI-631,32.0,1,3,14,2.0,0,0,1,1,0,0,1,1,2,0,0,0,0,0,0,0,0,0,0,0,0,0,0,0,0,0,0,0,0,0,0,0,2.0,3,1,3,0.0,998,2,Baja,0,Tarde,Baja,Tarde,Bajo Riesgo
97019,2024,6,4,6,48,48044,3,2,No inventariada,0.0,4,4,12,7.0,0,1,0,1,0,1,0,1,1,0,0,0,0,0,0,0,0,0,0,0,0,0,0,0,0,0,0,0,0,0,0,0,2.0,9,1,7,0.0,0,998,,0,Madrugada,Baja,Mañana,Bajo Riesgo
97020,2024,10,4,7,48,48020,3,2,No inventariada,0.0,4,4,14,2.0,0,0,1,1,0,0,1,1,2,0,0,0,0,0,0,0,0,0,0,0,0,0,0,0,0,0,0,0,0,0,0,0,2.0,9,1,7,0.0,998,998,,0,Mañana,Baja,Mañana,Bajo Riesgo
97021,2024,9,5,6,48,48902,1,1,No inventariada,7.0,2,3,6,7.0,0,1,1,2,0,1,1,2,1,0,0,0,0,0,0,0,0,0,0,0,0,0,0,0,0,0,0,0,0,0,0,0,2.0,3,4,3,0.0,4,2,Baja,0,Madrugada,Baja,Mañana,Bajo Riesgo
97022,2024,9,5,16,48,0,1,1,No inventariada,41.0,2,3,5,7.0,0,1,1,2,0,1,1,2,1,0,0,0,0,0,0,0,0,0,0,0,0,0,0,0,0,0,0,0,0,0,0,0,2.0,1,1,1,0.0,1,1,Baja,0,Tarde,Baja,Tarde,Bajo Riesgo
97023,2024,9,6,15,48,0,1,1,BI-707,19.0,2,3,6,10.0,0,0,1,1,0,0,1,1,1,0,0,0,0,0,0,0,0,0,0,0,0,0,0,0,0,0,0,0,0,0,0,0,2.0,3,1,2,0.0,998,1,Baja,0,Tarde,Baja,Tarde,Bajo Riesgo
97024,2024,10,4,11,48,48045,1,1,BI-3651,19.0,1,3,14,19.0,0,0,1,1,0,0,1,1,1,0,0,0,0,0,0,0,0,0,0,0,0,0,0,0,0,0,0,0,0,0,0,0,2.0,1,1,1,0.0,998,1,Baja,0,Mañana,Baja,Mañana,Bajo Riesgo
97025,2024,10,1,12,48,48003,1,1,N-634,88.0,2,5,14,3.0,0,0,1,1,0,0,1,1,2,0,0,0,0,0,0,0,0,0,0,0,0,0,0,0,0,0,0,0,0,0,0,0,2.0,1,1,1,0.0,998,3,Media,0,Mañana,Baja,Tarde,Bajo Riesgo
97026,2024,9,5,9,48,48020,3,2,No inventariada,0.0,2,4,9,7.0,0,0,1,1,0,0,1,1,1,0,0,0,0,0,0,0,0,0,0,0,0,0,0,0,0,0,0,0,0,0,0,0,2.0,1,1,1,0.0,4,998,,0,Mañana,Baja,Mañana,Bajo Riesgo
97027,2024,10,3,12,48,48044,3,2,No inventariada,0.0,4,4,9,7.0,0,1,0,1,0,1,0,1,1,0,0,0,0,0,0,0,0,0,0,0,0,0,0,0,0,0,0,0,0,0,0,0,2.0,9,1,7,0.0,0,998,,0,Mañana,Baja,Tarde,Bajo Riesgo
97028,2024,10,1,11,48,48020,3,2,No inventariada,0.0,2,4,12,10.0,0,0,1,1,0,0,1,1,1,0,0,0,0,0,0,0,0,0,0,0,0,0,0,0,0,0,0,0,0,0,0,0,2.0,2,1,7,0.0,998,998,,0,Mañana,Baja,Mañana,Bajo Riesgo
97029,2024,10,2,13,48,48902,1,1,BI-711,10.0,1,3,6,10.0,0,0,1,1,0,0,1,1,1,0,0,0,0,0,0,0,0,0,0,0,0,0,0,0,0,0,0,0,0,0,0,0,2.0,1,1,1,0.0,998,1,Baja,0,Tarde,Baja,Tarde,Bajo Riesgo
97030,2024,9,7,19,48,48020,3,2,No inventariada,0.0,2,4,9,4.0,0,0,1,1,0,0,1,1,2,0,0,0,0,0,0,0,0,0,0,0,0,0,0,0,0,0,0,0,0,0,0,0,2.0,1,2,1,0.0,998,998,,0,Noche,Baja,Noche,Bajo Riesgo
97031,2024,9,7,0,48,48020,3,2,No inventariada,0.0,4,4,9,16.0,0,0,2,2,0,0,2,2,2,0,0,0,0,0,0,0,0,0,0,0,0,0,0,0,0,0,0,0,0,0,0,0,2.0,4,4,4,0.0,998,998,,0,,Baja,Madrugada,Bajo Riesgo
97032,2024,10,1,13,48,48020,3,2,No inventariada,0.0,2,4,9,7.0,0,0,1,1,0,0,1,1,1,0,0,0,0,0,0,0,0,0,0,0,0,0,0,0,0,0,0,0,0,0,0,0,2.0,1,1,1,0.0,4,998,,0,Tarde,Baja,Tarde,Bajo Riesgo
97033,2024,9,6,17,48,48003,1,1,AP-8,101.0,1,2,3,12.0,0,0,1,1,0,0,1,1,1,0,0,0,0,0,0,0,0,0,0,0,0,0,0,0,0,0,0,0,0,0,0,0,2.0,3,1,2,0.0,998,3,Alta,0,Tarde,Baja,Tarde,Bajo Riesgo
97034,2024,10,7,22,48,48003,1,1,BI-3334,93.0,1,3,14,4.0,0,0,1,1,0,0,1,1,2,0,0,0,0,0,0,0,0,0,0,0,0,0,0,0,0,0,0,0,0,0,0,0,1.0,3,4,1,0.0,998,1,Media,0,Noche,Baja,Noche,Bajo Riesgo
97035,2024,10,3,10,48,48071,1,1,A-8,136.0,1,3,2,20.0,0,1,0,1,0,1,0,1,2,0,0,0,0,0,0,0,0,0,0,0,0,0,0,0,0,0,0,0,0,0,0,0,2.0,3,1,3,0.0,998,2,Alta,0,Mañana,Baja,Mañana,Bajo Riesgo
97036,2024,10,3,17,48,48085,3,2,No inventariada,0.0,4,4,9,7.0,0,0,1,1,0,0,1,1,1,0,0,0,0,0,0,0,0,0,0,0,0,0,0,0,0,0,0,0,0,0,0,0,2.0,3,3,3,0.0,4,998,,0,Tarde,Baja,Tarde,Bajo Riesgo
97037,2024,10,4,8,48,48001,1,1,AP-8,85.0,1,2,1,2.0,0,0,1,1,0,0,1,1,2,0,0,0,0,0,0,0,0,0,0,0,0,0,0,0,0,0,0,0,0,0,0,0,2.0,3,1,4,0.0,998,3,Media,0,Mañana,Baja,Mañana,Bajo Riesgo
97038,2024,10,4,13,48,0,1,1,AP-68,20.0,2,2,2,16.0,0,0,1,1,0,0,1,1,1,0,0,0,0,0,0,0,0,0,0,0,0,0,0,0,0,0,0,0,0,0,0,0,2.0,3,1,2,0.0,998,1,Baja,0,Tarde,Baja,Tarde,Bajo Riesgo
97039,2024,10,4,8,48,48020,3,2,No inventariada,0.0,1,4,9,7.0,0,0,1,1,0,0,1,1,1,0,0,0,0,0,0,0,0,0,0,0,0,0,0,0,0,0,0,0,0,0,0,0,2.0,3,4,4,0.0,0,998,,0,Mañana,Baja,Mañana,Bajo Riesgo
97040,2024,10,6,14,48,0,1,1,N-240,32.0,1,5,14,19.0,0,1,0,1,1,0,0,1,1,0,0,0,0,0,0,0,0,0,0,0,0,0,0,1,0,0,0,0,0,0,0,0,2.0,1,1,1,0.0,998,4,Baja,0,Tarde,Baja,Tarde,Bajo Riesgo
97041,2024,10,7,11,48,0,1,1,BI-3215,47.0,2,3,6,4.0,0,0,1,1,0,0,1,1,2,0,0,0,0,0,0,0,0,0,0,0,0,0,0,0,0,0,0,0,0,0,0,0,2.0,1,1,2,0.0,998,1,Baja,0,Mañana,Baja,Mañana,Bajo Riesgo
97042,2024,10,7,21,48,48080,1,1,A-8,125.0,2,3,2,4.0,0,0,1,1,0,0,1,1,2,0,0,0,0,0,0,0,0,0,0,0,0,0,0,0,0,0,0,0,0,0,0,0,2.0,1,4,1,0.0,998,1,Alta,0,Noche,Baja,Noche,Bajo Riesgo
97043,2024,10,4,13,48,48015,1,1,A-8,109.0,2,3,3,19.0,0,0,1,1,0,0,1,1,1,0,0,0,0,0,0,0,0,0,0,0,0,0,0,0,0,0,0,0,0,0,0,0,2.0,3,1,3,0.0,998,3,Alta,0,Tarde,Baja,Tarde,Bajo Riesgo
97044,2024,10,5,14,48,48902,1,1,N-637,13.0,1,5,3,4.0,0,0,3,3,0,0,3,3,3,0,0,0,0,0,0,0,0,0,0,0,0,0,0,0,0,0,0,0,0,0,0,0,2.0,1,1,1,0.0,998,1,Baja,0,Tarde,Media,Tarde,Bajo Riesgo
97045,2024,8,6,22,48,48020,3,2,No inventariada,0.0,1,4,9,19.0,0,0,1,1,0,0,1,1,1,0,0,0,0,0,0,0,0,0,0,0,0,0,0,0,0,0,0,0,0,0,0,0,2.0,3,4,3,0.0,998,998,,0,Noche,Baja,Noche,Bajo Riesgo
97046,2024,10,7,2,48,48036,1,1,BI-2713,10.0,1,3,6,15.0,0,1,1,2,0,1,1,2,1,0,0,0,0,0,0,0,0,0,0,0,0,0,0,0,0,0,0,0,0,0,0,0,1.0,3,4,3,0.0,998,2,Baja,0,Madrugada,Baja,Madrugada,Bajo Riesgo
97047,2024,10,7,18,48,48013,1,1,A-8,123.0,1,3,3,15.0,0,0,2,2,0,0,2,2,2,0,0,0,0,0,0,0,0,0,0,0,0,0,0,0,0,0,0,0,0,0,0,0,2.0,3,1,3,0.0,998,3,Alta,0,Tarde,Baja,Noche,Bajo Riesgo
97048,2024,10,1,12,48,48071,2,2,No inventariada,132.0,3,3,6,1.0,0,0,1,1,0,0,1,1,2,0,0,0,0,0,0,0,0,0,0,0,0,0,0,0,0,0,0,0,0,0,0,0,1.0,1,1,1,0.0,998,1,Alta,0,Mañana,Baja,Tarde,Bajo Riesgo
97049,2024,10,4,6,48,48069,1,1,BI-631,16.0,2,3,3,12.0,0,0,2,2,0,0,2,2,1,0,0,0,0,0,0,0,0,0,0,0,0,0,0,0,0,0,0,0,0,0,0,0,2.0,4,5,4,0.0,998,1,Baja,0,Madrugada,Baja,Mañana,Bajo Riesgo
97050,2024,10,5,11,48,48901,1,1,N-633,11.0,2,5,14,12.0,0,0,1,1,0,0,1,1,1,0,0,0,0,0,0,0,0,0,0,0,0,0,0,0,0,0,0,0,0,0,0,0,2.0,3,1,1,0.0,998,4,Baja,0,Mañana,Baja,Mañana,Bajo Riesgo
97051,2024,10,5,23,48,0,1,1,BI-635,30.0,1,3,5,2.0,0,0,1,1,0,0,1,1,2,0,0,0,0,0,0,0,0,0,0,0,0,0,0,0,0,0,0,0,0,0,0,0,2.0,3,4,2,0.0,998,1,Baja,0,Noche,Baja,Noche,Bajo Riesgo
97052,2024,10,6,20,48,48902,3,2,No inventariada,0.0,4,4,9,19.0,0,0,1,1,0,0,1,1,1,0,0,0,0,0,0,0,0,0,0,0,0,0,0,0,0,0,0,0,0,0,0,0,2.0,1,5,2,0.0,998,998,,0,Noche,Baja,Noche,Bajo Riesgo
97053,2024,10,2,12,48,48036,1,1,N-634,99.0,1,5,14,4.0,0,0,3,3,0,0,3,3,2,0,0,0,0,0,0,0,0,0,0,0,0,0,0,0,0,0,0,0,0,0,0,0,2.0,1,1,1,0.0,998,1,Media,0,Mañana,Media,Tarde,Bajo Riesgo
97054,2024,10,3,13,48,0,3,2,No inventariada,0.0,4,5,14,10.0,0,0,1,1,0,0,1,1,1,0,0,0,0,0,0,0,0,0,0,0,0,0,0,0,0,0,0,0,0,0,0,0,2.0,1,1,1,0.0,998,998,,0,Tarde,Baja,Tarde,Bajo Riesgo
97055,2024,10,4,13,48,48036,1,1,AP-8,103.0,1,2,1,12.0,0,0,1,1,0,0,1,1,1,0,0,0,0,0,0,0,0,0,0,0,0,0,0,0,0,0,0,0,0,0,0,0,2.0,3,1,4,0.0,998,1,Alta,0,Tarde,Baja,Tarde,Bajo Riesgo
97056,2024,10,5,6,48,0,1,1,AP-8,75.0,1,2,1,12.0,0,0,2,2,0,0,2,2,1,0,0,0,0,0,0,0,0,0,0,0,0,0,0,0,0,0,0,0,0,0,0,0,2.0,3,2,3,0.0,998,2,Media,0,Madrugada,Baja,Mañana,Bajo Riesgo
97057,2024,10,6,0,48,48020,1,1,No inventariada,0.0,3,3,8,16.0,0,0,1,1,0,0,1,1,1,0,0,0,0,0,0,0,0,0,0,0,0,0,0,0,0,0,0,0,0,0,0,0,2.0,8,4,2,0.0,998,3,,0,,Baja,Madrugada,Bajo Riesgo
97058,2024,10,6,5,48,48902,1,1,No inventariada,5.0,1,3,5,10.0,0,0,1,1,0,0,1,1,1,0,0,0,0,0,0,0,0,0,0,0,0,0,0,0,0,0,0,0,0,0,0,0,2.0,1,4,2,0.0,998,3,Baja,0,Madrugada,Baja,Madrugada,Bajo Riesgo
97059,2024,10,2,12,48,48020,3,2,No inventariada,0.0,4,4,9,16.0,0,0,1,1,0,0,1,1,2,0,0,0,0,0,0,0,0,0,0,0,0,0,0,0,0,0,0,0,0,0,0,0,2.0,1,1,1,0.0,998,998,,0,Mañana,Baja,Tarde,Bajo Riesgo
97060,2024,9,5,15,48,48020,3,2,No inventariada,0.0,4,4,9,10.0,0,0,1,1,0,0,1,1,1,0,0,0,0,0,0,0,0,0,0,0,0,0,0,0,0,0,0,0,0,0,0,0,2.0,9,1,7,0.0,998,998,,0,Tarde,Baja,Tarde,Bajo Riesgo
97061,2024,10,7,12,48,48902,3,2,No inventariada,0.0,4,4,9,20.0,0,0,1,1,0,0,1,1,2,0,0,0,0,0,0,0,0,0,0,0,0,0,0,0,0,0,0,0,0,0,0,0,2.0,1,1,1,0.0,998,998,,0,Mañana,Baja,Tarde,Bajo Riesgo
97062,2024,10,4,15,48,48020,1,1,N-634,106.0,1,5,14,12.0,0,0,1,1,0,0,1,1,2,0,0,0,0,0,0,0,0,0,0,0,0,0,0,0,0,0,0,0,0,0,0,0,2.0,3,1,2,0.0,998,3,Alta,0,Tarde,Baja,Tarde,Bajo Riesgo
97063,2024,10,1,11,48,48020,3,2,No inventariada,0.0,2,4,9,6.0,0,0,1,1,0,0,1,1,1,0,0,0,0,0,0,0,0,0,0,0,0,0,0,0,0,0,0,0,0,0,0,0,2.0,1,1,1,0.0,998,998,,0,Mañana,Baja,Mañana,Bajo Riesgo
97064,2024,9,3,8,48,48020,3,2,No inventariada,0.0,4,4,9,10.0,0,0,1,1,0,0,1,1,1,0,0,0,0,0,0,0,0,0,0,0,0,0,0,0,0,0,0,0,0,0,0,0,2.0,1,1,1,0.0,998,998,,0,Mañana,Baja,Mañana,Bajo Riesgo
97065,2024,10,1,13,48,48020,3,2,No inventariada,0.0,3,4,9,4.0,0,0,1,1,0,0,1,1,1,0,0,0,0,0,0,0,0,0,0,0,0,0,0,0,0,0,0,0,0,0,0,0,2.0,1,1,1,0.0,998,998,,0,Tarde,Baja,Tarde,Bajo Riesgo
97066,2024,10,2,18,48,48020,3,2,No inventariada,0.0,4,4,9,2.0,0,0,1,1,0,0,1,1,2,0,0,0,0,0,0,0,0,0,0,0,0,0,0,0,0,0,0,0,0,0,0,0,2.0,1,1,1,0.0,998,998,,0,Tarde,Baja,Noche,Bajo Riesgo
97067,2024,10,7,10,48,48002,3,2,No inventariada,0.0,4,5,14,1.0,0,0,1,1,0,0,1,1,2,0,0,0,0,0,0,0,0,0,0,0,0,0,0,0,0,0,0,0,0,0,0,0,2.0,1,1,1,0.0,998,998,,0,Mañana,Baja,Mañana,Bajo Riesgo
97068,2024,10,1,13,48,48020,1,1,A-8,120.0,1,3,2,4.0,0,0,1,1,0,0,1,1,2,0,0,0,0,0,0,0,0,0,0,0,0,0,0,0,0,0,0,0,0,0,0,0,2.0,1,1,1,0.0,998,1,Alta,0,Tarde,Baja,Tarde,Bajo Riesgo
97069,2024,10,2,8,48,48020,1,1,BI-631,1.0,1,3,8,4.0,0,0,1,1,0,0,1,1,2,0,0,0,0,0,0,0,0,0,0,0,0,0,0,0,0,0,0,0,0,0,0,0,2.0,3,3,3,0.0,998,1,Baja,0,Mañana,Baja,Mañana,Bajo Riesgo
97070,2024,10,1,21,48,48020,3,2,No inventariada,0.0,2,4,9,7.0,0,1,0,1,0,1,0,1,1,0,0,0,0,0,0,0,0,0,0,0,0,0,0,0,0,0,0,0,0,0,0,0,2.0,1,4,1,0.0,4,998,,0,Noche,Baja,Noche,Bajo Riesgo
97071,2024,10,1,21,48,48020,3,2,No inventariada,0.0,3,4,9,7.0,0,0,1,1,0,0,1,1,1,0,0,0,0,0,0,0,0,0,0,0,0,0,0,0,0,0,0,0,0,0,0,0,2.0,1,4,1,0.0,4,998,,0,Noche,Baja,Noche,Bajo Riesgo
97072,2024,10,1,15,48,0,1,1,N-240,50.0,1,5,5,7.0,0,0,1,1,0,0,1,1,1,0,0,0,0,0,0,0,0,0,0,0,0,0,0,0,0,0,0,0,0,0,0,0,2.0,1,1,2,0.0,4,1,Baja,0,Tarde,Baja,Tarde,Bajo Riesgo
97073,2024,10,2,9,48,48054,1,1,BI-637,12.0,2,3,5,4.0,0,0,3,3,0,0,3,3,3,0,0,0,0,0,0,0,0,0,0,0,0,0,0,0,0,0,0,0,0,0,0,0,2.0,1,4,3,0.0,998,1,Baja,0,Mañana,Media,Mañana,Bajo Riesgo
97074,2024,9,4,10,48,48020,3,2,No inventariada,0.0,4,4,9,16.0,0,0,4,4,0,0,4,4,2,0,0,0,0,0,0,0,0,0,0,0,0,0,0,0,0,0,0,0,0,0,0,0,1.0,1,1,1,0.0,998,998,,0,Mañana,Media,Mañana,Bajo Riesgo