ID_ACCIDENTE,ANYO,MES,DIA_SEMANA,HORA,COD_PROVINCIA,COD_MUNICIPIO,ZONA,ZONA_AGRUPADA,CARRETERA,KM,SENTIDO_1F,TITULARIDAD_VIA,TIPO_VIA,TIPO_ACCIDENTE,TOTAL_MU24H,TOTAL_HG24H,TOTAL_HL24H,TOTAL_VICTIMAS_24H,TOTAL_MU30DF,TOTAL_HG30DF,TOTAL_HL30DF,TOTAL_VICTIMAS_30DF,TOTAL_VEHICULOS,TOT_PEAT_MU24H,TOT_BICI_MU24H,TOT_CICLO_MU24H,TOT_MOTO_MU24H,TOT_TUR_MU24H,TOT_FURG_MU24H,TOT_CAM_MENOS3500_MU24H,TOT_CAM_MAS3500_MU24H,TOT_BUS_MU24H,TOT_OTRO_MU24H,TOT_SINESPECIF_MU24H,TOT_PEAT_MU30DF,TOT_BICI_MU30DF,TOT_CICLO_MU30DF,TOT_MOTO_MU30DF,TOT_TUR_MU30DF,TOT_FURG_MU30DF,TOT_CAM_MENOS3500_MU30DF,TOT_CAM_MAS3500_MU30DF,TOT_BUS_MU30DF,TOT_VMP_MU30DF,TOT_OTRO_MU30DF,TOT_SINESPECIF_MU30DF,NUDO,CONDICION_FIRME,CONDICION_ILUMINACION,CONDICION_METEO,CONDICION_NIEBLA,ACERA,TRAZADO_PLANTA,ZONA_KM,HAY_NIEBLA,TRAMO_HORA,gravedad_accidente,tramo_horario,zona_riesgo
98839,2024,7,7,19,50,50297,3,2,No inventariada,13.6,4,4,9,1.0,0,0,1,1,0,0,1,1,2,0,0,0,0,0,0,0,0,0,0,0,0,0,0,0,0,0,0,0,0,0,0,0,2.0,1,1,1,0.0,998,998,Baja,0,Noche,Baja,Noche,Bajo Riesgo
98840,2024,7,7,20,50,50297,3,2,No inventariada,13.6,4,4,9,7.0,0,0,1,1,0,0,1,1,1,0,0,0,0,0,0,0,0,0,0,0,0,0,0,0,0,0,0,0,0,0,0,0,1.0,1,2,1,0.0,4,998,Baja,0,Noche,Baja,Noche,Bajo Riesgo
98841,2024,7,6,22,50,50297,3,2,No inventariada,13.6,4,4,9,16.0,0,0,1,1,0,0,1,1,3,0,0,0,0,0,0,0,0,0,0,0,0,0,0,0,0,0,0,0,0,0,0,0,2.0,1,4,1,0.0,998,998,Baja,0,Noche,Baja,Noche,Bajo Riesgo
98842,2024,7,7,5,50,50297,3,2,No inventariada,13.6,4,4,9,8.0,0,0,1,1,0,0,1,1,1,0,0,0,0,0,0,0,0,0,0,0,0,0,0,0,0,0,0,0,0,0,0,0,1.0,1,4,1,0.0,998,998,Baja,0,Madrugada,Baja,Madrugada,Bajo Riesgo
98843,2024,7,1,9,50,50297,3,2,No inventariada,13.6,4,4,9,7.0,0,0,1,1,0,0,1,1,1,0,0,0,0,0,0,0,0,0,0,0,0,0,0,0,0,0,0,0,0,0,0,0,1.0,1,1,1,0.0,4,998,Baja,0,Mañana,Baja,Mañana,Bajo Riesgo
98844,2024,7,1,10,50,50297,3,2,No inventariada,13.6,4,4,9,2.0,0,0,1,1,0,0,1,1,2,0,0,0,0,0,0,0,0,0,0,0,0,0,0,0,0,0,0,0,0,0,0,0,1.0,1,1,1,0.0,998,998,Baja,0,Mañana,Baja,Mañana,Bajo Riesgo
98845,2024,7,1,15,50,50297,3,2,No inventariada,13.6,4,4,9,2.0,0,0,1,1,0,0,1,1,2,0,0,0,0,0,0,0,0,0,0,0,0,0,0,0,0,0,0,0,0,0,0,0,2.0,1,1,1,0.0,998,998,Baja,0,Tarde,Baja,Tarde,Bajo Riesgo
98846,2024,7,1,16,50,50297,3,2,No inventariada,13.6,4,4,9,10.0,0,0,1,1,0,0,1,1,1,0,0,0,0,0,0,0,0,0,0,0,0,0,0,0,0,0,0,0,0,0,0,0,2.0,1,1,1,0.0,998,998,Baja,0,Tarde,Baja,Tarde,Bajo Riesgo
98847,2024,7,1,14,50,50297,3,2,No inventariada,13.6,4,4,9,2.0,0,0,1,1,0,0,1,1,2,0,0,0,0,0,0,0,0,0,0,0,0,0,0,0,0,0,0,0,0,0,0,0,1.0,1,1,1,0.0,998,998,Baja,0,Tarde,Baja,Tarde,Bajo Riesgo
98848,2024,6,2,18,50,50297,3,2,No inventariada,13.6,4,4,9,10.0,0,0,1,1,0,0,1,1,1,0,0,0,0,0,0,0,0,0,0,0,0,0,0,0,0,0,0,0,0,0,0,0,2.0,1,1,1,0.0,998,998,Baja,0,Tarde,Baja,Noche,Bajo Riesgo
98849,2024,7,1,14,50,50297,3,2,No inventariada,13.6,4,4,9,4.0,0,0,1,1,0,0,1,1,2,0,0,0,0,0,0,0,0,0,0,0,0,0,0,0,0,0,0,0,0,0,0,0,2.0,1,1,1,0.0,998,998,Baja,0,Tarde,Baja,Tarde,Bajo Riesgo
98850,2024,7,1,15,50,50297,3,2,No inventariada,13.6,4,4,9,4.0,0,0,3,3,0,0,3,3,2,0,0,0,0,0,0,0,0,0,0,0,0,0,0,0,0,0,0,0,0,0,0,0,1.0,1,1,1,0.0,998,998,Baja,0,Tarde,Media,Tarde,Bajo Riesgo
98851,2024,7,2,15,50,50297,3,2,No inventariada,13.6,4,4,9,10.0,0,0,1,1,0,0,1,1,2,0,0,0,0,0,0,0,0,0,0,0,0,0,0,0,0,0,0,0,0,0,0,0,2.0,1,1,1,0.0,998,998,Baja,0,Tarde,Baja,Tarde,Bajo Riesgo
98852,2024,7,2,19,50,50297,3,2,No inventariada,13.6,4,4,9,3.0,0,0,1,1,0,0,1,1,3,0,0,0,0,0,0,0,0,0,0,0,0,0,0,0,0,0,0,0,0,0,0,0,1.0,1,1,1,0.0,998,998,Baja,0,Noche,Baja,Noche,Bajo Riesgo
98853,2024,7,3,15,50,50297,3,2,No inventariada,13.6,4,4,9,2.0,0,0,1,1,0,0,1,1,2,0,0,0,0,0,0,0,0,0,0,0,0,0,0,0,0,0,0,0,0,0,0,0,2.0,1,1,1,0.0,998,998,Baja,0,Tarde,Baja,Tarde,Bajo Riesgo
98854,2024,7,3,23,50,50297,3,2,No inventariada,13.6,4,4,9,7.0,0,0,1,1,0,0,1,1,1,0,0,0,0,0,0,0,0,0,0,0,0,0,0,0,0,0,0,0,0,0,0,0,1.0,1,4,1,0.0,4,998,Baja,0,Noche,Baja,Noche,Bajo Riesgo
98855,2024,7,4,13,50,50297,1,1,A-2,316.7,2,1,3,20.0,0,0,1,1,0,0,1,1,2,0,0,0,0,0,0,0,0,0,0,0,0,0,0,0,0,0,0,0,0,0,0,0,2.0,1,1,1,0.0,998,1,Muy Alta,0,Tarde,Baja,Tarde,Bajo Riesgo
98856,2024,7,3,19,50,50297,3,2,No inventariada,13.6,4,4,9,10.0,0,0,1,1,0,0,1,1,1,0,0,0,0,0,0,0,0,0,0,0,0,0,0,0,0,0,0,0,0,0,0,0,1.0,7,1,1,1.0,998,998,Baja,1,Noche,Baja,Noche,Bajo Riesgo
98857,2024,7,4,13,50,50297,3,2,No inventariada,13.6,4,4,9,4.0,0,0,1,1,0,0,1,1,2,0,0,0,0,0,0,0,0,0,0,0,0,0,0,0,0,0,0,0,0,0,0,0,1.0,1,1,1,0.0,998,998,Baja,0,Tarde,Baja,Tarde,Bajo Riesgo
98858,2024,7,4,13,50,50297,3,2,No inventariada,13.6,4,4,9,20.0,0,0,1,1,0,0,1,1,1,0,0,0,0,0,0,0,0,0,0,0,0,0,0,0,0,0,0,0,0,0,0,0,1.0,1,1,1,0.0,998,998,Baja,0,Tarde,Baja,Tarde,Bajo Riesgo
98859,2024,7,5,14,50,50297,3,2,No inventariada,13.6,4,4,9,5.0,0,0,2,2,0,0,2,2,4,0,0,0,0,0,0,0,0,0,0,0,0,0,0,0,0,0,0,0,0,0,0,0,2.0,1,1,1,0.0,998,998,Baja,0,Tarde,Baja,Tarde,Bajo Riesgo
98860,2024,7,5,19,50,50297,3,2,No inventariada,13.6,4,4,9,2.0,0,0,2,2,0,0,2,2,2,0,0,0,0,0,0,0,0,0,0,0,0,0,0,0,0,0,0,0,0,0,0,0,2.0,1,1,1,0.0,998,998,Baja,0,Noche,Baja,Noche,Bajo Riesgo
98861,2024,7,5,14,50,50297,3,2,No inventariada,13.6,4,4,9,3.0,0,0,1,1,0,0,1,1,2,0,0,0,0,0,0,0,0,0,0,0,0,0,0,0,0,0,0,0,0,0,0,0,1.0,1,1,1,0.0,998,998,Baja,0,Tarde,Baja,Tarde,Bajo Riesgo
98862,2024,7,6,11,50,50297,3,2,No inventariada,13.6,4,4,9,3.0,0,0,1,1,0,0,1,1,2,0,0,0,0,0,0,0,0,0,0,0,0,0,0,0,0,0,0,0,0,0,0,0,1.0,1,1,1,0.0,998,998,Baja,0,Mañana,Baja,Mañana,Bajo Riesgo
98863,2024,7,7,12,50,50297,3,2,No inventariada,13.6,4,4,9,4.0,0,0,1,1,0,0,1,1,2,0,0,0,0,0,0,0,0,0,0,0,0,0,0,0,0,0,0,0,0,0,0,0,1.0,1,1,1,0.0,998,998,Baja,0,Mañana,Baja,Tarde,Bajo Riesgo
98864,2024,7,7,7,50,50297,3,2,No inventariada,13.6,4,4,9,19.0,0,1,0,1,0,1,0,1,1,0,0,0,0,0,0,0,0,0,0,0,0,0,0,0,0,0,0,0,0,0,0,0,1.0,1,2,1,0.0,998,998,Baja,0,Mañana,Baja,Mañana,Bajo Riesgo
98865,2024,7,1,7,50,50297,1,1,A-2,325.985,2,1,3,12.0,0,0,1,1,0,0,1,1,1,0,0,0,0,0,0,0,0,0,0,0,0,0,0,0,0,0,0,0,0,0,0,0,2.0,1,1,1,0.0,998,2,Muy Alta,0,Mañana,Baja,Mañana,Bajo Riesgo
98866,2024,7,1,9,50,50297,3,2,No inventariada,13.6,4,4,9,7.0,0,1,0,1,0,1,0,1,1,0,0,0,0,0,0,0,0,0,0,0,0,0,0,0,0,0,0,0,0,0,0,0,1.0,1,1,1,0.0,3,998,Baja,0,Mañana,Baja,Mañana,Bajo Riesgo
98867,2024,7,1,14,50,50297,3,2,No inventariada,13.6,4,4,9,10.0,0,0,1,1,0,0,1,1,1,0,0,0,0,0,0,0,0,0,0,0,0,0,0,0,0,0,0,0,0,0,0,0,2.0,1,1,1,0.0,998,998,Baja,0,Tarde,Baja,Tarde,Bajo Riesgo
98868,2024,7,6,4,50,50297,3,2,No inventariada,13.6,4,4,9,10.0,0,0,1,1,0,0,1,1,1,0,0,0,0,0,0,0,0,0,0,0,0,0,0,0,0,0,0,0,0,0,0,0,2.0,1,4,1,0.0,998,998,Baja,0,Madrugada,Baja,Madrugada,Bajo Riesgo
98869,2024,7,2,1,50,50297,3,2,No inventariada,13.6,4,4,9,2.0,0,0,1,1,0,0,1,1,2,0,0,0,0,0,0,0,0,0,0,0,0,0,0,0,0,0,0,0,0,0,0,0,1.0,1,5,1,0.0,998,998,Baja,0,Madrugada,Baja,Madrugada,Bajo Riesgo
98870,2024,6,3,9,50,50297,3,2,No inventariada,13.6,4,4,9,7.0,0,0,1,1,0,0,1,1,1,0,0,0,0,0,0,0,0,0,0,0,0,0,0,0,0,0,0,0,0,0,0,0,1.0,9,1,7,0.0,3,998,Baja,0,Mañana,Baja,Mañana,Bajo Riesgo
98871,2024,7,2,9,50,50297,3,2,No inventariada,13.6,4,4,9,12.0,0,1,0,1,0,1,0,1,2,0,0,0,0,0,0,0,0,0,0,0,0,0,0,0,0,0,0,0,0,0,0,0,1.0,1,1,1,0.0,998,998,Baja,0,Mañana,Baja,Mañana,Bajo Riesgo
98872,2024,7,2,10,50,50297,3,2,No inventariada,13.6,4,4,9,2.0,0,0,1,1,0,0,1,1,2,0,0,0,0,0,0,0,0,0,0,0,0,0,0,0,0,0,0,0,0,0,0,0,1.0,1,1,1,0.0,998,998,Baja,0,Mañana,Baja,Mañana,Bajo Riesgo
98873,2024,7,2,6,50,50297,3,2,No inventariada,13.6,4,4,9,3.0,0,1,0,1,0,1,0,1,2,0,0,0,0,0,0,0,0,0,0,0,0,0,0,0,0,0,0,0,0,0,0,0,2.0,1,1,1,0.0,998,998,Baja,0,Madrugada,Baja,Mañana,Bajo Riesgo
98874,2024,7,2,13,50,50297,1,1,N-232,248.199,2,1,5,3.0,0,0,2,2,0,0,2,2,2,0,0,0,0,0,0,0,0,0,0,0,0,0,0,0,0,0,0,0,0,0,0,0,1.0,1,1,1,0.0,998,1,Muy Alta,0,Tarde,Baja,Tarde,Bajo Riesgo
98875,2024,7,2,18,50,50297,3,2,No inventariada,13.6,4,4,9,7.0,0,0,2,2,0,0,2,2,1,0,0,0,0,0,0,0,0,0,0,0,0,0,0,0,0,0,0,0,0,0,0,0,1.0,1,1,1,0.0,4,998,Baja,0,Tarde,Baja,Noche,Bajo Riesgo
98876,2024,7,3,8,50,50297,3,2,No inventariada,13.6,4,4,9,10.0,0,0,1,1,0,0,1,1,1,0,0,0,0,0,0,0,0,0,0,0,0,0,0,0,0,0,0,0,0,0,0,0,2.0,7,1,1,0.0,998,998,Baja,0,Mañana,Baja,Mañana,Bajo Riesgo
98877,2024,7,3,13,50,50297,1,1,Z-40,23.503,2,1,8,4.0,0,0,4,4,0,0,4,4,2,0,0,0,0,0,0,0,0,0,0,0,0,0,0,0,0,0,0,0,0,0,0,0,1.0,1,1,1,0.0,998,1,Baja,0,Tarde,Media,Tarde,Bajo Riesgo
98878,2024,7,3,17,50,50297,1,1,A-2,323.0,2,1,3,16.0,0,0,1,1,0,0,1,1,1,0,0,0,0,0,0,0,0,0,0,0,0,0,0,0,0,0,0,0,0,0,0,0,2.0,1,1,1,0.0,998,1,Muy Alta,0,Tarde,Baja,Tarde,Bajo Riesgo
98879,2024,7,3,20,50,50297,3,2,No inventariada,13.6,4,4,9,3.0,0,0,1,1,0,0,1,1,2,0,0,0,0,0,0,0,0,0,0,0,0,0,0,0,0,0,0,0,0,0,0,0,1.0,1,1,1,0.0,998,998,Baja,0,Noche,Baja,Noche,Bajo Riesgo
98880,2024,7,3,18,50,50297,3,2,No inventariada,13.6,4,4,9,20.0,0,0,1,1,0,0,1,1,2,0,0,0,0,0,0,0,0,0,0,0,0,0,0,0,0,0,0,0,0,0,0,0,1.0,1,1,1,0.0,998,998,Baja,0,Tarde,Baja,Noche,Bajo Riesgo
98881,2024,8,5,13,50,50297,3,2,No inventariada,13.6,4,4,9,7.0,0,1,1,2,0,1,1,2,1,0,0,0,0,0,0,0,0,0,0,0,0,0,0,0,0,0,0,0,0,0,0,0,1.0,1,1,1,0.0,4,998,Baja,0,Tarde,Baja,Tarde,Bajo Riesgo
98882,2024,8,7,6,50,50297,3,2,No inventariada,13.6,4,4,9,19.0,0,1,0,1,0,1,0,1,1,0,0,0,0,0,0,0,0,0,0,0,0,0,0,0,0,0,0,0,0,0,0,0,2.0,1,1,1,0.0,998,998,Baja,0,Madrugada,Baja,Mañana,Bajo Riesgo
98883,2024,8,1,15,50,50297,1,1,Z-40,21.0,3,1,8,3.0,0,0,1,1,0,0,1,1,2,0,0,0,0,0,0,0,0,0,0,0,0,0,0,0,0,0,0,0,0,0,0,0,1.0,1,1,1,0.0,998,2,Baja,0,Tarde,Baja,Tarde,Bajo Riesgo
98884,2024,8,1,8,50,50297,3,2,No inventariada,13.6,4,4,9,4.0,0,0,2,2,0,0,2,2,2,0,0,0,0,0,0,0,0,0,0,0,0,0,0,0,0,0,0,0,0,0,0,0,2.0,1,1,1,0.0,998,998,Baja,0,Mañana,Baja,Mañana,Bajo Riesgo
98885,2024,7,7,12,50,50297,3,2,No inventariada,13.6,4,4,9,2.0,0,0,1,1,0,0,1,1,2,0,0,0,0,0,0,0,0,0,0,0,0,0,0,0,0,0,0,0,0,0,0,0,1.0,1,1,1,0.0,998,998,Baja,0,Mañana,Baja,Tarde,Bajo Riesgo
98886,2024,7,4,13,50,50297,3,2,No inventariada,13.6,4,4,9,20.0,0,0,1,1,0,0,1,1,1,0,0,0,0,0,0,0,0,0,0,0,0,0,0,0,0,0,0,0,0,0,0,0,2.0,1,1,1,0.0,998,998,Baja,0,Tarde,Baja,Tarde,Bajo Riesgo
98887,2024,8,4,7,50,50297,3,2,No inventariada,13.6,4,4,9,10.0,0,0,3,3,0,0,3,3,7,0,0,0,0,0,0,0,0,0,0,0,0,0,0,0,0,0,0,0,0,0,0,0,2.0,7,2,1,0.0,998,998,Baja,0,Mañana,Media,Mañana,Bajo Riesgo
98888,2024,8,4,15,50,50297,3,2,No inventariada,13.6,4,4,9,4.0,0,0,1,1,0,0,1,1,2,0,0,0,0,0,0,0,0,0,0,0,0,0,0,0,0,0,0,0,0,0,0,0,1.0,1,1,1,0.0,998,998,Baja,0,Tarde,Baja,Tarde,Bajo Riesgo
98889,2024,8,4,15,50,50297,3,2,No inventariada,13.6,4,4,9,4.0,0,0,1,1,0,0,1,1,2,0,0,0,0,0,0,0,0,0,0,0,0,0,0,0,0,0,0,0,0,0,0,0,2.0,1,1,1,0.0,998,998,Baja,0,Tarde,Baja,Tarde,Bajo Riesgo
98890,2024,8,4,12,50,50297,3,2,No inventariada,13.6,4,4,9,7.0,0,0,1,1,0,0,1,1,1,0,0,0,0,0,0,0,0,0,0,0,0,0,0,0,0,0,0,0,0,0,0,0,2.0,1,1,1,0.0,3,998,Baja,0,Mañana,Baja,Tarde,Bajo Riesgo
98891,2024,7,2,11,50,50297,3,2,No inventariada,13.6,4,4,9,9.0,0,0,1,1,0,0,1,1,1,0,0,0,0,0,0,0,0,0,0,0,0,0,0,0,0,0,0,0,0,0,0,0,2.0,1,1,7,0.0,998,998,Baja,0,Mañana,Baja,Mañana,Bajo Riesgo
98892,2024,8,6,14,50,50297,3,2,No inventariada,13.6,4,4,9,5.0,0,0,1,1,0,0,1,1,3,0,0,0,0,0,0,0,0,0,0,0,0,0,0,0,0,0,0,0,0,0,0,0,2.0,1,1,1,0.0,4,998,Baja,0,Tarde,Baja,Tarde,Bajo Riesgo
98893,2024,8,6,17,50,50297,3,2,No inventariada,13.6,4,4,9,4.0,0,0,3,3,0,0,3,3,2,0,0,0,0,0,0,0,0,0,0,0,0,0,0,0,0,0,0,0,0,0,0,0,1.0,1,1,1,0.0,998,998,Baja,0,Tarde,Media,Tarde,Bajo Riesgo
98894,2024,8,6,12,50,50297,3,2,No inventariada,13.6,4,4,9,1.0,0,0,2,2,0,0,2,2,2,0,0,0,0,0,0,0,0,0,0,0,0,0,0,0,0,0,0,0,0,0,0,0,2.0,1,1,1,0.0,998,998,Baja,0,Mañana,Baja,Tarde,Bajo Riesgo
98895,2024,8,6,13,50,50297,3,2,No inventariada,13.6,4,4,11,7.0,0,0,1,1,0,0,1,1,1,0,0,0,0,0,0,0,0,0,0,0,0,0,0,0,0,0,0,0,0,0,0,0,2.0,1,4,1,0.0,1,998,Baja,0,Tarde,Baja,Tarde,Bajo Riesgo
98896,2024,8,7,22,50,50297,3,2,No inventariada,13.6,4,4,9,7.0,0,0,1,1,0,0,1,1,1,0,0,0,0,0,0,0,0,0,0,0,0,0,0,0,0,0,0,0,0,0,0,0,2.0,1,4,1,0.0,4,998,Baja,0,Noche,Baja,Noche,Bajo Riesgo
98897,2024,7,5,19,50,50297,3,2,No inventariada,13.6,4,4,9,10.0,0,0,1,1,0,0,1,1,1,0,0,0,0,0,0,0,0,0,0,0,0,0,0,0,0,0,0,0,0,0,0,0,2.0,9,1,1,0.0,998,998,Baja,0,Noche,Baja,Noche,Bajo Riesgo
98898,2024,7,7,13,50,50297,3,2,No inventariada,13.6,4,4,9,6.0,0,0,1,1,0,0,1,1,1,0,0,0,0,0,0,0,0,0,0,0,0,0,0,0,0,0,0,0,0,0,0,0,2.0,1,1,1,0.0,998,998,Baja,0,Tarde,Baja,Tarde,Bajo Riesgo
98899,2024,8,6,22,50,50297,3,2,No inventariada,13.6,4,4,9,3.0,0,0,1,1,0,0,1,1,2,0,0,0,0,0,0,0,0,0,0,0,0,0,0,0,0,0,0,0,0,0,0,0,2.0,1,1,1,0.0,998,998,Baja,0,Noche,Baja,Noche,Bajo Riesgo
98900,2024,8,2,15,50,50297,3,2,No inventariada,13.6,4,4,9,7.0,0,0,1,1,0,0,1,1,1,0,0,0,0,0,0,0,0,0,0,0,0,0,0,0,0,0,0,0,0,0,0,0,2.0,1,1,1,0.0,1,998,Baja,0,Tarde,Baja,Tarde,Bajo Riesgo
98901,2024,8,1,21,50,50297,3,2,No inventariada,13.6,4,4,9,4.0,0,0,1,1,0,0,1,1,2,0,0,0,0,0,0,0,0,0,0,0,0,0,0,0,0,0,0,0,0,0,0,0,1.0,3,4,3,0.0,998,998,Baja,0,Noche,Baja,Noche,Bajo Riesgo
98902,2024,8,2,14,50,50297,3,2,No inventariada,13.6,4,4,9,3.0,0,0,1,1,0,0,1,1,2,0,0,0,0,0,0,0,0,0,0,0,0,0,0,0,0,0,0,0,0,0,0,0,2.0,1,1,1,0.0,998,998,Baja,0,Tarde,Baja,Tarde,Bajo Riesgo
98903,2024,7,3,9,50,50297,3,2,No inventariada,13.6,4,4,9,10.0,0,0,1,1,0,0,1,1,1,0,0,0,0,0,0,0,0,0,0,0,0,0,0,0,0,0,0,0,0,0,0,0,1.0,1,1,1,0.0,998,998,Baja,0,Mañana,Baja,Mañana,Bajo Riesgo
98904,2024,8,3,9,50,50297,3,2,No inventariada,13.6,4,4,9,2.0,0,1,0,1,0,1,0,1,2,0,0,0,0,0,0,0,0,0,0,0,0,0,0,0,0,0,0,0,0,0,0,0,2.0,1,1,2,0.0,998,998,Baja,0,Mañana,Baja,Mañana,Bajo Riesgo
98905,2024,8,3,10,50,50297,3,2,No inventariada,13.6,4,4,9,7.0,0,0,1,1,0,0,1,1,1,0,0,0,0,0,0,0,0,0,0,0,0,0,0,0,0,0,0,0,0,0,0,0,2.0,1,1,2,0.0,1,998,Baja,0,Mañana,Baja,Mañana,Bajo Riesgo
98906,2024,8,4,7,50,50297,3,2,No inventariada,13.6,4,4,9,10.0,0,0,1,1,0,0,1,1,2,0,0,0,0,0,0,0,0,0,0,0,0,0,0,0,0,0,0,0,0,0,0,0,1.0,1,1,1,0.0,998,998,Baja,0,Mañana,Baja,Mañana,Bajo Riesgo
98907,2024,8,4,13,50,50297,3,2,No inventariada,13.6,4,4,9,2.0,0,0,1,1,0,0,1,1,2,0,0,0,0,0,0,0,0,0,0,0,0,0,0,0,0,0,0,0,0,0,0,0,2.0,1,1,1,0.0,998,998,Baja,0,Tarde,Baja,Tarde,Bajo Riesgo
98908,2024,8,6,6,50,50297,3,2,No inventariada,13.6,4,4,9,20.0,0,0,1,1,0,0,1,1,1,0,0,0,0,0,0,0,0,0,0,0,0,0,0,0,0,0,0,0,0,0,0,0,2.0,1,1,1,0.0,3,998,Baja,0,Madrugada,Baja,Mañana,Bajo Riesgo
98909,2024,8,6,20,50,50297,1,1,A-120,3.133,1,2,5,2.0,0,0,2,2,0,0,2,2,2,0,0,0,0,0,0,0,0,0,0,0,0,0,0,0,0,0,0,0,0,0,0,0,1.0,1,2,1,0.0,998,2,Baja,0,Noche,Baja,Noche,Bajo Riesgo
98910,2024,8,6,19,50,50297,3,2,No inventariada,13.6,4,4,9,7.0,0,0,1,1,0,0,1,1,1,0,0,0,0,0,0,0,0,0,0,0,0,0,0,0,0,0,0,0,0,0,0,0,1.0,1,1,1,0.0,4,998,Baja,0,Noche,Baja,Noche,Bajo Riesgo
98911,2024,8,4,10,50,50297,3,2,No inventariada,13.6,4,4,9,2.0,0,0,1,1,0,0,1,1,2,0,0,0,0,0,0,0,0,0,0,0,0,0,0,0,0,0,0,0,0,0,0,0,1.0,1,1,1,0.0,998,998,Baja,0,Mañana,Baja,Mañana,Bajo Riesgo
98912,2024,8,2,6,50,50297,3,2,No inventariada,13.6,4,4,9,2.0,0,0,1,1,0,0,1,1,2,0,0,0,0,0,0,0,0,0,0,0,0,0,0,0,0,0,0,0,0,0,0,0,2.0,1,1,1,0.0,998,998,Baja,0,Madrugada,Baja,Mañana,Bajo Riesgo
98913,2024,8,2,14,50,50297,1,1,A-68,258.799,1,1,5,4.0,0,0,1,1,0,0,1,1,2,0,0,0,0,0,0,0,0,0,0,0,0,0,0,0,0,0,0,0,0,0,0,0,2.0,1,1,1,0.0,998,1,Muy Alta,0,Tarde,Baja,Tarde,Bajo Riesgo
98914,2024,8,1,18,50,50297,3,2,No inventariada,13.6,4,4,9,7.0,0,0,1,1,0,0,1,1,1,0,0,0,0,0,0,0,0,0,0,0,0,0,0,0,0,0,0,0,0,0,0,0,2.0,1,1,1,0.0,4,998,Baja,0,Tarde,Baja,Noche,Bajo Riesgo
98915,2024,8,2,13,50,50297,3,2,No inventariada,13.6,4,4,9,2.0,0,0,1,1,0,0,1,1,2,0,0,0,0,0,0,0,0,0,0,0,0,0,0,0,0,0,0,0,0,0,0,0,1.0,1,1,1,0.0,998,998,Baja,0,Tarde,Baja,Tarde,Bajo Riesgo
98916,2024,8,3,9,50,50297,3,2,No inventariada,13.6,4,4,9,2.0,0,0,1,1,0,0,1,1,2,0,0,0,0,0,0,0,0,0,0,0,0,0,0,0,0,0,0,0,0,0,0,0,1.0,1,1,1,0.0,998,998,Baja,0,Mañana,Baja,Mañana,Bajo Riesgo
98917,2024,8,3,13,50,50297,3,2,No inventariada,13.6,4,4,9,4.0,0,0,1,1,0,0,1,1,2,0,0,0,0,0,0,0,0,0,0,0,0,0,0,0,0,0,0,0,0,0,0,0,2.0,1,1,1,0.0,998,998,Baja,0,Tarde,Baja,Tarde,Bajo Riesgo
98918,2024,8,4,10,50,50297,3,2,No inventariada,13.6,4,4,9,4.0,0,0,1,1,0,0,1,1,2,0,0,0,0,0,0,0,0,0,0,0,0,0,0,0,0,0,0,0,0,0,0,0,2.0,1,1,1,0.0,998,998,Baja,0,Mañana,Baja,Mañana,Bajo Riesgo
98919,2024,8,4,18,50,50297,3,2,No inventariada,13.6,4,4,9,16.0,0,0,1,1,0,0,1,1,5,0,0,0,0,0,0,0,0,0,0,0,0,0,0,0,0,0,0,0,0,0,0,0,2.0,1,1,1,0.0,998,998,Baja,0,Tarde,Baja,Noche,Bajo Riesgo
98920,2024,8,5,19,50,50297,3,2,No inventariada,13.6,4,4,9,4.0,0,0,2,2,0,0,2,2,2,0,0,0,0,0,0,0,0,0,0,0,0,0,0,0,0,0,0,0,0,0,0,0,2.0,1,2,1,0.0,998,998,Baja,0,Noche,Baja,Noche,Bajo Riesgo
98921,2024,8,5,4,50,50297,3,2,No inventariada,13.6,4,4,9,10.0,0,1,0,1,0,1,0,1,1,0,0,0,0,0,0,0,0,0,0,0,0,0,0,0,0,0,0,0,0,0,0,0,2.0,1,4,1,0.0,998,998,Baja,0,Madrugada,Baja,Madrugada,Bajo Riesgo
98922,2024,8,7,9,50,50297,1,1,A-2,311.839,1,1,3,3.0,0,0,2,2,0,0,2,2,2,0,0,0,0,0,0,0,0,0,0,0,0,0,0,0,0,0,0,0,0,0,0,0,1.0,1,1,2,0.0,998,3,Muy Alta,0,Mañana,Baja,Mañana,Bajo Riesgo
98923,2024,8,7,17,50,50297,3,2,No inventariada,13.6,4,4,9,2.0,0,0,1,1,0,0,1,1,1,0,0,0,0,0,0,0,0,0,0,0,0,0,0,0,0,0,0,0,0,0,0,0,2.0,1,1,1,0.0,4,998,Baja,0,Tarde,Baja,Tarde,Bajo Riesgo
98924,2024,8,1,16,50,50297,1,1,A-68,246.5,1,1,3,3.0,0,0,1,1,0,0,1,1,3,0,0,0,0,0,0,0,0,0,0,0,0,0,0,0,0,0,0,0,0,0,0,0,2.0,1,1,1,0.0,998,1,Muy Alta,0,Tarde,Baja,Tarde,Bajo Riesgo